summary_message_id,channels,date,window_start,window_end,header,condition,location_text,village_id,village_name,modifier,count,classification,sub_reason,detail,matched_incident_ids,matched_raw_message_ids,minutes_between_news_and_summary
28444,alichoeib1970,2026-08-19,2026-08-19 00:00:00+03:00,2026-08-20 00:09:54+03:00,الغارات الحربيه,قصف وغارات,علي الطاهر,87,علي الطاهر,none,1,NOT_IN_INCIDENTS,NEWS_FAILED,error,,28824;31702,
28444,alichoeib1970,2026-08-19,2026-08-19 00:00:00+03:00,2026-08-20 00:09:54+03:00,الغارات الحربيه,قصف وغارات,دوحه كفررمان,851,كفر رمان,none,1,NOT_IN_INCIDENTS,NEWS_FAILED,error,,31702,
28444,alichoeib1970,2026-08-19,2026-08-19 00:00:00+03:00,2026-08-20 00:09:54+03:00,الغارات الحربيه,قصف وغارات,بين القنطره ودير سريان,1228,قنطرة,between,1,DUPLICATE_OF_NEWS,,,99daed7f-fdd8-40ed-b9a3-ec135c151326,,1390
28444,alichoeib1970,2026-08-19,2026-08-19 00:00:00+03:00,2026-08-20 00:09:54+03:00,الغارات الحربيه,قصف وغارات,مشاع المنصوري,976,المنصوري,none,1,DUPLICATE_OF_NEWS,,,eb36a391-e5f1-4f78-8e80-43b888e1c2cf,,230
28444,alichoeib1970,2026-08-19,2026-08-19 00:00:00+03:00,2026-08-20 00:09:54+03:00,القصف المدفعي,قصف مدفعي,علي الطاهر,87,علي الطاهر,none,1,NOT_IN_INCIDENTS,NEWS_FAILED,error,,28824;31702,
28444,alichoeib1970,2026-08-19,2026-08-19 00:00:00+03:00,2026-08-20 00:09:54+03:00,القصف المدفعي,قصف مدفعي,دوحه كفررمان,851,كفر رمان,none,1,NOT_IN_INCIDENTS,NEWS_FAILED,error,,31702,
28444,alichoeib1970,2026-08-19,2026-08-19 00:00:00+03:00,2026-08-20 00:09:54+03:00,القصف المدفعي,قصف مدفعي,حداثا,601,حداثا,none,1,NOT_IN_INCIDENTS,NEWS_FAILED,error,,29794;30026;32466;31694;31696,
28444,alichoeib1970,2026-08-19,2026-08-19 00:00:00+03:00,2026-08-20 00:09:54+03:00,القصف المدفعي,قصف مدفعي,ميس الجبل,1079,ميس الجبل,none,1,DUPLICATE_OF_NEWS,,,ca9844d8-6663-4313-a64b-a20acaa54a2c,,433
28444,alichoeib1970,2026-08-19,2026-08-19 00:00:00+03:00,2026-08-20 00:09:54+03:00,القصف المدفعي,قصف مدفعي,المنصوري | مشاع المنصوري,976,المنصوري,none,1,DUPLICATE_OF_NEWS,,,aa5d617a-9a95-4f6b-881b-afe27483f1d2;80796c68-c1a2-43a0-9ad0-46337ac87ec1,,330
28444,alichoeib1970,2026-08-19,2026-08-19 00:00:00+03:00,2026-08-20 00:09:54+03:00,القصف المدفعي,قصف مدفعي,اطراف شقرا,409,شقرا,none,1,NOT_IN_INCIDENTS,NEWS_FAILED,error,,32466,
28444,alichoeib1970,2026-08-19,2026-08-19 00:00:00+03:00,2026-08-20 00:09:54+03:00,القصف المدفعي,قصف مدفعي,اطراف ميفدون,1003,ميفدون,none,1,DUPLICATE_OF_NEWS,,,0b2067c7-0bcb-4a23-9af3-8cc348ef2f8e,,219
28444,alichoeib1970,2026-08-19,2026-08-19 00:00:00+03:00,2026-08-20 00:09:54+03:00,القصف المدفعي,قصف مدفعي,اطراف برعشيت,207,برعشيت,none,1,DUPLICATE_OF_NEWS,,,ed81a90b-cd2c-4d4f-be9d-f75d15c3ed6b,,135
28444,alichoeib1970,2026-08-19,2026-08-19 00:00:00+03:00,2026-08-20 00:09:54+03:00,القصف المدفعي,قصف مدفعي,اطراف بيت ياحون,273,بيت ياحون,none,1,NOT_IN_INCIDENTS,NEWS_FAILED,error,,31694;31702,
28444,alichoeib1970,2026-08-19,2026-08-19 00:00:00+03:00,2026-08-20 00:09:54+03:00,التفجيرات,تلغيم وتفجير,حداثا,601,حداثا,none,1,NOT_IN_INCIDENTS,NEWS_FAILED,error,,29794;30026;32466;31694;31696,
28444,alichoeib1970,2026-08-19,2026-08-19 00:00:00+03:00,2026-08-20 00:09:54+03:00,التفجيرات,تلغيم وتفجير,برعشيت,207,برعشيت,none,1,SAME_VILLAGE_OTHER_ACTION,قصف مدفعي,,,,
28444,alichoeib1970,2026-08-19,2026-08-19 00:00:00+03:00,2026-08-20 00:09:54+03:00,التفجيرات,تلغيم وتفجير,بيوت السياد | مشاع المنصوري,976,المنصوري,none,1,SAME_VILLAGE_OTHER_ACTION,سقوط مسيّرة; عملية تمشيط; قذائف الدبابات; قصف مدفعي; قصف وغارات; قنابل صوتية; قنابل مضيئة وحارقة,,,,
28444,alichoeib1970,2026-08-19,2026-08-19 00:00:00+03:00,2026-08-20 00:09:54+03:00,التفجيرات,تلغيم وتفجير,كفرتبنيت,857,كفر تبنيت,none,1,DUPLICATE_OF_NEWS,,,bdc81726-ae5b-40be-87ec-0d62afe816a1,,526
28444,alichoeib1970,2026-08-19,2026-08-19 00:00:00+03:00,2026-08-20 00:09:54+03:00,التفجيرات,تلغيم وتفجير,حولا,701,حولا,none,1,SAME_VILLAGE_OTHER_ACTION,قصف مدفعي,,,,
28444,alichoeib1970,2026-08-19,2026-08-19 00:00:00+03:00,2026-08-20 00:09:54+03:00,التفجيرات,تلغيم وتفجير,طلوسه,1431,طلوسة,none,1,NOT_IN_INCIDENTS,NEWS_FAILED,error,,29839,
28444,alichoeib1970,2026-08-19,2026-08-19 00:00:00+03:00,2026-08-20 00:09:54+03:00,التفجيرات,تلغيم وتفجير,زوطر الشرقيه,1519,زوطر الشرقية,none,1,NOT_IN_INCIDENTS,NEWS_FAILED,error,,30216;30245;30258;32466;31509;31696;32443;32464;32481,
28444,alichoeib1970,2026-08-19,2026-08-19 00:00:00+03:00,2026-08-20 00:09:54+03:00,التفجيرات,تلغيم وتفجير,الخيام,901,الخيام,none,1,DUPLICATE_OF_NEWS,,,9b395e80-7ad4-4a94-8614-34db1362bf1a,,43
28444,alichoeib1970,2026-08-19,2026-08-19 00:00:00+03:00,2026-08-20 00:09:54+03:00,التمشيط بالاسلحه الرشاشه,عملية تمشيط,المنصوري,976,المنصوري,none,1,DUPLICATE_OF_NEWS,,,078ca553-745b-4191-bf80-3d00485c108d,,683
28444,alichoeib1970,2026-08-19,2026-08-19 00:00:00+03:00,2026-08-20 00:09:54+03:00,التمشيط بالاسلحه الرشاشه,عملية تمشيط,ميس الجبل,1079,ميس الجبل,none,1,SAME_VILLAGE_OTHER_ACTION,توغل بحري; قصف مدفعي,,,,
28444,alichoeib1970,2026-08-19,2026-08-19 00:00:00+03:00,2026-08-20 00:09:54+03:00,التمشيط بالاسلحه الرشاشه,عملية تمشيط,حداثا,601,حداثا,none,1,NOT_IN_INCIDENTS,NEWS_FAILED,error,,29794;30026;32466;31694;31696,
28444,alichoeib1970,2026-08-19,2026-08-19 00:00:00+03:00,2026-08-20 00:09:54+03:00,التمشيط بالاسلحه الرشاشه,عملية تمشيط,زوطر الشرقيه,1519,زوطر الشرقية,none,1,NOT_IN_INCIDENTS,NEWS_FAILED,error,,30216;30245;30258;32466;31509;31696;32443;32464;32481,
28444,alichoeib1970,2026-08-19,2026-08-19 00:00:00+03:00,2026-08-20 00:09:54+03:00,التمشيط بالاسلحه الرشاشه,عملية تمشيط,صربين,1412,صربين,none,1,SAME_VILLAGE_OTHER_ACTION,قصف مدفعي,,,,
28444,alichoeib1970,2026-08-19,2026-08-19 00:00:00+03:00,2026-08-20 00:09:54+03:00,inline prose,قنابل صوتية,محلقه معاديه القت قنابل صوتيه علي بلده المنصوري.,976,المنصوري,none,1,DUPLICATE_OF_NEWS,,,c9ba7215-32c9-4cf1-b6aa-24e9cebf6ee6,,594
28475,nabatiehchannel; sameralhajali,2026-08-19,2026-08-19 00:00:00+03:00,2026-08-20 00:10:43+03:00,الغارات الحربيه,قصف وغارات,علي الطاهر,87,علي الطاهر,none,1,NOT_IN_INCIDENTS,NEWS_FAILED,error,,28824;31702,
28475,nabatiehchannel; sameralhajali,2026-08-19,2026-08-19 00:00:00+03:00,2026-08-20 00:10:43+03:00,الغارات الحربيه,قصف وغارات,دوحه كفررمان,851,كفر رمان,none,1,NOT_IN_INCIDENTS,NEWS_FAILED,error,,31702,
28475,nabatiehchannel; sameralhajali,2026-08-19,2026-08-19 00:00:00+03:00,2026-08-20 00:10:43+03:00,الغارات الحربيه,قصف وغارات,بين القنطره ودير سريان,1228,قنطرة,between,1,DUPLICATE_OF_NEWS,,,99daed7f-fdd8-40ed-b9a3-ec135c151326,,1391
28475,nabatiehchannel; sameralhajali,2026-08-19,2026-08-19 00:00:00+03:00,2026-08-20 00:10:43+03:00,الغارات الحربيه,قصف وغارات,مشاع المنصوري,976,المنصوري,none,1,DUPLICATE_OF_NEWS,,,eb36a391-e5f1-4f78-8e80-43b888e1c2cf,,231
28475,nabatiehchannel; sameralhajali,2026-08-19,2026-08-19 00:00:00+03:00,2026-08-20 00:10:43+03:00,القصف المدفعي,قصف مدفعي,علي الطاهر,87,علي الطاهر,none,1,NOT_IN_INCIDENTS,NEWS_FAILED,error,,28824;31702,
28475,nabatiehchannel; sameralhajali,2026-08-19,2026-08-19 00:00:00+03:00,2026-08-20 00:10:43+03:00,القصف المدفعي,قصف مدفعي,دوحه كفررمان,851,كفر رمان,none,1,NOT_IN_INCIDENTS,NEWS_FAILED,error,,31702,
28475,nabatiehchannel; sameralhajali,2026-08-19,2026-08-19 00:00:00+03:00,2026-08-20 00:10:43+03:00,القصف المدفعي,قصف مدفعي,حداثا,601,حداثا,none,1,NOT_IN_INCIDENTS,NEWS_FAILED,error,,29794;30026;32466;31694;31696,
28475,nabatiehchannel; sameralhajali,2026-08-19,2026-08-19 00:00:00+03:00,2026-08-20 00:10:43+03:00,القصف المدفعي,قصف مدفعي,ميس الجبل,1079,ميس الجبل,none,1,DUPLICATE_OF_NEWS,,,ca9844d8-6663-4313-a64b-a20acaa54a2c,,433
28475,nabatiehchannel; sameralhajali,2026-08-19,2026-08-19 00:00:00+03:00,2026-08-20 00:10:43+03:00,القصف المدفعي,قصف مدفعي,المنصوري | مشاع المنصوري,976,المنصوري,none,1,DUPLICATE_OF_NEWS,,,aa5d617a-9a95-4f6b-881b-afe27483f1d2;80796c68-c1a2-43a0-9ad0-46337ac87ec1,,330
28475,nabatiehchannel; sameralhajali,2026-08-19,2026-08-19 00:00:00+03:00,2026-08-20 00:10:43+03:00,القصف المدفعي,قصف مدفعي,اطراف شقرا,409,شقرا,none,1,NOT_IN_INCIDENTS,NEWS_FAILED,error,,32466,
28475,nabatiehchannel; sameralhajali,2026-08-19,2026-08-19 00:00:00+03:00,2026-08-20 00:10:43+03:00,القصف المدفعي,قصف مدفعي,اطراف ميفدون,1003,ميفدون,none,1,DUPLICATE_OF_NEWS,,,0b2067c7-0bcb-4a23-9af3-8cc348ef2f8e,,220
28475,nabatiehchannel; sameralhajali,2026-08-19,2026-08-19 00:00:00+03:00,2026-08-20 00:10:43+03:00,القصف المدفعي,قصف مدفعي,اطراف برعشيت,207,برعشيت,none,1,DUPLICATE_OF_NEWS,,,ed81a90b-cd2c-4d4f-be9d-f75d15c3ed6b,,136
28475,nabatiehchannel; sameralhajali,2026-08-19,2026-08-19 00:00:00+03:00,2026-08-20 00:10:43+03:00,القصف المدفعي,قصف مدفعي,اطراف بيت ياحون,273,بيت ياحون,none,1,NOT_IN_INCIDENTS,NEWS_FAILED,error,,31694;31702,
28475,nabatiehchannel; sameralhajali,2026-08-19,2026-08-19 00:00:00+03:00,2026-08-20 00:10:43+03:00,التفجيرات,تلغيم وتفجير,حداثا,601,حداثا,none,1,NOT_IN_INCIDENTS,NEWS_FAILED,error,,29794;30026;32466;31694;31696,
28475,nabatiehchannel; sameralhajali,2026-08-19,2026-08-19 00:00:00+03:00,2026-08-20 00:10:43+03:00,التفجيرات,تلغيم وتفجير,برعشيت,207,برعشيت,none,1,SAME_VILLAGE_OTHER_ACTION,قصف مدفعي,,,,
28475,nabatiehchannel; sameralhajali,2026-08-19,2026-08-19 00:00:00+03:00,2026-08-20 00:10:43+03:00,التفجيرات,تلغيم وتفجير,بيوت السياد | مشاع المنصوري,976,المنصوري,none,1,SAME_VILLAGE_OTHER_ACTION,سقوط مسيّرة; عملية تمشيط; قذائف الدبابات; قصف مدفعي; قصف وغارات; قنابل صوتية; قنابل مضيئة وحارقة,,,,
28475,nabatiehchannel; sameralhajali,2026-08-19,2026-08-19 00:00:00+03:00,2026-08-20 00:10:43+03:00,التفجيرات,تلغيم وتفجير,كفرتبنيت,857,كفر تبنيت,none,1,DUPLICATE_OF_NEWS,,,bdc81726-ae5b-40be-87ec-0d62afe816a1,,526
28475,nabatiehchannel; sameralhajali,2026-08-19,2026-08-19 00:00:00+03:00,2026-08-20 00:10:43+03:00,التفجيرات,تلغيم وتفجير,حولا,701,حولا,none,1,SAME_VILLAGE_OTHER_ACTION,قصف مدفعي,,,,
28475,nabatiehchannel; sameralhajali,2026-08-19,2026-08-19 00:00:00+03:00,2026-08-20 00:10:43+03:00,التفجيرات,تلغيم وتفجير,طلوسه,1431,طلوسة,none,1,NOT_IN_INCIDENTS,NEWS_FAILED,error,,29839,
28475,nabatiehchannel; sameralhajali,2026-08-19,2026-08-19 00:00:00+03:00,2026-08-20 00:10:43+03:00,التفجيرات,تلغيم وتفجير,زوطر الشرقيه,1519,زوطر الشرقية,none,1,NOT_IN_INCIDENTS,NEWS_FAILED,error,,30216;30245;30258;32466;31509;31696;32443;32464;32481,
28475,nabatiehchannel; sameralhajali,2026-08-19,2026-08-19 00:00:00+03:00,2026-08-20 00:10:43+03:00,التفجيرات,تلغيم وتفجير,الخيام,901,الخيام,none,1,DUPLICATE_OF_NEWS,,,9b395e80-7ad4-4a94-8614-34db1362bf1a,,44
28475,nabatiehchannel; sameralhajali,2026-08-19,2026-08-19 00:00:00+03:00,2026-08-20 00:10:43+03:00,التمشيط بالاسلحه الرشاشه,عملية تمشيط,المنصوري,976,المنصوري,none,1,DUPLICATE_OF_NEWS,,,078ca553-745b-4191-bf80-3d00485c108d,,684
28475,nabatiehchannel; sameralhajali,2026-08-19,2026-08-19 00:00:00+03:00,2026-08-20 00:10:43+03:00,التمشيط بالاسلحه الرشاشه,عملية تمشيط,ميس الجبل,1079,ميس الجبل,none,1,SAME_VILLAGE_OTHER_ACTION,توغل بحري; قصف مدفعي,,,,
28475,nabatiehchannel; sameralhajali,2026-08-19,2026-08-19 00:00:00+03:00,2026-08-20 00:10:43+03:00,التمشيط بالاسلحه الرشاشه,عملية تمشيط,حداثا,601,حداثا,none,1,NOT_IN_INCIDENTS,NEWS_FAILED,error,,29794;30026;32466;31694;31696,
28475,nabatiehchannel; sameralhajali,2026-08-19,2026-08-19 00:00:00+03:00,2026-08-20 00:10:43+03:00,التمشيط بالاسلحه الرشاشه,عملية تمشيط,زوطر الشرقيه,1519,زوطر الشرقية,none,1,NOT_IN_INCIDENTS,NEWS_FAILED,error,,30216;30245;30258;32466;31509;31696;32443;32464;32481,
28475,nabatiehchannel; sameralhajali,2026-08-19,2026-08-19 00:00:00+03:00,2026-08-20 00:10:43+03:00,التمشيط بالاسلحه الرشاشه,عملية تمشيط,صربين,1412,صربين,none,1,SAME_VILLAGE_OTHER_ACTION,قصف مدفعي,,,,
28475,nabatiehchannel; sameralhajali,2026-08-19,2026-08-19 00:00:00+03:00,2026-08-20 00:10:43+03:00,inline prose,قنابل صوتية,محلقه معاديه القت قنابل صوتيه علي بلده المنصوري.,976,المنصوري,none,1,DUPLICATE_OF_NEWS,,,c9ba7215-32c9-4cf1-b6aa-24e9cebf6ee6,,595
28385,mehwaralmokawma,2026-08-19,2026-08-19 00:00:00+03:00,2026-08-20 00:18:08+03:00,الغارات الحربيه,قصف وغارات,علي الطاهر,87,علي الطاهر,none,1,NOT_IN_INCIDENTS,NEWS_FAILED,error,,28824;31702,
28385,mehwaralmokawma,2026-08-19,2026-08-19 00:00:00+03:00,2026-08-20 00:18:08+03:00,الغارات الحربيه,قصف وغارات,دوحه كفررمان,851,كفر رمان,none,1,NOT_IN_INCIDENTS,NEWS_FAILED,error,,31702,
28385,mehwaralmokawma,2026-08-19,2026-08-19 00:00:00+03:00,2026-08-20 00:18:08+03:00,الغارات الحربيه,قصف وغارات,بين القنطره ودير سريان,1228,قنطرة,between,1,DUPLICATE_OF_NEWS,,,99daed7f-fdd8-40ed-b9a3-ec135c151326,,1398
28385,mehwaralmokawma,2026-08-19,2026-08-19 00:00:00+03:00,2026-08-20 00:18:08+03:00,الغارات الحربيه,قصف وغارات,مشاع المنصوري,976,المنصوري,none,1,DUPLICATE_OF_NEWS,,,eb36a391-e5f1-4f78-8e80-43b888e1c2cf,,238
28385,mehwaralmokawma,2026-08-19,2026-08-19 00:00:00+03:00,2026-08-20 00:18:08+03:00,القصف المدفعي,قصف مدفعي,علي الطاهر,87,علي الطاهر,none,1,NOT_IN_INCIDENTS,NEWS_FAILED,error,,28824;31702,
28385,mehwaralmokawma,2026-08-19,2026-08-19 00:00:00+03:00,2026-08-20 00:18:08+03:00,القصف المدفعي,قصف مدفعي,دوحه كفررمان,851,كفر رمان,none,1,NOT_IN_INCIDENTS,NEWS_FAILED,error,,31702,
28385,mehwaralmokawma,2026-08-19,2026-08-19 00:00:00+03:00,2026-08-20 00:18:08+03:00,القصف المدفعي,قصف مدفعي,حداثا,601,حداثا,none,1,NOT_IN_INCIDENTS,NEWS_FAILED,error,,29794;30026;32466;31694;31696,
28385,mehwaralmokawma,2026-08-19,2026-08-19 00:00:00+03:00,2026-08-20 00:18:08+03:00,القصف المدفعي,قصف مدفعي,ميس الجبل,1079,ميس الجبل,none,1,DUPLICATE_OF_NEWS,,,ca9844d8-6663-4313-a64b-a20acaa54a2c,,441
28385,mehwaralmokawma,2026-08-19,2026-08-19 00:00:00+03:00,2026-08-20 00:18:08+03:00,القصف المدفعي,قصف مدفعي,المنصوري | مشاع المنصوري,976,المنصوري,none,1,DUPLICATE_OF_NEWS,,,aa5d617a-9a95-4f6b-881b-afe27483f1d2;80796c68-c1a2-43a0-9ad0-46337ac87ec1,,338
28385,mehwaralmokawma,2026-08-19,2026-08-19 00:00:00+03:00,2026-08-20 00:18:08+03:00,القصف المدفعي,قصف مدفعي,اطراف شقرا,409,شقرا,none,1,NOT_IN_INCIDENTS,NEWS_FAILED,error,,32466,
28385,mehwaralmokawma,2026-08-19,2026-08-19 00:00:00+03:00,2026-08-20 00:18:08+03:00,القصف المدفعي,قصف مدفعي,اطراف ميفدون,1003,ميفدون,none,1,DUPLICATE_OF_NEWS,,,0b2067c7-0bcb-4a23-9af3-8cc348ef2f8e,,227
28385,mehwaralmokawma,2026-08-19,2026-08-19 00:00:00+03:00,2026-08-20 00:18:08+03:00,القصف المدفعي,قصف مدفعي,اطراف برعشيت,207,برعشيت,none,1,DUPLICATE_OF_NEWS,,,ed81a90b-cd2c-4d4f-be9d-f75d15c3ed6b,,143
28385,mehwaralmokawma,2026-08-19,2026-08-19 00:00:00+03:00,2026-08-20 00:18:08+03:00,القصف المدفعي,قصف مدفعي,اطراف بيت ياحون,273,بيت ياحون,none,1,NOT_IN_INCIDENTS,NEWS_FAILED,error,,31694;31702,
28385,mehwaralmokawma,2026-08-19,2026-08-19 00:00:00+03:00,2026-08-20 00:18:08+03:00,التفجيرات,تلغيم وتفجير,حداثا,601,حداثا,none,1,NOT_IN_INCIDENTS,NEWS_FAILED,error,,29794;30026;32466;31694;31696,
28385,mehwaralmokawma,2026-08-19,2026-08-19 00:00:00+03:00,2026-08-20 00:18:08+03:00,التفجيرات,تلغيم وتفجير,برعشيت,207,برعشيت,none,1,SAME_VILLAGE_OTHER_ACTION,قصف مدفعي,,,,
28385,mehwaralmokawma,2026-08-19,2026-08-19 00:00:00+03:00,2026-08-20 00:18:08+03:00,التفجيرات,تلغيم وتفجير,بيوت السياد | مشاع المنصوري,976,المنصوري,none,1,SAME_VILLAGE_OTHER_ACTION,سقوط مسيّرة; عملية تمشيط; قذائف الدبابات; قصف مدفعي; قصف وغارات; قنابل صوتية; قنابل مضيئة وحارقة,,,,
28385,mehwaralmokawma,2026-08-19,2026-08-19 00:00:00+03:00,2026-08-20 00:18:08+03:00,التفجيرات,تلغيم وتفجير,كفرتبنيت,857,كفر تبنيت,none,1,DUPLICATE_OF_NEWS,,,bdc81726-ae5b-40be-87ec-0d62afe816a1,,534
28385,mehwaralmokawma,2026-08-19,2026-08-19 00:00:00+03:00,2026-08-20 00:18:08+03:00,التفجيرات,تلغيم وتفجير,حولا,701,حولا,none,1,SAME_VILLAGE_OTHER_ACTION,قصف مدفعي,,,,
28385,mehwaralmokawma,2026-08-19,2026-08-19 00:00:00+03:00,2026-08-20 00:18:08+03:00,التفجيرات,تلغيم وتفجير,طلوسه,1431,طلوسة,none,1,NOT_IN_INCIDENTS,NEWS_FAILED,error,,29839,
28385,mehwaralmokawma,2026-08-19,2026-08-19 00:00:00+03:00,2026-08-20 00:18:08+03:00,التفجيرات,تلغيم وتفجير,زوطر الشرقيه,1519,زوطر الشرقية,none,1,NOT_IN_INCIDENTS,NEWS_FAILED,error,,30216;30245;30258;32466;31509;31696;32443;32464;32481,
28385,mehwaralmokawma,2026-08-19,2026-08-19 00:00:00+03:00,2026-08-20 00:18:08+03:00,التفجيرات,تلغيم وتفجير,الخيام,901,الخيام,none,1,DUPLICATE_OF_NEWS,,,9b395e80-7ad4-4a94-8614-34db1362bf1a,,51
28385,mehwaralmokawma,2026-08-19,2026-08-19 00:00:00+03:00,2026-08-20 00:18:08+03:00,التمشيط بالاسلحه الرشاشه,عملية تمشيط,المنصوري,976,المنصوري,none,1,DUPLICATE_OF_NEWS,,,078ca553-745b-4191-bf80-3d00485c108d,,692
28385,mehwaralmokawma,2026-08-19,2026-08-19 00:00:00+03:00,2026-08-20 00:18:08+03:00,التمشيط بالاسلحه الرشاشه,عملية تمشيط,ميس الجبل,1079,ميس الجبل,none,1,SAME_VILLAGE_OTHER_ACTION,توغل بحري; قصف مدفعي,,,,
28385,mehwaralmokawma,2026-08-19,2026-08-19 00:00:00+03:00,2026-08-20 00:18:08+03:00,التمشيط بالاسلحه الرشاشه,عملية تمشيط,حداثا,601,حداثا,none,1,NOT_IN_INCIDENTS,NEWS_FAILED,error,,29794;30026;32466;31694;31696,
28385,mehwaralmokawma,2026-08-19,2026-08-19 00:00:00+03:00,2026-08-20 00:18:08+03:00,التمشيط بالاسلحه الرشاشه,عملية تمشيط,زوطر الشرقيه,1519,زوطر الشرقية,none,1,NOT_IN_INCIDENTS,NEWS_FAILED,error,,30216;30245;30258;32466;31509;31696;32443;32464;32481,
28385,mehwaralmokawma,2026-08-19,2026-08-19 00:00:00+03:00,2026-08-20 00:18:08+03:00,التمشيط بالاسلحه الرشاشه,عملية تمشيط,صربين,1412,صربين,none,1,SAME_VILLAGE_OTHER_ACTION,قصف مدفعي,,,,
28385,mehwaralmokawma,2026-08-19,2026-08-19 00:00:00+03:00,2026-08-20 00:18:08+03:00,inline prose,قنابل صوتية,محلقه معاديه القت قنابل صوتيه علي بلده المنصوري.,976,المنصوري,none,1,DUPLICATE_OF_NEWS,,,c9ba7215-32c9-4cf1-b6aa-24e9cebf6ee6,,602
31482,alichoeib1970,2026-08-20,2026-08-20 00:00:00+03:00,2026-08-20 08:17:23+03:00,قصف مدفعي,قصف مدفعي,وادي السلوقي,1464,تولين,none,1,NOT_IN_INCIDENTS,NEWS_WRONG_VILLAGE,كفر رمان; وادي الست,,28459;28459,
31482,alichoeib1970,2026-08-20,2026-08-20 00:00:00+03:00,2026-08-20 08:17:23+03:00,قصف مدفعي,قصف مدفعي,دوحه كفررمان,851,كفر رمان,none,1,DUPLICATE_OF_NEWS,,,d2f9b3d7-848c-410e-9afb-09d3ea5f1598,,368
31482,alichoeib1970,2026-08-20,2026-08-20 00:00:00+03:00,2026-08-20 08:17:23+03:00,قصف مدفعي,قصف مدفعي,علي الطاهر,87,علي الطاهر,none,1,DUPLICATE_OF_NEWS,,,94575be2-cb0e-4136-b6cc-e6e04eb83ac2,,366
31482,alichoeib1970,2026-08-20,2026-08-20 00:00:00+03:00,2026-08-20 08:17:23+03:00,الغارات الحربيه,قصف وغارات,محيط موقع الدبشه(دوحه كفررمان),851,كفر رمان,none,1,DUPLICATE_OF_NEWS,,,48b77ea0-576c-426f-b624-ab0f0d6c29c3,,361
31482,alichoeib1970,2026-08-20,2026-08-20 00:00:00+03:00,2026-08-20 08:17:23+03:00,قنابل مضيئه,قنابل مضيئة وحارقة,المنصوري,976,المنصوري,none,1,DUPLICATE_OF_NEWS,,,9639a2c9-e4f1-440f-8628-74b077ed89ca,,464
31482,alichoeib1970,2026-08-20,2026-08-20 00:00:00+03:00,2026-08-20 08:17:23+03:00,تمشيط بالاسلحه الرشاشه,عملية تمشيط,زوطر الشرقيه,1519,زوطر الشرقية,none,1,NOT_IN_INCIDENTS,NEWS_NEVER_ARRIVED,,,,
31482,alichoeib1970,2026-08-20,2026-08-20 00:00:00+03:00,2026-08-20 08:17:23+03:00,تمشيط بالاسلحه الرشاشه,عملية تمشيط,حداثا,601,حداثا,none,1,NOT_IN_INCIDENTS,NEWS_NEVER_ARRIVED,,,,
29456,mehwaralmokawma,2026-08-20,2026-08-20 00:00:00+03:00,2026-08-20 08:18:29+03:00,قصف مدفعي,قصف مدفعي,وادي السلوقي,1464,تولين,none,1,NOT_IN_INCIDENTS,NEWS_WRONG_VILLAGE,كفر رمان; وادي الست,,28459;28459,
29456,mehwaralmokawma,2026-08-20,2026-08-20 00:00:00+03:00,2026-08-20 08:18:29+03:00,قصف مدفعي,قصف مدفعي,دوحه كفررمان,851,كفر رمان,none,1,DUPLICATE_OF_NEWS,,,d2f9b3d7-848c-410e-9afb-09d3ea5f1598,,369
29456,mehwaralmokawma,2026-08-20,2026-08-20 00:00:00+03:00,2026-08-20 08:18:29+03:00,قصف مدفعي,قصف مدفعي,علي الطاهر,87,علي الطاهر,none,1,DUPLICATE_OF_NEWS,,,94575be2-cb0e-4136-b6cc-e6e04eb83ac2,,367
29456,mehwaralmokawma,2026-08-20,2026-08-20 00:00:00+03:00,2026-08-20 08:18:29+03:00,الغارات الحربيه,قصف وغارات,محيط موقع الدبشه(دوحه كفررمان),851,كفر رمان,none,1,DUPLICATE_OF_NEWS,,,48b77ea0-576c-426f-b624-ab0f0d6c29c3,,362
29456,mehwaralmokawma,2026-08-20,2026-08-20 00:00:00+03:00,2026-08-20 08:18:29+03:00,قنابل مضيئه,قنابل مضيئة وحارقة,المنصوري,976,المنصوري,none,1,DUPLICATE_OF_NEWS,,,9639a2c9-e4f1-440f-8628-74b077ed89ca,,466
29456,mehwaralmokawma,2026-08-20,2026-08-20 00:00:00+03:00,2026-08-20 08:18:29+03:00,تمشيط بالاسلحه الرشاشه,عملية تمشيط,زوطر الشرقيه,1519,زوطر الشرقية,none,1,NOT_IN_INCIDENTS,NEWS_NEVER_ARRIVED,,,,
29456,mehwaralmokawma,2026-08-20,2026-08-20 00:00:00+03:00,2026-08-20 08:18:29+03:00,تمشيط بالاسلحه الرشاشه,عملية تمشيط,حداثا,601,حداثا,none,1,NOT_IN_INCIDENTS,NEWS_NEVER_ARRIVED,,,,
31710,Janoubana,2026-08-20,2026-08-20 00:00:00+03:00,2026-08-20 08:19:03+03:00,قصف مدفعي,قصف مدفعي,وادي السلوقي,1464,تولين,none,1,NOT_IN_INCIDENTS,NEWS_WRONG_VILLAGE,كفر رمان; وادي الست,,28459;28459,
31710,Janoubana,2026-08-20,2026-08-20 00:00:00+03:00,2026-08-20 08:19:03+03:00,قصف مدفعي,قصف مدفعي,دوحه كفررمان,851,كفر رمان,none,1,DUPLICATE_OF_NEWS,,,d2f9b3d7-848c-410e-9afb-09d3ea5f1598,,370
31710,Janoubana,2026-08-20,2026-08-20 00:00:00+03:00,2026-08-20 08:19:03+03:00,قصف مدفعي,قصف مدفعي,علي الطاهر,87,علي الطاهر,none,1,DUPLICATE_OF_NEWS,,,94575be2-cb0e-4136-b6cc-e6e04eb83ac2,,367
31710,Janoubana,2026-08-20,2026-08-20 00:00:00+03:00,2026-08-20 08:19:03+03:00,الغارات الحربيه,قصف وغارات,محيط موقع الدبشه(دوحه كفررمان),851,كفر رمان,none,1,DUPLICATE_OF_NEWS,,,48b77ea0-576c-426f-b624-ab0f0d6c29c3,,362
31710,Janoubana,2026-08-20,2026-08-20 00:00:00+03:00,2026-08-20 08:19:03+03:00,قنابل مضيئه,قنابل مضيئة وحارقة,المنصوري | بيوت السياد,976,المنصوري,none,1,DUPLICATE_OF_NEWS,,,9639a2c9-e4f1-440f-8628-74b077ed89ca,,466
31710,Janoubana,2026-08-20,2026-08-20 00:00:00+03:00,2026-08-20 08:19:03+03:00,تمشيط بالاسلحه الرشاشه,عملية تمشيط,زوطر الشرقيه,1519,زوطر الشرقية,none,1,NOT_IN_INCIDENTS,NEWS_NEVER_ARRIVED,,,,
31710,Janoubana,2026-08-20,2026-08-20 00:00:00+03:00,2026-08-20 08:19:03+03:00,تمشيط بالاسلحه الرشاشه,عملية تمشيط,حداثا,601,حداثا,none,1,NOT_IN_INCIDENTS,NEWS_NEVER_ARRIVED,,,,
28638,alichoeib1970; mehwaralmokawma,2026-08-20,2026-08-20 00:00:00+03:00,2026-08-20 22:14:44+03:00,القصف المدفعي,قصف مدفعي,ميس الجبل,1079,ميس الجبل,none,1,NOT_IN_INCIDENTS,NEWS_FAILED,error,,28609;28624;28741;29553;29611;29836;31325;31469;31534;31674,
28638,alichoeib1970; mehwaralmokawma,2026-08-20,2026-08-20 00:00:00+03:00,2026-08-20 22:14:44+03:00,القصف المدفعي,قصف مدفعي,برعشيت,207,برعشيت,none,1,NOT_IN_INCIDENTS,NEWS_FAILED,error,,28490;28739;28743;31326;31672,
28638,alichoeib1970; mehwaralmokawma,2026-08-20,2026-08-20 00:00:00+03:00,2026-08-20 22:14:44+03:00,القصف المدفعي,قصف مدفعي,طلوسه,1431,طلوسة,none,1,DUPLICATE_OF_NEWS,,,4c3ad03e-0540-4339-a2af-dd0209a4e8a6,,672
28638,alichoeib1970; mehwaralmokawma,2026-08-20,2026-08-20 00:00:00+03:00,2026-08-20 22:14:44+03:00,القصف المدفعي,قصف مدفعي,المنصوري,976,المنصوري,none,1,DUPLICATE_OF_NEWS,,,586102c9-a2a8-4085-b492-c325c34f905c,,454
28638,alichoeib1970; mehwaralmokawma,2026-08-20,2026-08-20 00:00:00+03:00,2026-08-20 22:14:44+03:00,القصف المدفعي,قصف مدفعي,اطراف ميفدون,1003,ميفدون,none,1,SAME_VILLAGE_OTHER_ACTION,عملية تمشيط,,,,
28638,alichoeib1970; mehwaralmokawma,2026-08-20,2026-08-20 00:00:00+03:00,2026-08-20 22:14:44+03:00,القصف المدفعي,قصف مدفعي,حداثا,601,حداثا,none,1,DUPLICATE_OF_NEWS,,,8d0f76cd-2439-4618-a620-e2404446d668,,523
28638,alichoeib1970; mehwaralmokawma,2026-08-20,2026-08-20 00:00:00+03:00,2026-08-20 22:14:44+03:00,القصف المدفعي,قصف مدفعي,الطيري,1457,طيري,none,1,NOT_IN_INCIDENTS,NEWS_WRONG_VILLAGE,المنصوري; زوطر الشرقية; طلوسة; عدشيت الشقيف; يحمر,,31342;29576;29576;29576;29576,
28638,alichoeib1970; mehwaralmokawma,2026-08-20,2026-08-20 00:00:00+03:00,2026-08-20 22:14:44+03:00,القصف المدفعي,قصف مدفعي,صربين,1412,صربين,none,1,NOT_IN_INCIDENTS,NEWS_NEVER_ARRIVED,,,,
28638,alichoeib1970; mehwaralmokawma,2026-08-20,2026-08-20 00:00:00+03:00,2026-08-20 22:14:44+03:00,التفجيرات,تلغيم وتفجير,ميس الجبل,1079,ميس الجبل,none,1,NOT_IN_INCIDENTS,NEWS_FAILED,error,,28609;28624;28741;29553;29611;29836;31325;31469;31534;31674,
28638,alichoeib1970; mehwaralmokawma,2026-08-20,2026-08-20 00:00:00+03:00,2026-08-20 22:14:44+03:00,التفجيرات,تلغيم وتفجير,مشاع المنصوري,976,المنصوري,none,1,SAME_VILLAGE_OTHER_ACTION,قذائف فوسفورية; قنابل مضيئة وحارقة,,,,
28638,alichoeib1970; mehwaralmokawma,2026-08-20,2026-08-20 00:00:00+03:00,2026-08-20 22:14:44+03:00,قنابل صوتيه,قنابل صوتية,المنصوري,976,المنصوري,none,1,SAME_VILLAGE_OTHER_ACTION,قذائف فوسفورية; قنابل مضيئة وحارقة,,,,
28638,alichoeib1970; mehwaralmokawma,2026-08-20,2026-08-20 00:00:00+03:00,2026-08-20 22:14:44+03:00,غالونات متفجره,تلغيم وتفجير,علي الطاهر,87,علي الطاهر,none,1,SAME_VILLAGE_OTHER_ACTION,قصف مدفعي; قصف وغارات,,,,
28638,alichoeib1970; mehwaralmokawma,2026-08-20,2026-08-20 00:00:00+03:00,2026-08-20 22:14:44+03:00,تمشيط بالاسلحه الرشاشه,عملية تمشيط,زوطر الشرقيه,1519,زوطر الشرقية,none,1,DUPLICATE_OF_NEWS,,,b13f14e1-2cec-41cb-a4fc-c60847a73fb8,,102
28638,alichoeib1970; mehwaralmokawma,2026-08-20,2026-08-20 00:00:00+03:00,2026-08-20 22:14:44+03:00,تمشيط بالاسلحه الرشاشه,عملية تمشيط,حداثا,601,حداثا,none,1,SAME_VILLAGE_OTHER_ACTION,قصف مدفعي,,,,
28638,alichoeib1970; mehwaralmokawma,2026-08-20,2026-08-20 00:00:00+03:00,2026-08-20 22:14:44+03:00,قنابل دخانيه,قنابل دخانية,ميس الجبل,1079,ميس الجبل,none,1,NOT_IN_INCIDENTS,NEWS_FAILED,error,,28609;28624;28741;29553;29611;29836;31325;31469;31534;31674,
28745,mehwaralmokawma,2026-08-20,2026-08-20 00:00:00+03:00,2026-08-20 23:38:35+03:00,القصف المدفعي,قصف مدفعي,طلوسه,1431,طلوسة,none,1,DUPLICATE_OF_NEWS,,,4c3ad03e-0540-4339-a2af-dd0209a4e8a6,,756
28745,mehwaralmokawma,2026-08-20,2026-08-20 00:00:00+03:00,2026-08-20 23:38:35+03:00,القصف المدفعي,قصف مدفعي,ميفدون,1003,ميفدون,none,1,SAME_VILLAGE_OTHER_ACTION,عملية تمشيط,,,,
28745,mehwaralmokawma,2026-08-20,2026-08-20 00:00:00+03:00,2026-08-20 23:38:35+03:00,قنبله صوتيه,قنابل صوتية,المنصوري — قنبله صوتيه,976,المنصوري,none,1,SAME_VILLAGE_OTHER_ACTION,قذائف فوسفورية; قنابل مضيئة وحارقة,,,,
28745,mehwaralmokawma,2026-08-20,2026-08-20 00:00:00+03:00,2026-08-20 23:38:35+03:00,تفجيرات,تلغيم وتفجير,ميس الجبل,1079,ميس الجبل,none,1,NOT_IN_INCIDENTS,NEWS_FAILED,error,,28609;28624;28741;29553;29611;29836;31325;31469;31534;31674,
28745,mehwaralmokawma,2026-08-20,2026-08-20 00:00:00+03:00,2026-08-20 23:38:35+03:00,تفجيرات,تلغيم وتفجير,مشاع المنصوري,976,المنصوري,none,1,SAME_VILLAGE_OTHER_ACTION,قذائف فوسفورية; قنابل مضيئة وحارقة,,,,
31302,alichoeib1970,2026-08-20,2026-08-20 00:00:00+03:00,2026-08-21 00:03:58+03:00,القصف المدفعي,قصف مدفعي,وادي السلوقي,1464,تولين,none,1,DUPLICATE_OF_NEWS,,,1e455457-9d2a-45b2-b952-52287bdab896,,838
31302,alichoeib1970,2026-08-20,2026-08-20 00:00:00+03:00,2026-08-21 00:03:58+03:00,القصف المدفعي,قصف مدفعي,دوحه كفررمان,851,كفر رمان,none,1,DUPLICATE_OF_NEWS,,,d2f9b3d7-848c-410e-9afb-09d3ea5f1598,,1315
31302,alichoeib1970,2026-08-20,2026-08-20 00:00:00+03:00,2026-08-21 00:03:58+03:00,القصف المدفعي,قصف مدفعي,علي الطاهر,87,علي الطاهر,none,1,DUPLICATE_OF_NEWS,,,94575be2-cb0e-4136-b6cc-e6e04eb83ac2,,1312
31302,alichoeib1970,2026-08-20,2026-08-20 00:00:00+03:00,2026-08-21 00:03:58+03:00,القصف المدفعي,قصف مدفعي,شبعا,418,شبعا,none,1,DUPLICATE_OF_NEWS,,,c9cb2145-0e89-48f7-bdb6-21f76f83ae9f;734b3278-8534-4eb6-be5b-46e129238b48,,923
31302,alichoeib1970,2026-08-20,2026-08-20 00:00:00+03:00,2026-08-21 00:03:58+03:00,القصف المدفعي,قصف مدفعي,حولا | حولا – شقرا,701,حولا,between,1,DUPLICATE_OF_NEWS,,,c775e054-bbbb-400a-aa39-0dcdc0f84446;3eb3cbc9-6783-4dc5-ac58-fb19d3fd529f,,778
31302,alichoeib1970,2026-08-20,2026-08-20 00:00:00+03:00,2026-08-21 00:03:58+03:00,القصف المدفعي,قصف مدفعي,المنصوري,976,المنصوري,none,1,DUPLICATE_OF_NEWS,,,586102c9-a2a8-4085-b492-c325c34f905c,,563
31302,alichoeib1970,2026-08-20,2026-08-20 00:00:00+03:00,2026-08-21 00:03:58+03:00,القصف المدفعي,قصف مدفعي,طلوسه – مركبا,1431,طلوسة,between,1,DUPLICATE_OF_NEWS,,,3bd47bc5-fe2c-4b90-a059-5ba82f52e961;4c3ad03e-0540-4339-a2af-dd0209a4e8a6,,632
31302,alichoeib1970,2026-08-20,2026-08-20 00:00:00+03:00,2026-08-21 00:03:58+03:00,القصف المدفعي,قصف مدفعي,ميفدون | اطراف ميفدون,1003,ميفدون,none,1,SAME_VILLAGE_OTHER_ACTION,عملية تمشيط,,,,
31302,alichoeib1970,2026-08-20,2026-08-20 00:00:00+03:00,2026-08-21 00:03:58+03:00,القصف المدفعي,قصف مدفعي,حداثا,601,حداثا,none,1,DUPLICATE_OF_NEWS,,,8d0f76cd-2439-4618-a620-e2404446d668,,632
31302,alichoeib1970,2026-08-20,2026-08-20 00:00:00+03:00,2026-08-21 00:03:58+03:00,القصف المدفعي,قصف مدفعي,الطيري,1457,طيري,none,1,NOT_IN_INCIDENTS,NEWS_WRONG_VILLAGE,المنصوري; زوطر الشرقية; طلوسة; عدشيت الشقيف; يحمر,,31342;29576;29576;29576;29576,
31302,alichoeib1970,2026-08-20,2026-08-20 00:00:00+03:00,2026-08-21 00:03:58+03:00,القصف المدفعي,قصف مدفعي,صربين,1412,صربين,none,1,NOT_IN_INCIDENTS,NEWS_NEVER_ARRIVED,,,,
31302,alichoeib1970,2026-08-20,2026-08-20 00:00:00+03:00,2026-08-21 00:03:58+03:00,القصف المدفعي,قصف مدفعي,ميس الجبل,1079,ميس الجبل,none,1,NOT_IN_INCIDENTS,NEWS_FAILED,error,,28609;28624;28741;29553;29611;29836;31325;31469;31534;31674,
31302,alichoeib1970,2026-08-20,2026-08-20 00:00:00+03:00,2026-08-21 00:03:58+03:00,القصف المدفعي,قصف مدفعي,برعشيت,207,برعشيت,none,1,NOT_IN_INCIDENTS,NEWS_FAILED,error,,28490;28739;28743;31326;31672,
31302,alichoeib1970,2026-08-20,2026-08-20 00:00:00+03:00,2026-08-21 00:03:58+03:00,الغارات الحربيه,قصف وغارات,محيط موقع الدبشه – دوحه كفررمان,851,كفر رمان,none,1,DUPLICATE_OF_NEWS,,,48b77ea0-576c-426f-b624-ab0f0d6c29c3;8678dd6c-e947-43d1-9131-9bcbbaa13eca,,-50
31302,alichoeib1970,2026-08-20,2026-08-20 00:00:00+03:00,2026-08-21 00:03:58+03:00,التفجيرات,تلغيم وتفجير,ميس الجبل,1079,ميس الجبل,none,1,NOT_IN_INCIDENTS,NEWS_FAILED,error,,28609;28624;28741;29553;29611;29836;31325;31469;31534;31674,
31302,alichoeib1970,2026-08-20,2026-08-20 00:00:00+03:00,2026-08-21 00:03:58+03:00,التفجيرات,تلغيم وتفجير,مشاع المنصوري,976,المنصوري,none,1,SAME_VILLAGE_OTHER_ACTION,قذائف فوسفورية; قنابل مضيئة وحارقة,,,,
31302,alichoeib1970,2026-08-20,2026-08-20 00:00:00+03:00,2026-08-21 00:03:58+03:00,التفجيرات,تلغيم وتفجير,زوطر الشرقيه – لجهه يحمر الشقيف,1519,زوطر الشرقية,none,1,SAME_VILLAGE_OTHER_ACTION,عملية تمشيط; قذائف فوسفورية; قصف مدفعي,,,,
31302,alichoeib1970,2026-08-20,2026-08-20 00:00:00+03:00,2026-08-21 00:03:58+03:00,التفجيرات,تلغيم وتفجير,الطيري,1457,طيري,none,1,NOT_IN_INCIDENTS,NEWS_WRONG_VILLAGE,المنصوري; زوطر الشرقية; طلوسة; عدشيت الشقيف; يحمر,,31342;29576;29576;29576;29576,
31302,alichoeib1970,2026-08-20,2026-08-20 00:00:00+03:00,2026-08-21 00:03:58+03:00,قنبله صوتيه,قنابل صوتية,المنصوري – قنبله صوتيه,976,المنصوري,none,1,SAME_VILLAGE_OTHER_ACTION,قذائف فوسفورية; قنابل مضيئة وحارقة,,,,
31302,alichoeib1970,2026-08-20,2026-08-20 00:00:00+03:00,2026-08-21 00:03:58+03:00,قنابل مضيئه,قنابل مضيئة وحارقة,المنصوري – قنابل مضيئه,976,المنصوري,none,1,DUPLICATE_OF_NEWS,,,9639a2c9-e4f1-440f-8628-74b077ed89ca,,1411
31302,alichoeib1970,2026-08-20,2026-08-20 00:00:00+03:00,2026-08-21 00:03:58+03:00,قنابل دخانيه,قنابل دخانية,ميس الجبل – قنابل دخانيه,1079,ميس الجبل,none,1,NOT_IN_INCIDENTS,NEWS_FAILED,error,,28609;28624;28741;29553;29611;29836;31325;31469;31534;31674,
31302,alichoeib1970,2026-08-20,2026-08-20 00:00:00+03:00,2026-08-21 00:03:58+03:00,غالونات متفجره,تلغيم وتفجير,علي الطاهر – غالونات متفجره,87,علي الطاهر,none,1,SAME_VILLAGE_OTHER_ACTION,قصف مدفعي; قصف وغارات,,,,
31302,alichoeib1970,2026-08-20,2026-08-20 00:00:00+03:00,2026-08-21 00:03:58+03:00,احراق المنازل,احراق ممتلكات,طلوسه,1431,طلوسة,none,1,SAME_VILLAGE_OTHER_ACTION,قصف مدفعي,,,,
28493,mehwaralmokawma,2026-08-20,2026-08-20 00:00:00+03:00,2026-08-21 00:04:40+03:00,القصف المدفعي,قصف مدفعي,وادي السلوقي,1464,تولين,none,1,DUPLICATE_OF_NEWS,,,1e455457-9d2a-45b2-b952-52287bdab896,,838
28493,mehwaralmokawma,2026-08-20,2026-08-20 00:00:00+03:00,2026-08-21 00:04:40+03:00,القصف المدفعي,قصف مدفعي,دوحه كفررمان,851,كفر رمان,none,1,DUPLICATE_OF_NEWS,,,d2f9b3d7-848c-410e-9afb-09d3ea5f1598,,1315
28493,mehwaralmokawma,2026-08-20,2026-08-20 00:00:00+03:00,2026-08-21 00:04:40+03:00,القصف المدفعي,قصف مدفعي,علي الطاهر,87,علي الطاهر,none,1,DUPLICATE_OF_NEWS,,,94575be2-cb0e-4136-b6cc-e6e04eb83ac2,,1313
28493,mehwaralmokawma,2026-08-20,2026-08-20 00:00:00+03:00,2026-08-21 00:04:40+03:00,القصف المدفعي,قصف مدفعي,شبعا,418,شبعا,none,1,DUPLICATE_OF_NEWS,,,c9cb2145-0e89-48f7-bdb6-21f76f83ae9f;734b3278-8534-4eb6-be5b-46e129238b48,,924
28493,mehwaralmokawma,2026-08-20,2026-08-20 00:00:00+03:00,2026-08-21 00:04:40+03:00,القصف المدفعي,قصف مدفعي,حولا | حولا – شقرا,701,حولا,between,1,DUPLICATE_OF_NEWS,,,c775e054-bbbb-400a-aa39-0dcdc0f84446;3eb3cbc9-6783-4dc5-ac58-fb19d3fd529f,,779
28493,mehwaralmokawma,2026-08-20,2026-08-20 00:00:00+03:00,2026-08-21 00:04:40+03:00,القصف المدفعي,قصف مدفعي,المنصوري,976,المنصوري,none,1,DUPLICATE_OF_NEWS,,,586102c9-a2a8-4085-b492-c325c34f905c,,564
28493,mehwaralmokawma,2026-08-20,2026-08-20 00:00:00+03:00,2026-08-21 00:04:40+03:00,القصف المدفعي,قصف مدفعي,طلوسه – مركبا,1431,طلوسة,between,1,DUPLICATE_OF_NEWS,,,3bd47bc5-fe2c-4b90-a059-5ba82f52e961;4c3ad03e-0540-4339-a2af-dd0209a4e8a6,,633
28493,mehwaralmokawma,2026-08-20,2026-08-20 00:00:00+03:00,2026-08-21 00:04:40+03:00,القصف المدفعي,قصف مدفعي,ميفدون | اطراف ميفدون,1003,ميفدون,none,1,SAME_VILLAGE_OTHER_ACTION,عملية تمشيط,,,,
28493,mehwaralmokawma,2026-08-20,2026-08-20 00:00:00+03:00,2026-08-21 00:04:40+03:00,القصف المدفعي,قصف مدفعي,حداثا,601,حداثا,none,1,DUPLICATE_OF_NEWS,,,8d0f76cd-2439-4618-a620-e2404446d668,,633
28493,mehwaralmokawma,2026-08-20,2026-08-20 00:00:00+03:00,2026-08-21 00:04:40+03:00,القصف المدفعي,قصف مدفعي,الطيري,1457,طيري,none,1,NOT_IN_INCIDENTS,NEWS_WRONG_VILLAGE,المنصوري; زوطر الشرقية; طلوسة; عدشيت الشقيف; يحمر,,31342;29576;29576;29576;29576,
28493,mehwaralmokawma,2026-08-20,2026-08-20 00:00:00+03:00,2026-08-21 00:04:40+03:00,القصف المدفعي,قصف مدفعي,صربين,1412,صربين,none,1,NOT_IN_INCIDENTS,NEWS_NEVER_ARRIVED,,,,
28493,mehwaralmokawma,2026-08-20,2026-08-20 00:00:00+03:00,2026-08-21 00:04:40+03:00,القصف المدفعي,قصف مدفعي,ميس الجبل,1079,ميس الجبل,none,1,NOT_IN_INCIDENTS,NEWS_FAILED,error,,28609;28624;28741;29553;29611;29836;31325;31469;31534;31674,
28493,mehwaralmokawma,2026-08-20,2026-08-20 00:00:00+03:00,2026-08-21 00:04:40+03:00,القصف المدفعي,قصف مدفعي,برعشيت,207,برعشيت,none,1,NOT_IN_INCIDENTS,NEWS_FAILED,error,,28490;28739;28743;31326;31672,
28493,mehwaralmokawma,2026-08-20,2026-08-20 00:00:00+03:00,2026-08-21 00:04:40+03:00,الغارات الحربيه,قصف وغارات,محيط موقع الدبشه – دوحه كفررمان,851,كفر رمان,none,1,DUPLICATE_OF_NEWS,,,48b77ea0-576c-426f-b624-ab0f0d6c29c3;8678dd6c-e947-43d1-9131-9bcbbaa13eca,,-49
28493,mehwaralmokawma,2026-08-20,2026-08-20 00:00:00+03:00,2026-08-21 00:04:40+03:00,التفجيرات,تلغيم وتفجير,ميس الجبل,1079,ميس الجبل,none,1,NOT_IN_INCIDENTS,NEWS_FAILED,error,,28609;28624;28741;29553;29611;29836;31325;31469;31534;31674,
28493,mehwaralmokawma,2026-08-20,2026-08-20 00:00:00+03:00,2026-08-21 00:04:40+03:00,التفجيرات,تلغيم وتفجير,مشاع المنصوري,976,المنصوري,none,1,SAME_VILLAGE_OTHER_ACTION,قذائف فوسفورية; قنابل مضيئة وحارقة,,,,
28493,mehwaralmokawma,2026-08-20,2026-08-20 00:00:00+03:00,2026-08-21 00:04:40+03:00,التفجيرات,تلغيم وتفجير,زوطر الشرقيه – لجهه يحمر الشقيف,1519,زوطر الشرقية,none,1,SAME_VILLAGE_OTHER_ACTION,عملية تمشيط; قذائف فوسفورية; قصف مدفعي,,,,
28493,mehwaralmokawma,2026-08-20,2026-08-20 00:00:00+03:00,2026-08-21 00:04:40+03:00,التفجيرات,تلغيم وتفجير,الطيري,1457,طيري,none,1,NOT_IN_INCIDENTS,NEWS_WRONG_VILLAGE,المنصوري; زوطر الشرقية; طلوسة; عدشيت الشقيف; يحمر,,31342;29576;29576;29576;29576,
28493,mehwaralmokawma,2026-08-20,2026-08-20 00:00:00+03:00,2026-08-21 00:04:40+03:00,قنبله صوتيه,قنابل صوتية,المنصوري – قنبله صوتيه,976,المنصوري,none,1,SAME_VILLAGE_OTHER_ACTION,قذائف فوسفورية; قنابل مضيئة وحارقة,,,,
28493,mehwaralmokawma,2026-08-20,2026-08-20 00:00:00+03:00,2026-08-21 00:04:40+03:00,قنابل مضيئه,قنابل مضيئة وحارقة,المنصوري – قنابل مضيئه,976,المنصوري,none,1,DUPLICATE_OF_NEWS,,,9639a2c9-e4f1-440f-8628-74b077ed89ca,,1412
28493,mehwaralmokawma,2026-08-20,2026-08-20 00:00:00+03:00,2026-08-21 00:04:40+03:00,قنابل دخانيه,قنابل دخانية,ميس الجبل – قنابل دخانيه,1079,ميس الجبل,none,1,NOT_IN_INCIDENTS,NEWS_FAILED,error,,28609;28624;28741;29553;29611;29836;31325;31469;31534;31674,
28493,mehwaralmokawma,2026-08-20,2026-08-20 00:00:00+03:00,2026-08-21 00:04:40+03:00,غالونات متفجره,تلغيم وتفجير,علي الطاهر – غالونات متفجره,87,علي الطاهر,none,1,SAME_VILLAGE_OTHER_ACTION,قصف مدفعي; قصف وغارات,,,,
28493,mehwaralmokawma,2026-08-20,2026-08-20 00:00:00+03:00,2026-08-21 00:04:40+03:00,احراق المنازل,احراق ممتلكات,طلوسه,1431,طلوسة,none,1,SAME_VILLAGE_OTHER_ACTION,قصف مدفعي,,,,
31594,alichoeib1970,2026-08-21,2026-08-21 00:00:00+03:00,2026-08-22 00:03:43+03:00,اغار الطيران الحربي المعادي مستهدفا,قصف وغارات,القنطره,1228,قنطرة,none,1,DUPLICATE_OF_NEWS,,,19d4173c-4c36-471a-913e-67a3d37a0211,,939
31594,alichoeib1970,2026-08-21,2026-08-21 00:00:00+03:00,2026-08-22 00:03:43+03:00,اغار الطيران الحربي المعادي مستهدفا,قصف وغارات,منطقه الدبشه,851,كفر رمان,none,1,DUPLICATE_OF_NEWS,,,8678dd6c-e947-43d1-9131-9bcbbaa13eca,,1390
31594,alichoeib1970,2026-08-21,2026-08-21 00:00:00+03:00,2026-08-22 00:03:43+03:00,اغار الطيران الحربي المعادي مستهدفا,قصف وغارات,برعشيت,207,برعشيت,none,1,SAME_VILLAGE_OTHER_ACTION,قصف مدفعي,,,,
31594,alichoeib1970,2026-08-21,2026-08-21 00:00:00+03:00,2026-08-22 00:03:43+03:00,اغار الطيران الحربي المعادي مستهدفا,قصف وغارات,منطقه علي الطاهر,87,علي الطاهر,none,1,DUPLICATE_OF_NEWS,,,6a35d9e6-a56d-49a0-a557-413c95542da6,,1300
31594,alichoeib1970,2026-08-21,2026-08-21 00:00:00+03:00,2026-08-22 00:03:43+03:00,اغار الطيران الحربي المعادي مستهدفا,قصف وغارات,اطراف دير سريان,524,دير سريان,none,1,SAME_VILLAGE_OTHER_ACTION,قذائف الدبابات,,,,
31594,alichoeib1970,2026-08-21,2026-08-21 00:00:00+03:00,2026-08-22 00:03:43+03:00,قصف مدفعي معاد استهدف,قصف مدفعي,دوحه كفررمان,851,كفر رمان,none,1,DUPLICATE_OF_NEWS,,,ec512e62-3eb2-466c-af3f-455fd5880ff9,,947
31594,alichoeib1970,2026-08-21,2026-08-21 00:00:00+03:00,2026-08-22 00:03:43+03:00,قصف مدفعي معاد استهدف,قصف مدفعي,اطراف ميفدون | بين ميفدون والنبطيه الفوقا,1003,ميفدون,between,1,DUPLICATE_OF_NEWS,,,cf8bf66e-541c-4292-b17f-0a8c9f6e5739,,384
31594,alichoeib1970,2026-08-21,2026-08-21 00:00:00+03:00,2026-08-22 00:03:43+03:00,قصف مدفعي معاد استهدف,قصف مدفعي,وادي السلوقي لجهه ميس الجبل,1464,تولين,none,1,DUPLICATE_OF_NEWS,,,932bb4c2-b429-454c-89b3-bfcdeb54f7fc,,142
31594,alichoeib1970,2026-08-21,2026-08-21 00:00:00+03:00,2026-08-22 00:03:43+03:00,قصف مدفعي معاد استهدف,قصف مدفعي,المنصوري,976,المنصوري,none,1,DUPLICATE_OF_NEWS,,,cf048db3-03ed-4d8e-8709-0ffac52b8c6d,,109
31594,alichoeib1970,2026-08-21,2026-08-21 00:00:00+03:00,2026-08-22 00:03:43+03:00,قصف مدفعي معاد استهدف,قصف مدفعي,بين برعشيت وبيت ياحون,207,برعشيت,between,1,DUPLICATE_OF_NEWS,,,2dc43c39-d7e1-4a0a-94bf-125446671114;e8964acb-814f-4058-afb9-29e07c4997ed,,109
31594,alichoeib1970,2026-08-21,2026-08-21 00:00:00+03:00,2026-08-22 00:03:43+03:00,قصف مدفعي معاد استهدف,قصف مدفعي,علي الطاهر+فوسفوري,87,علي الطاهر,none,1,SAME_VILLAGE_OTHER_ACTION,قصف وغارات,,,,
31594,alichoeib1970,2026-08-21,2026-08-21 00:00:00+03:00,2026-08-22 00:03:43+03:00,قصف مدفعي معاد استهدف,قذائف فوسفورية,علي الطاهر+فوسفوري,87,علي الطاهر,none,1,SAME_VILLAGE_OTHER_ACTION,قصف وغارات,,,,
31594,alichoeib1970,2026-08-21,2026-08-21 00:00:00+03:00,2026-08-22 00:03:43+03:00,تفجيرات معاديه,تلغيم وتفجير,مجدلزون,969,مجدل زون,none,1,DUPLICATE_OF_NEWS,,,0a64232a-7ab7-4c2e-8ff1-5e60c6a7ba2c,,798
31594,alichoeib1970,2026-08-21,2026-08-21 00:00:00+03:00,2026-08-22 00:03:43+03:00,تفجيرات معاديه,تلغيم وتفجير,كفرتبنيت,857,كفر تبنيت,none,1,NOT_IN_INCIDENTS,NEWS_FAILED,error,,31538,
31594,alichoeib1970,2026-08-21,2026-08-21 00:00:00+03:00,2026-08-22 00:03:43+03:00,تفجيرات معاديه,تلغيم وتفجير,بين ارنون وكفرتبنيت,176,أرنون,between,1,SAME_VILLAGE_OTHER_ACTION,قصف مدفعي,,,,
31594,alichoeib1970,2026-08-21,2026-08-21 00:00:00+03:00,2026-08-22 00:03:43+03:00,تفجيرات معاديه,تلغيم وتفجير,اطراف برعشيت,207,برعشيت,none,1,SAME_VILLAGE_OTHER_ACTION,قصف مدفعي,,,,
31594,alichoeib1970,2026-08-21,2026-08-21 00:00:00+03:00,2026-08-22 00:03:43+03:00,تفجيرات معاديه,تلغيم وتفجير,مركبا,991,مركبا,none,1,NOT_IN_INCIDENTS,NEWS_WRONG_VILLAGE,أرنون; المنصوري; بيت ياحون; كفر تبنيت; وادي الست,,28569;31205;28569;31205;28569;31205;28569;28569,
31594,alichoeib1970,2026-08-21,2026-08-21 00:00:00+03:00,2026-08-22 00:03:43+03:00,تفجيرات معاديه,تلغيم وتفجير,اطراف زوطر الشرقيه,1519,زوطر الشرقية,none,1,SAME_VILLAGE_OTHER_ACTION,عملية تمشيط,,,,
31594,alichoeib1970,2026-08-21,2026-08-21 00:00:00+03:00,2026-08-22 00:03:43+03:00,تفجيرات معاديه,تلغيم وتفجير,بيوت السياد | مشاع المنصوري | بين بيوت السياد والمنصوري,976,المنصوري,none,1,DUPLICATE_OF_NEWS,,,b80c2ca6-3aae-45dd-9ff9-d8cd27733986,,929
31594,alichoeib1970,2026-08-21,2026-08-21 00:00:00+03:00,2026-08-22 00:03:43+03:00,تمشيط بالاسلحه الرشاشه,عملية تمشيط,حداثا,601,حداثا,none,1,DUPLICATE_OF_NEWS,,,41858b50-0989-44f9-8741-eca5e87e7db2,,814
31594,alichoeib1970,2026-08-21,2026-08-21 00:00:00+03:00,2026-08-22 00:03:43+03:00,تمشيط بالاسلحه الرشاشه,عملية تمشيط,الخيام,901,الخيام,none,1,NOT_IN_INCIDENTS,NEWS_WRONG_VILLAGE,المينا; تبنين; حداثا; زوطر الشرقية; علي الطاهر; ميفدون,,29014;29014;30350;30350;29014;29014,
31594,alichoeib1970,2026-08-21,2026-08-21 00:00:00+03:00,2026-08-22 00:03:43+03:00,تمشيط بالاسلحه الرشاشه,عملية تمشيط,تولين لجهه وادي الحجير,1464,تولين,none,1,SAME_VILLAGE_OTHER_ACTION,قصف مدفعي,,,,
31594,alichoeib1970,2026-08-21,2026-08-21 00:00:00+03:00,2026-08-22 00:03:43+03:00,تمشيط بالاسلحه الرشاشه,عملية تمشيط,زوطر الشرقيه,1519,زوطر الشرقية,none,1,DUPLICATE_OF_NEWS,,,d9cefc0e-2629-485b-9fb3-08d734def609,,814
31594,alichoeib1970,2026-08-21,2026-08-21 00:00:00+03:00,2026-08-22 00:03:43+03:00,inline prose,احراق ممتلكات,احراق منازل في بيت ياحون,273,بيت ياحون,none,1,SAME_VILLAGE_OTHER_ACTION,قصف مدفعي,,,,
31594,alichoeib1970,2026-08-21,2026-08-21 00:00:00+03:00,2026-08-22 00:03:43+03:00,inline prose,قنابل صوتية,قنبله صوتيه باتجاه المنصوري,976,المنصوري,none,1,SAME_VILLAGE_OTHER_ACTION,تلغيم وتفجير; قصف مدفعي,,,,
29070,nabatiehchannel; sameralhajali,2026-08-21,2026-08-21 00:00:00+03:00,2026-08-22 00:04:07+03:00,اغار الطيران الحربي المعادي مستهدفا,قصف وغارات,القنطره,1228,قنطرة,none,1,DUPLICATE_OF_NEWS,,,19d4173c-4c36-471a-913e-67a3d37a0211,,940
29070,nabatiehchannel; sameralhajali,2026-08-21,2026-08-21 00:00:00+03:00,2026-08-22 00:04:07+03:00,اغار الطيران الحربي المعادي مستهدفا,قصف وغارات,منطقه الدبشه,851,كفر رمان,none,1,DUPLICATE_OF_NEWS,,,8678dd6c-e947-43d1-9131-9bcbbaa13eca,,1390
29070,nabatiehchannel; sameralhajali,2026-08-21,2026-08-21 00:00:00+03:00,2026-08-22 00:04:07+03:00,اغار الطيران الحربي المعادي مستهدفا,قصف وغارات,برعشيت,207,برعشيت,none,1,SAME_VILLAGE_OTHER_ACTION,قصف مدفعي,,,,
29070,nabatiehchannel; sameralhajali,2026-08-21,2026-08-21 00:00:00+03:00,2026-08-22 00:04:07+03:00,اغار الطيران الحربي المعادي مستهدفا,قصف وغارات,منطقه علي الطاهر,87,علي الطاهر,none,1,DUPLICATE_OF_NEWS,,,6a35d9e6-a56d-49a0-a557-413c95542da6,,1300
29070,nabatiehchannel; sameralhajali,2026-08-21,2026-08-21 00:00:00+03:00,2026-08-22 00:04:07+03:00,اغار الطيران الحربي المعادي مستهدفا,قصف وغارات,اطراف دير سريان,524,دير سريان,none,1,SAME_VILLAGE_OTHER_ACTION,قذائف الدبابات,,,,
29070,nabatiehchannel; sameralhajali,2026-08-21,2026-08-21 00:00:00+03:00,2026-08-22 00:04:07+03:00,قصف مدفعي معاد استهدف,قصف مدفعي,دوحه كفررمان,851,كفر رمان,none,1,DUPLICATE_OF_NEWS,,,ec512e62-3eb2-466c-af3f-455fd5880ff9,,947
29070,nabatiehchannel; sameralhajali,2026-08-21,2026-08-21 00:00:00+03:00,2026-08-22 00:04:07+03:00,قصف مدفعي معاد استهدف,قصف مدفعي,اطراف ميفدون | بين ميفدون والنبطيه الفوقا,1003,ميفدون,between,1,DUPLICATE_OF_NEWS,,,cf8bf66e-541c-4292-b17f-0a8c9f6e5739,,384
29070,nabatiehchannel; sameralhajali,2026-08-21,2026-08-21 00:00:00+03:00,2026-08-22 00:04:07+03:00,قصف مدفعي معاد استهدف,قصف مدفعي,وادي السلوقي لجهه ميس الجبل,1464,تولين,none,1,DUPLICATE_OF_NEWS,,,932bb4c2-b429-454c-89b3-bfcdeb54f7fc,,142
29070,nabatiehchannel; sameralhajali,2026-08-21,2026-08-21 00:00:00+03:00,2026-08-22 00:04:07+03:00,قصف مدفعي معاد استهدف,قصف مدفعي,المنصوري,976,المنصوري,none,1,DUPLICATE_OF_NEWS,,,cf048db3-03ed-4d8e-8709-0ffac52b8c6d,,110
29070,nabatiehchannel; sameralhajali,2026-08-21,2026-08-21 00:00:00+03:00,2026-08-22 00:04:07+03:00,قصف مدفعي معاد استهدف,قصف مدفعي,بين برعشيت وبيت ياحون,207,برعشيت,between,1,DUPLICATE_OF_NEWS,,,2dc43c39-d7e1-4a0a-94bf-125446671114;e8964acb-814f-4058-afb9-29e07c4997ed,,110
29070,nabatiehchannel; sameralhajali,2026-08-21,2026-08-21 00:00:00+03:00,2026-08-22 00:04:07+03:00,قصف مدفعي معاد استهدف,قصف مدفعي,علي الطاهر+فوسفوري,87,علي الطاهر,none,1,SAME_VILLAGE_OTHER_ACTION,قصف وغارات,,,,
29070,nabatiehchannel; sameralhajali,2026-08-21,2026-08-21 00:00:00+03:00,2026-08-22 00:04:07+03:00,قصف مدفعي معاد استهدف,قذائف فوسفورية,علي الطاهر+فوسفوري,87,علي الطاهر,none,1,SAME_VILLAGE_OTHER_ACTION,قصف وغارات,,,,
29070,nabatiehchannel; sameralhajali,2026-08-21,2026-08-21 00:00:00+03:00,2026-08-22 00:04:07+03:00,تفجيرات معاديه,تلغيم وتفجير,مجدلزون,969,مجدل زون,none,1,DUPLICATE_OF_NEWS,,,0a64232a-7ab7-4c2e-8ff1-5e60c6a7ba2c,,799
29070,nabatiehchannel; sameralhajali,2026-08-21,2026-08-21 00:00:00+03:00,2026-08-22 00:04:07+03:00,تفجيرات معاديه,تلغيم وتفجير,كفرتبنيت,857,كفر تبنيت,none,1,NOT_IN_INCIDENTS,NEWS_FAILED,error,,31538,
29070,nabatiehchannel; sameralhajali,2026-08-21,2026-08-21 00:00:00+03:00,2026-08-22 00:04:07+03:00,تفجيرات معاديه,تلغيم وتفجير,بين ارنون وكفرتبنيت,176,أرنون,between,1,SAME_VILLAGE_OTHER_ACTION,قصف مدفعي,,,,
29070,nabatiehchannel; sameralhajali,2026-08-21,2026-08-21 00:00:00+03:00,2026-08-22 00:04:07+03:00,تفجيرات معاديه,تلغيم وتفجير,اطراف برعشيت,207,برعشيت,none,1,SAME_VILLAGE_OTHER_ACTION,قصف مدفعي,,,,
29070,nabatiehchannel; sameralhajali,2026-08-21,2026-08-21 00:00:00+03:00,2026-08-22 00:04:07+03:00,تفجيرات معاديه,تلغيم وتفجير,مركبا,991,مركبا,none,1,NOT_IN_INCIDENTS,NEWS_WRONG_VILLAGE,أرنون; المنصوري; بيت ياحون; كفر تبنيت; وادي الست,,28569;31205;28569;31205;28569;31205;28569;28569,
29070,nabatiehchannel; sameralhajali,2026-08-21,2026-08-21 00:00:00+03:00,2026-08-22 00:04:07+03:00,تفجيرات معاديه,تلغيم وتفجير,اطراف زوطر الشرقيه,1519,زوطر الشرقية,none,1,SAME_VILLAGE_OTHER_ACTION,عملية تمشيط,,,,
29070,nabatiehchannel; sameralhajali,2026-08-21,2026-08-21 00:00:00+03:00,2026-08-22 00:04:07+03:00,تفجيرات معاديه,تلغيم وتفجير,بيوت السياد | مشاع المنصوري | بين بيوت السياد والمنصوري,976,المنصوري,none,1,DUPLICATE_OF_NEWS,,,b80c2ca6-3aae-45dd-9ff9-d8cd27733986,,929
29070,nabatiehchannel; sameralhajali,2026-08-21,2026-08-21 00:00:00+03:00,2026-08-22 00:04:07+03:00,تمشيط بالاسلحه الرشاشه,عملية تمشيط,حداثا,601,حداثا,none,1,DUPLICATE_OF_NEWS,,,41858b50-0989-44f9-8741-eca5e87e7db2,,815
29070,nabatiehchannel; sameralhajali,2026-08-21,2026-08-21 00:00:00+03:00,2026-08-22 00:04:07+03:00,تمشيط بالاسلحه الرشاشه,عملية تمشيط,الخيام,901,الخيام,none,1,NOT_IN_INCIDENTS,NEWS_WRONG_VILLAGE,المينا; تبنين; حداثا; زوطر الشرقية; علي الطاهر; ميفدون,,29014;29014;30350;30350;29014;29014,
29070,nabatiehchannel; sameralhajali,2026-08-21,2026-08-21 00:00:00+03:00,2026-08-22 00:04:07+03:00,تمشيط بالاسلحه الرشاشه,عملية تمشيط,تولين لجهه وادي الحجير,1464,تولين,none,1,SAME_VILLAGE_OTHER_ACTION,قصف مدفعي,,,,
29070,nabatiehchannel; sameralhajali,2026-08-21,2026-08-21 00:00:00+03:00,2026-08-22 00:04:07+03:00,تمشيط بالاسلحه الرشاشه,عملية تمشيط,زوطر الشرقيه,1519,زوطر الشرقية,none,1,DUPLICATE_OF_NEWS,,,d9cefc0e-2629-485b-9fb3-08d734def609,,815
29070,nabatiehchannel; sameralhajali,2026-08-21,2026-08-21 00:00:00+03:00,2026-08-22 00:04:07+03:00,inline prose,احراق ممتلكات,احراق منازل في بيت ياحون,273,بيت ياحون,none,1,SAME_VILLAGE_OTHER_ACTION,قصف مدفعي,,,,
29070,nabatiehchannel; sameralhajali,2026-08-21,2026-08-21 00:00:00+03:00,2026-08-22 00:04:07+03:00,inline prose,قنابل صوتية,قنبله صوتيه باتجاه المنصوري,976,المنصوري,none,1,SAME_VILLAGE_OTHER_ACTION,تلغيم وتفجير; قصف مدفعي,,,,
31155,mehwaralmokawma,2026-08-21,2026-08-21 00:00:00+03:00,2026-08-22 00:12:30+03:00,اغار الطيران الحربي المعادي مستهدفا,قصف وغارات,القنطره,1228,قنطرة,none,1,DUPLICATE_OF_NEWS,,,19d4173c-4c36-471a-913e-67a3d37a0211,,948
31155,mehwaralmokawma,2026-08-21,2026-08-21 00:00:00+03:00,2026-08-22 00:12:30+03:00,اغار الطيران الحربي المعادي مستهدفا,قصف وغارات,منطقه الدبشه,851,كفر رمان,none,1,DUPLICATE_OF_NEWS,,,8678dd6c-e947-43d1-9131-9bcbbaa13eca,,1399
31155,mehwaralmokawma,2026-08-21,2026-08-21 00:00:00+03:00,2026-08-22 00:12:30+03:00,اغار الطيران الحربي المعادي مستهدفا,قصف وغارات,برعشيت,207,برعشيت,none,1,SAME_VILLAGE_OTHER_ACTION,قصف مدفعي,,,,
31155,mehwaralmokawma,2026-08-21,2026-08-21 00:00:00+03:00,2026-08-22 00:12:30+03:00,اغار الطيران الحربي المعادي مستهدفا,قصف وغارات,منطقه علي الطاهر,87,علي الطاهر,none,1,DUPLICATE_OF_NEWS,,,6a35d9e6-a56d-49a0-a557-413c95542da6,,1308
31155,mehwaralmokawma,2026-08-21,2026-08-21 00:00:00+03:00,2026-08-22 00:12:30+03:00,اغار الطيران الحربي المعادي مستهدفا,قصف وغارات,اطراف دير سريان,524,دير سريان,none,1,SAME_VILLAGE_OTHER_ACTION,قذائف الدبابات,,,,
31155,mehwaralmokawma,2026-08-21,2026-08-21 00:00:00+03:00,2026-08-22 00:12:30+03:00,قصف مدفعي معاد استهدف,قصف مدفعي,دوحه كفررمان,851,كفر رمان,none,1,DUPLICATE_OF_NEWS,,,ec512e62-3eb2-466c-af3f-455fd5880ff9,,955
31155,mehwaralmokawma,2026-08-21,2026-08-21 00:00:00+03:00,2026-08-22 00:12:30+03:00,قصف مدفعي معاد استهدف,قصف مدفعي,اطراف ميفدون | بين ميفدون والنبطيه الفوقا,1003,ميفدون,between,1,DUPLICATE_OF_NEWS,,,cf8bf66e-541c-4292-b17f-0a8c9f6e5739,,392
31155,mehwaralmokawma,2026-08-21,2026-08-21 00:00:00+03:00,2026-08-22 00:12:30+03:00,قصف مدفعي معاد استهدف,قصف مدفعي,وادي السلوقي لجهه ميس الجبل,1464,تولين,none,1,DUPLICATE_OF_NEWS,,,932bb4c2-b429-454c-89b3-bfcdeb54f7fc,,151
31155,mehwaralmokawma,2026-08-21,2026-08-21 00:00:00+03:00,2026-08-22 00:12:30+03:00,قصف مدفعي معاد استهدف,قصف مدفعي,المنصوري,976,المنصوري,none,1,DUPLICATE_OF_NEWS,,,cf048db3-03ed-4d8e-8709-0ffac52b8c6d,,118
31155,mehwaralmokawma,2026-08-21,2026-08-21 00:00:00+03:00,2026-08-22 00:12:30+03:00,قصف مدفعي معاد استهدف,قصف مدفعي,بين برعشيت وبيت ياحون,207,برعشيت,between,1,DUPLICATE_OF_NEWS,,,2dc43c39-d7e1-4a0a-94bf-125446671114;e8964acb-814f-4058-afb9-29e07c4997ed,,118
31155,mehwaralmokawma,2026-08-21,2026-08-21 00:00:00+03:00,2026-08-22 00:12:30+03:00,قصف مدفعي معاد استهدف,قصف مدفعي,علي الطاهر+فوسفوري,87,علي الطاهر,none,1,SAME_VILLAGE_OTHER_ACTION,قصف وغارات,,,,
31155,mehwaralmokawma,2026-08-21,2026-08-21 00:00:00+03:00,2026-08-22 00:12:30+03:00,قصف مدفعي معاد استهدف,قذائف فوسفورية,علي الطاهر+فوسفوري,87,علي الطاهر,none,1,SAME_VILLAGE_OTHER_ACTION,قصف وغارات,,,,
31155,mehwaralmokawma,2026-08-21,2026-08-21 00:00:00+03:00,2026-08-22 00:12:30+03:00,تفجيرات معاديه,تلغيم وتفجير,مجدلزون,969,مجدل زون,none,1,DUPLICATE_OF_NEWS,,,0a64232a-7ab7-4c2e-8ff1-5e60c6a7ba2c,,807
31155,mehwaralmokawma,2026-08-21,2026-08-21 00:00:00+03:00,2026-08-22 00:12:30+03:00,تفجيرات معاديه,تلغيم وتفجير,كفرتبنيت,857,كفر تبنيت,none,1,NOT_IN_INCIDENTS,NEWS_FAILED,error,,31538,
31155,mehwaralmokawma,2026-08-21,2026-08-21 00:00:00+03:00,2026-08-22 00:12:30+03:00,تفجيرات معاديه,تلغيم وتفجير,بين ارنون وكفرتبنيت,176,أرنون,between,1,SAME_VILLAGE_OTHER_ACTION,قصف مدفعي,,,,
31155,mehwaralmokawma,2026-08-21,2026-08-21 00:00:00+03:00,2026-08-22 00:12:30+03:00,تفجيرات معاديه,تلغيم وتفجير,اطراف برعشيت,207,برعشيت,none,1,SAME_VILLAGE_OTHER_ACTION,قصف مدفعي,,,,
31155,mehwaralmokawma,2026-08-21,2026-08-21 00:00:00+03:00,2026-08-22 00:12:30+03:00,تفجيرات معاديه,تلغيم وتفجير,مركبا,991,مركبا,none,1,NOT_IN_INCIDENTS,NEWS_WRONG_VILLAGE,أرنون; المنصوري; بيت ياحون; كفر تبنيت; وادي الست,,28569;31205;28569;31205;28569;31205;28569;28569,
31155,mehwaralmokawma,2026-08-21,2026-08-21 00:00:00+03:00,2026-08-22 00:12:30+03:00,تفجيرات معاديه,تلغيم وتفجير,اطراف زوطر الشرقيه,1519,زوطر الشرقية,none,1,SAME_VILLAGE_OTHER_ACTION,عملية تمشيط,,,,
31155,mehwaralmokawma,2026-08-21,2026-08-21 00:00:00+03:00,2026-08-22 00:12:30+03:00,تفجيرات معاديه,تلغيم وتفجير,بيوت السياد | مشاع المنصوري | بين بيوت السياد والمنصوري,976,المنصوري,none,1,DUPLICATE_OF_NEWS,,,b80c2ca6-3aae-45dd-9ff9-d8cd27733986,,938
31155,mehwaralmokawma,2026-08-21,2026-08-21 00:00:00+03:00,2026-08-22 00:12:30+03:00,تمشيط بالاسلحه الرشاشه,عملية تمشيط,حداثا,601,حداثا,none,1,DUPLICATE_OF_NEWS,,,41858b50-0989-44f9-8741-eca5e87e7db2,,823
31155,mehwaralmokawma,2026-08-21,2026-08-21 00:00:00+03:00,2026-08-22 00:12:30+03:00,تمشيط بالاسلحه الرشاشه,عملية تمشيط,الخيام,901,الخيام,none,1,NOT_IN_INCIDENTS,NEWS_WRONG_VILLAGE,المينا; تبنين; حداثا; زوطر الشرقية; علي الطاهر; ميفدون,,29014;29014;30350;30350;29014;29014,
31155,mehwaralmokawma,2026-08-21,2026-08-21 00:00:00+03:00,2026-08-22 00:12:30+03:00,تمشيط بالاسلحه الرشاشه,عملية تمشيط,تولين لجهه وادي الحجير,1464,تولين,none,1,SAME_VILLAGE_OTHER_ACTION,قصف مدفعي,,,,
31155,mehwaralmokawma,2026-08-21,2026-08-21 00:00:00+03:00,2026-08-22 00:12:30+03:00,تمشيط بالاسلحه الرشاشه,عملية تمشيط,زوطر الشرقيه,1519,زوطر الشرقية,none,1,DUPLICATE_OF_NEWS,,,d9cefc0e-2629-485b-9fb3-08d734def609,,823
31155,mehwaralmokawma,2026-08-21,2026-08-21 00:00:00+03:00,2026-08-22 00:12:30+03:00,inline prose,احراق ممتلكات,احراق منازل في بيت ياحون,273,بيت ياحون,none,1,SAME_VILLAGE_OTHER_ACTION,قصف مدفعي,,,,
31155,mehwaralmokawma,2026-08-21,2026-08-21 00:00:00+03:00,2026-08-22 00:12:30+03:00,inline prose,قنابل صوتية,قنبله صوتيه باتجاه المنصوري,976,المنصوري,none,1,SAME_VILLAGE_OTHER_ACTION,تلغيم وتفجير; قصف مدفعي,,,,
31505,alichoeib1970,2026-08-22,2026-08-22 00:00:00+03:00,2026-08-22 23:57:44+03:00,الغارات الحربيه,قصف وغارات,وادي صربين | اطراف صربين,1412,صربين,none,1,DUPLICATE_OF_NEWS,,,8c931202-29b2-45df-9eab-64c61e418bc7;e773b0da-26cf-47a4-8cc3-0dad71bcaf0f;6c8e61b9-899c-4dbc-a4c6-2e5a5d8374bf,,160
31505,alichoeib1970,2026-08-22,2026-08-22 00:00:00+03:00,2026-08-22 23:57:44+03:00,الغارات الحربيه,قصف وغارات,المنصوري,976,المنصوري,none,1,DUPLICATE_OF_NEWS,,,17fdf8b6-a66b-4e22-bee6-bbfcbf2499f0,,160
31505,alichoeib1970,2026-08-22,2026-08-22 00:00:00+03:00,2026-08-22 23:57:44+03:00,الغارات الحربيه,قصف وغارات,علي الطاهر,87,علي الطاهر,none,1,SAME_VILLAGE_OTHER_ACTION,تلغيم وتفجير; قصف مدفعي,,,,
31505,alichoeib1970,2026-08-22,2026-08-22 00:00:00+03:00,2026-08-22 23:57:44+03:00,الغارات الحربيه,قصف وغارات,دوحه كفررمان,851,كفر رمان,none,1,NOT_IN_INCIDENTS,NEWS_FAILED,error,,29094;29488;30599,
31505,alichoeib1970,2026-08-22,2026-08-22 00:00:00+03:00,2026-08-22 23:57:44+03:00,الغارات الحربيه,قصف وغارات,اطراف دير سريان,524,دير سريان,none,1,SAME_VILLAGE_OTHER_ACTION,قذائف الدبابات,,,,
31505,alichoeib1970,2026-08-22,2026-08-22 00:00:00+03:00,2026-08-22 23:57:44+03:00,القصف المدفعي,قصف مدفعي,علي الطاهر,87,علي الطاهر,none,1,DUPLICATE_OF_NEWS,,,39d76d1d-feb2-484d-a313-82e19359d82b,,1204
31505,alichoeib1970,2026-08-22,2026-08-22 00:00:00+03:00,2026-08-22 23:57:44+03:00,القصف المدفعي,قذائف فوسفورية,محيط الدبشه — فوسفوري,851,كفر رمان,none,1,NOT_IN_INCIDENTS,NEWS_FAILED,error,,29094;29488;30599,
31505,alichoeib1970,2026-08-22,2026-08-22 00:00:00+03:00,2026-08-22 23:57:44+03:00,القصف المدفعي,قصف مدفعي,دوحه كفررمان,851,كفر رمان,none,1,NOT_IN_INCIDENTS,NEWS_FAILED,error,,29094;29488;30599,
31505,alichoeib1970,2026-08-22,2026-08-22 00:00:00+03:00,2026-08-22 23:57:44+03:00,القصف المدفعي,قصف مدفعي,ميس الجبل,1079,ميس الجبل,none,1,NOT_IN_INCIDENTS,NEWS_FAILED,error,,31102;31532;31570,
31505,alichoeib1970,2026-08-22,2026-08-22 00:00:00+03:00,2026-08-22 23:57:44+03:00,القصف المدفعي,قصف مدفعي,حولا,701,حولا,none,1,NOT_IN_INCIDENTS,NEWS_NEVER_ARRIVED,,,,
31505,alichoeib1970,2026-08-22,2026-08-22 00:00:00+03:00,2026-08-22 23:57:44+03:00,القصف المدفعي,قصف مدفعي,المنصوري,976,المنصوري,none,1,SAME_VILLAGE_OTHER_ACTION,تلغيم وتفجير; قصف وغارات; قنابل صوتية,,,,
31505,alichoeib1970,2026-08-22,2026-08-22 00:00:00+03:00,2026-08-22 23:57:44+03:00,التفجيرات,تلغيم وتفجير,كفرتبنيت,857,كفر تبنيت,none,1,NOT_IN_INCIDENTS,NEWS_NEVER_ARRIVED,,,,
31505,alichoeib1970,2026-08-22,2026-08-22 00:00:00+03:00,2026-08-22 23:57:44+03:00,التفجيرات,تلغيم وتفجير,ميس الجبل,1079,ميس الجبل,none,1,NOT_IN_INCIDENTS,NEWS_FAILED,error,,31102;31532;31570,
31505,alichoeib1970,2026-08-22,2026-08-22 00:00:00+03:00,2026-08-22 23:57:44+03:00,التفجيرات,تلغيم وتفجير,بين طلوسه وبني حيان,1431,طلوسة,between,1,SAME_VILLAGE_OTHER_ACTION,قصف مدفعي,,,,
31505,alichoeib1970,2026-08-22,2026-08-22 00:00:00+03:00,2026-08-22 23:57:44+03:00,التفجيرات,تلغيم وتفجير,محيط زوطر الشرقيه,1519,زوطر الشرقية,none,1,DUPLICATE_OF_NEWS,,,c4fe1137-c1fb-49e9-8f0d-3079341d271f,,378
31505,alichoeib1970,2026-08-22,2026-08-22 00:00:00+03:00,2026-08-22 23:57:44+03:00,التفجيرات,تلغيم وتفجير,يحمر الشقيف,1492,يحمر,none,1,NOT_IN_INCIDENTS,NEWS_WRONG_VILLAGE,شمع; مجدل زون,,28503;28503,
31505,alichoeib1970,2026-08-22,2026-08-22 00:00:00+03:00,2026-08-22 23:57:44+03:00,التفجيرات,تلغيم وتفجير,مشاع المنصوري,976,المنصوري,none,1,DUPLICATE_OF_NEWS,,,5e136bf7-222c-4156-bce5-c8c49da6dbb6;561e9b5c-df89-4ea7-b963-43a21e43894f,,246
31505,alichoeib1970,2026-08-22,2026-08-22 00:00:00+03:00,2026-08-22 23:57:44+03:00,التفجيرات,تلغيم وتفجير,حداثا,601,حداثا,none,1,DUPLICATE_OF_NEWS,,,d65228ac-a38e-478c-a2ac-5af65578eb7e,,160
31505,alichoeib1970,2026-08-22,2026-08-22 00:00:00+03:00,2026-08-22 23:57:44+03:00,التمشيط بالاسلحه الرشاشه,عملية تمشيط,حداثا,601,حداثا,none,1,SAME_VILLAGE_OTHER_ACTION,تلغيم وتفجير,,,,
31505,alichoeib1970,2026-08-22,2026-08-22 00:00:00+03:00,2026-08-22 23:57:44+03:00,التمشيط بالاسلحه الرشاشه,عملية تمشيط,بني حيان,205,بني حيان,none,1,SAME_VILLAGE_OTHER_ACTION,قصف مدفعي,,,,
31505,alichoeib1970,2026-08-22,2026-08-22 00:00:00+03:00,2026-08-22 23:57:44+03:00,التمشيط بالاسلحه الرشاشه,عملية تمشيط,زوطر الشرقيه,1519,زوطر الشرقية,none,1,SAME_VILLAGE_OTHER_ACTION,تلغيم وتفجير,,,,
31505,alichoeib1970,2026-08-22,2026-08-22 00:00:00+03:00,2026-08-22 23:57:44+03:00,التمشيط بالاسلحه الرشاشه,عملية تمشيط,ميس الجبل,1079,ميس الجبل,none,1,NOT_IN_INCIDENTS,NEWS_FAILED,error,,31102;31532;31570,
31505,alichoeib1970,2026-08-22,2026-08-22 00:00:00+03:00,2026-08-22 23:57:44+03:00,التمشيط بالاسلحه الرشاشه,عملية تمشيط,مجدل زون,969,مجدل زون,none,1,DUPLICATE_OF_NEWS,,,efc85ca1-38d7-48f2-9597-be5a14979045,,297
31505,alichoeib1970,2026-08-22,2026-08-22 00:00:00+03:00,2026-08-22 23:57:44+03:00,التمشيط بالاسلحه الرشاشه,عملية تمشيط,عدشيت القصير,18,عدشيت القصير,none,1,SAME_VILLAGE_OTHER_ACTION,قصف مدفعي,,,,
31505,alichoeib1970,2026-08-22,2026-08-22 00:00:00+03:00,2026-08-22 23:57:44+03:00,التمشيط بالاسلحه الرشاشه,عملية تمشيط,اطراف برعشيت,207,برعشيت,none,1,NOT_IN_INCIDENTS,NEWS_WRONG_VILLAGE,بيت ياحون; حداثا,,31100;31100,
31505,alichoeib1970,2026-08-22,2026-08-22 00:00:00+03:00,2026-08-22 23:57:44+03:00,التمشيط بالاسلحه الرشاشه,عملية تمشيط,بيوت السياد — المنصوري,976,المنصوري,none,1,SAME_VILLAGE_OTHER_ACTION,تلغيم وتفجير; قصف وغارات; قنابل صوتية,,,,
31505,alichoeib1970,2026-08-22,2026-08-22 00:00:00+03:00,2026-08-22 23:57:44+03:00,قنبله صوتيه,قنابل صوتية,حداثا — قنبله صوتيه,601,حداثا,none,1,SAME_VILLAGE_OTHER_ACTION,تلغيم وتفجير,,,,
29489,mehwaralmokawma,2026-08-22,2026-08-22 00:00:00+03:00,2026-08-22 23:58:15+03:00,الغارات الحربيه,قصف وغارات,وادي صربين | اطراف صربين,1412,صربين,none,1,DUPLICATE_OF_NEWS,,,8c931202-29b2-45df-9eab-64c61e418bc7;e773b0da-26cf-47a4-8cc3-0dad71bcaf0f;6c8e61b9-899c-4dbc-a4c6-2e5a5d8374bf,,161
29489,mehwaralmokawma,2026-08-22,2026-08-22 00:00:00+03:00,2026-08-22 23:58:15+03:00,الغارات الحربيه,قصف وغارات,المنصوري,976,المنصوري,none,1,DUPLICATE_OF_NEWS,,,17fdf8b6-a66b-4e22-bee6-bbfcbf2499f0,,161
29489,mehwaralmokawma,2026-08-22,2026-08-22 00:00:00+03:00,2026-08-22 23:58:15+03:00,الغارات الحربيه,قصف وغارات,علي الطاهر,87,علي الطاهر,none,1,SAME_VILLAGE_OTHER_ACTION,تلغيم وتفجير; قصف مدفعي,,,,
29489,mehwaralmokawma,2026-08-22,2026-08-22 00:00:00+03:00,2026-08-22 23:58:15+03:00,الغارات الحربيه,قصف وغارات,دوحه كفررمان,851,كفر رمان,none,1,NOT_IN_INCIDENTS,NEWS_FAILED,error,,29094;29488;30599,
29489,mehwaralmokawma,2026-08-22,2026-08-22 00:00:00+03:00,2026-08-22 23:58:15+03:00,الغارات الحربيه,قصف وغارات,اطراف دير سريان,524,دير سريان,none,1,SAME_VILLAGE_OTHER_ACTION,قذائف الدبابات,,,,
29489,mehwaralmokawma,2026-08-22,2026-08-22 00:00:00+03:00,2026-08-22 23:58:15+03:00,القصف المدفعي,قصف مدفعي,علي الطاهر,87,علي الطاهر,none,1,DUPLICATE_OF_NEWS,,,39d76d1d-feb2-484d-a313-82e19359d82b,,1205
29489,mehwaralmokawma,2026-08-22,2026-08-22 00:00:00+03:00,2026-08-22 23:58:15+03:00,القصف المدفعي,قذائف فوسفورية,محيط الدبشه — فوسفوري,851,كفر رمان,none,1,NOT_IN_INCIDENTS,NEWS_FAILED,error,,29094;29488;30599,
29489,mehwaralmokawma,2026-08-22,2026-08-22 00:00:00+03:00,2026-08-22 23:58:15+03:00,القصف المدفعي,قصف مدفعي,دوحه كفررمان,851,كفر رمان,none,1,NOT_IN_INCIDENTS,NEWS_FAILED,error,,29094;29488;30599,
29489,mehwaralmokawma,2026-08-22,2026-08-22 00:00:00+03:00,2026-08-22 23:58:15+03:00,القصف المدفعي,قصف مدفعي,ميس الجبل,1079,ميس الجبل,none,1,NOT_IN_INCIDENTS,NEWS_FAILED,error,,31102;31532;31570,
29489,mehwaralmokawma,2026-08-22,2026-08-22 00:00:00+03:00,2026-08-22 23:58:15+03:00,القصف المدفعي,قصف مدفعي,حولا,701,حولا,none,1,NOT_IN_INCIDENTS,NEWS_NEVER_ARRIVED,,,,
29489,mehwaralmokawma,2026-08-22,2026-08-22 00:00:00+03:00,2026-08-22 23:58:15+03:00,القصف المدفعي,قصف مدفعي,المنصوري,976,المنصوري,none,1,SAME_VILLAGE_OTHER_ACTION,تلغيم وتفجير; قصف وغارات; قنابل صوتية,,,,
29489,mehwaralmokawma,2026-08-22,2026-08-22 00:00:00+03:00,2026-08-22 23:58:15+03:00,التفجيرات,تلغيم وتفجير,كفرتبنيت,857,كفر تبنيت,none,1,NOT_IN_INCIDENTS,NEWS_NEVER_ARRIVED,,,,
29489,mehwaralmokawma,2026-08-22,2026-08-22 00:00:00+03:00,2026-08-22 23:58:15+03:00,التفجيرات,تلغيم وتفجير,ميس الجبل,1079,ميس الجبل,none,1,NOT_IN_INCIDENTS,NEWS_FAILED,error,,31102;31532;31570,
29489,mehwaralmokawma,2026-08-22,2026-08-22 00:00:00+03:00,2026-08-22 23:58:15+03:00,التفجيرات,تلغيم وتفجير,بين طلوسه وبني حيان,1431,طلوسة,between,1,SAME_VILLAGE_OTHER_ACTION,قصف مدفعي,,,,
29489,mehwaralmokawma,2026-08-22,2026-08-22 00:00:00+03:00,2026-08-22 23:58:15+03:00,التفجيرات,تلغيم وتفجير,محيط زوطر الشرقيه,1519,زوطر الشرقية,none,1,DUPLICATE_OF_NEWS,,,c4fe1137-c1fb-49e9-8f0d-3079341d271f,,379
29489,mehwaralmokawma,2026-08-22,2026-08-22 00:00:00+03:00,2026-08-22 23:58:15+03:00,التفجيرات,تلغيم وتفجير,يحمر الشقيف,1492,يحمر,none,1,NOT_IN_INCIDENTS,NEWS_WRONG_VILLAGE,شمع; مجدل زون,,28503;28503,
29489,mehwaralmokawma,2026-08-22,2026-08-22 00:00:00+03:00,2026-08-22 23:58:15+03:00,التفجيرات,تلغيم وتفجير,مشاع المنصوري,976,المنصوري,none,1,DUPLICATE_OF_NEWS,,,5e136bf7-222c-4156-bce5-c8c49da6dbb6;561e9b5c-df89-4ea7-b963-43a21e43894f,,246
29489,mehwaralmokawma,2026-08-22,2026-08-22 00:00:00+03:00,2026-08-22 23:58:15+03:00,التفجيرات,تلغيم وتفجير,حداثا,601,حداثا,none,1,DUPLICATE_OF_NEWS,,,d65228ac-a38e-478c-a2ac-5af65578eb7e,,161
29489,mehwaralmokawma,2026-08-22,2026-08-22 00:00:00+03:00,2026-08-22 23:58:15+03:00,التمشيط بالاسلحه الرشاشه,عملية تمشيط,حداثا,601,حداثا,none,1,SAME_VILLAGE_OTHER_ACTION,تلغيم وتفجير,,,,
29489,mehwaralmokawma,2026-08-22,2026-08-22 00:00:00+03:00,2026-08-22 23:58:15+03:00,التمشيط بالاسلحه الرشاشه,عملية تمشيط,بني حيان,205,بني حيان,none,1,SAME_VILLAGE_OTHER_ACTION,قصف مدفعي,,,,
29489,mehwaralmokawma,2026-08-22,2026-08-22 00:00:00+03:00,2026-08-22 23:58:15+03:00,التمشيط بالاسلحه الرشاشه,عملية تمشيط,زوطر الشرقيه,1519,زوطر الشرقية,none,1,SAME_VILLAGE_OTHER_ACTION,تلغيم وتفجير,,,,
29489,mehwaralmokawma,2026-08-22,2026-08-22 00:00:00+03:00,2026-08-22 23:58:15+03:00,التمشيط بالاسلحه الرشاشه,عملية تمشيط,ميس الجبل,1079,ميس الجبل,none,1,NOT_IN_INCIDENTS,NEWS_FAILED,error,,31102;31532;31570,
29489,mehwaralmokawma,2026-08-22,2026-08-22 00:00:00+03:00,2026-08-22 23:58:15+03:00,التمشيط بالاسلحه الرشاشه,عملية تمشيط,مجدل زون,969,مجدل زون,none,1,DUPLICATE_OF_NEWS,,,efc85ca1-38d7-48f2-9597-be5a14979045,,298
29489,mehwaralmokawma,2026-08-22,2026-08-22 00:00:00+03:00,2026-08-22 23:58:15+03:00,التمشيط بالاسلحه الرشاشه,عملية تمشيط,عدشيت القصير,18,عدشيت القصير,none,1,SAME_VILLAGE_OTHER_ACTION,قصف مدفعي,,,,
29489,mehwaralmokawma,2026-08-22,2026-08-22 00:00:00+03:00,2026-08-22 23:58:15+03:00,التمشيط بالاسلحه الرشاشه,عملية تمشيط,اطراف برعشيت,207,برعشيت,none,1,NOT_IN_INCIDENTS,NEWS_WRONG_VILLAGE,بيت ياحون; حداثا,,31100;31100,
29489,mehwaralmokawma,2026-08-22,2026-08-22 00:00:00+03:00,2026-08-22 23:58:15+03:00,التمشيط بالاسلحه الرشاشه,عملية تمشيط,بيوت السياد — المنصوري,976,المنصوري,none,1,SAME_VILLAGE_OTHER_ACTION,تلغيم وتفجير; قصف وغارات; قنابل صوتية,,,,
29489,mehwaralmokawma,2026-08-22,2026-08-22 00:00:00+03:00,2026-08-22 23:58:15+03:00,قنبله صوتيه,قنابل صوتية,حداثا — قنبله صوتيه,601,حداثا,none,1,SAME_VILLAGE_OTHER_ACTION,تلغيم وتفجير,,,,
31054,nabatiehchannel; sameralhajali,2026-08-22,2026-08-22 00:00:00+03:00,2026-08-23 00:00:04+03:00,الغارات الحربيه,قصف وغارات,وادي صربين | اطراف صربين,1412,صربين,none,1,DUPLICATE_OF_NEWS,,,8c931202-29b2-45df-9eab-64c61e418bc7;e773b0da-26cf-47a4-8cc3-0dad71bcaf0f;6c8e61b9-899c-4dbc-a4c6-2e5a5d8374bf,,163
31054,nabatiehchannel; sameralhajali,2026-08-22,2026-08-22 00:00:00+03:00,2026-08-23 00:00:04+03:00,الغارات الحربيه,قصف وغارات,المنصوري,976,المنصوري,none,1,DUPLICATE_OF_NEWS,,,17fdf8b6-a66b-4e22-bee6-bbfcbf2499f0,,163
31054,nabatiehchannel; sameralhajali,2026-08-22,2026-08-22 00:00:00+03:00,2026-08-23 00:00:04+03:00,الغارات الحربيه,قصف وغارات,علي الطاهر,87,علي الطاهر,none,1,SAME_VILLAGE_OTHER_ACTION,تلغيم وتفجير; قصف مدفعي,,,,
31054,nabatiehchannel; sameralhajali,2026-08-22,2026-08-22 00:00:00+03:00,2026-08-23 00:00:04+03:00,الغارات الحربيه,قصف وغارات,دوحه كفررمان,851,كفر رمان,none,1,NOT_IN_INCIDENTS,NEWS_FAILED,error,,29094;29488;30599,
31054,nabatiehchannel; sameralhajali,2026-08-22,2026-08-22 00:00:00+03:00,2026-08-23 00:00:04+03:00,الغارات الحربيه,قصف وغارات,اطراف دير سريان,524,دير سريان,none,1,SAME_VILLAGE_OTHER_ACTION,قذائف الدبابات,,,,
31054,nabatiehchannel; sameralhajali,2026-08-22,2026-08-22 00:00:00+03:00,2026-08-23 00:00:04+03:00,القصف المدفعي,قصف مدفعي,علي الطاهر,87,علي الطاهر,none,1,DUPLICATE_OF_NEWS,,,39d76d1d-feb2-484d-a313-82e19359d82b,,1207
31054,nabatiehchannel; sameralhajali,2026-08-22,2026-08-22 00:00:00+03:00,2026-08-23 00:00:04+03:00,القصف المدفعي,قذائف فوسفورية,محيط الدبشه — فوسفوري,851,كفر رمان,none,1,NOT_IN_INCIDENTS,NEWS_FAILED,error,,29094;29488;30599,
31054,nabatiehchannel; sameralhajali,2026-08-22,2026-08-22 00:00:00+03:00,2026-08-23 00:00:04+03:00,القصف المدفعي,قصف مدفعي,دوحه كفررمان,851,كفر رمان,none,1,NOT_IN_INCIDENTS,NEWS_FAILED,error,,29094;29488;30599,
31054,nabatiehchannel; sameralhajali,2026-08-22,2026-08-22 00:00:00+03:00,2026-08-23 00:00:04+03:00,القصف المدفعي,قصف مدفعي,ميس الجبل,1079,ميس الجبل,none,1,NOT_IN_INCIDENTS,NEWS_FAILED,error,,31102;31532;31570,
31054,nabatiehchannel; sameralhajali,2026-08-22,2026-08-22 00:00:00+03:00,2026-08-23 00:00:04+03:00,القصف المدفعي,قصف مدفعي,حولا,701,حولا,none,1,NOT_IN_INCIDENTS,NEWS_NEVER_ARRIVED,,,,
31054,nabatiehchannel; sameralhajali,2026-08-22,2026-08-22 00:00:00+03:00,2026-08-23 00:00:04+03:00,القصف المدفعي,قصف مدفعي,المنصوري,976,المنصوري,none,1,SAME_VILLAGE_OTHER_ACTION,تلغيم وتفجير; قصف وغارات; قنابل صوتية,,,,
31054,nabatiehchannel; sameralhajali,2026-08-22,2026-08-22 00:00:00+03:00,2026-08-23 00:00:04+03:00,التفجيرات,تلغيم وتفجير,كفرتبنيت,857,كفر تبنيت,none,1,NOT_IN_INCIDENTS,NEWS_NEVER_ARRIVED,,,,
31054,nabatiehchannel; sameralhajali,2026-08-22,2026-08-22 00:00:00+03:00,2026-08-23 00:00:04+03:00,التفجيرات,تلغيم وتفجير,ميس الجبل,1079,ميس الجبل,none,1,NOT_IN_INCIDENTS,NEWS_FAILED,error,,31102;31532;31570,
31054,nabatiehchannel; sameralhajali,2026-08-22,2026-08-22 00:00:00+03:00,2026-08-23 00:00:04+03:00,التفجيرات,تلغيم وتفجير,بين طلوسه وبني حيان,1431,طلوسة,between,1,SAME_VILLAGE_OTHER_ACTION,قصف مدفعي,,,,
31054,nabatiehchannel; sameralhajali,2026-08-22,2026-08-22 00:00:00+03:00,2026-08-23 00:00:04+03:00,التفجيرات,تلغيم وتفجير,محيط زوطر الشرقيه,1519,زوطر الشرقية,none,1,DUPLICATE_OF_NEWS,,,c4fe1137-c1fb-49e9-8f0d-3079341d271f,,381
31054,nabatiehchannel; sameralhajali,2026-08-22,2026-08-22 00:00:00+03:00,2026-08-23 00:00:04+03:00,التفجيرات,تلغيم وتفجير,يحمر الشقيف,1492,يحمر,none,1,NOT_IN_INCIDENTS,NEWS_WRONG_VILLAGE,شمع; مجدل زون,,28503;28503,
31054,nabatiehchannel; sameralhajali,2026-08-22,2026-08-22 00:00:00+03:00,2026-08-23 00:00:04+03:00,التفجيرات,تلغيم وتفجير,مشاع المنصوري,976,المنصوري,none,1,DUPLICATE_OF_NEWS,,,5e136bf7-222c-4156-bce5-c8c49da6dbb6;561e9b5c-df89-4ea7-b963-43a21e43894f,,248
31054,nabatiehchannel; sameralhajali,2026-08-22,2026-08-22 00:00:00+03:00,2026-08-23 00:00:04+03:00,التفجيرات,تلغيم وتفجير,حداثا,601,حداثا,none,1,DUPLICATE_OF_NEWS,,,d65228ac-a38e-478c-a2ac-5af65578eb7e,,162
31054,nabatiehchannel; sameralhajali,2026-08-22,2026-08-22 00:00:00+03:00,2026-08-23 00:00:04+03:00,التمشيط بالاسلحه الرشاشه,عملية تمشيط,حداثا,601,حداثا,none,1,SAME_VILLAGE_OTHER_ACTION,تلغيم وتفجير,,,,
31054,nabatiehchannel; sameralhajali,2026-08-22,2026-08-22 00:00:00+03:00,2026-08-23 00:00:04+03:00,التمشيط بالاسلحه الرشاشه,عملية تمشيط,بني حيان,205,بني حيان,none,1,SAME_VILLAGE_OTHER_ACTION,قصف مدفعي,,,,
31054,nabatiehchannel; sameralhajali,2026-08-22,2026-08-22 00:00:00+03:00,2026-08-23 00:00:04+03:00,التمشيط بالاسلحه الرشاشه,عملية تمشيط,زوطر الشرقيه,1519,زوطر الشرقية,none,1,SAME_VILLAGE_OTHER_ACTION,تلغيم وتفجير,,,,
31054,nabatiehchannel; sameralhajali,2026-08-22,2026-08-22 00:00:00+03:00,2026-08-23 00:00:04+03:00,التمشيط بالاسلحه الرشاشه,عملية تمشيط,ميس الجبل,1079,ميس الجبل,none,1,NOT_IN_INCIDENTS,NEWS_FAILED,error,,31102;31532;31570,
31054,nabatiehchannel; sameralhajali,2026-08-22,2026-08-22 00:00:00+03:00,2026-08-23 00:00:04+03:00,التمشيط بالاسلحه الرشاشه,عملية تمشيط,مجدل زون,969,مجدل زون,none,1,DUPLICATE_OF_NEWS,,,efc85ca1-38d7-48f2-9597-be5a14979045,,300
31054,nabatiehchannel; sameralhajali,2026-08-22,2026-08-22 00:00:00+03:00,2026-08-23 00:00:04+03:00,التمشيط بالاسلحه الرشاشه,عملية تمشيط,عدشيت القصير,18,عدشيت القصير,none,1,SAME_VILLAGE_OTHER_ACTION,قصف مدفعي,,,,
31054,nabatiehchannel; sameralhajali,2026-08-22,2026-08-22 00:00:00+03:00,2026-08-23 00:00:04+03:00,التمشيط بالاسلحه الرشاشه,عملية تمشيط,اطراف برعشيت,207,برعشيت,none,1,NOT_IN_INCIDENTS,NEWS_WRONG_VILLAGE,بيت ياحون; حداثا,,31100;31100,
31054,nabatiehchannel; sameralhajali,2026-08-22,2026-08-22 00:00:00+03:00,2026-08-23 00:00:04+03:00,التمشيط بالاسلحه الرشاشه,عملية تمشيط,بيوت السياد — المنصوري,976,المنصوري,none,1,SAME_VILLAGE_OTHER_ACTION,تلغيم وتفجير; قصف وغارات; قنابل صوتية,,,,
31054,nabatiehchannel; sameralhajali,2026-08-22,2026-08-22 00:00:00+03:00,2026-08-23 00:00:04+03:00,قنبله صوتيه,قنابل صوتية,حداثا — قنبله صوتيه,601,حداثا,none,1,SAME_VILLAGE_OTHER_ACTION,تلغيم وتفجير,,,,
31010,hashemsayed,2026-08-23,2026-08-23 00:00:00+03:00,2026-08-23 08:00:00+03:00,غارات جويه,قصف وغارات,الدبشه | دوحه كفررمان,851,كفر رمان,none,1,DUPLICATE_OF_NEWS,,,d08a4c8e-f90d-4f9b-8245-aeffaa930e9a,,390
31010,hashemsayed,2026-08-23,2026-08-23 00:00:00+03:00,2026-08-23 08:00:00+03:00,قصف مدفعي,قصف مدفعي,المنصوري,976,المنصوري,none,1,NOT_IN_INCIDENTS,NEWS_FAILED,error,,31541,
31010,hashemsayed,2026-08-23,2026-08-23 00:00:00+03:00,2026-08-23 08:00:00+03:00,قصف مدفعي,قصف مدفعي,علي الطاهر,87,علي الطاهر,none,1,NOT_IN_INCIDENTS,NEWS_FAILED,error,,29533;30998;31002;29467;29080;29217;29478;29490;29499;29503;29506;29529;29519;29520;29522;29525;29539;29541;29546;29753;30969;31038;31480;31549;31554;31555,
31010,hashemsayed,2026-08-23,2026-08-23 00:00:00+03:00,2026-08-23 08:00:00+03:00,قصف بالقذائف الفسفوريه,قذائف فوسفورية,علي الطاهر,87,علي الطاهر,none,1,NOT_IN_INCIDENTS,NEWS_FAILED,error,,29533;30998;31002;29467;29080;29217;29478;29490;29499;29503;29506;29529;29519;29520;29522;29525;29539;29541;29546;29753;30969;31038;31480;31549;31554;31555,
31010,hashemsayed,2026-08-23,2026-08-23 00:00:00+03:00,2026-08-23 08:00:00+03:00,تمشيط بالاسلحه الرشاشه,عملية تمشيط,حداثا,601,حداثا,none,1,NOT_IN_INCIDENTS,NEWS_NEVER_ARRIVED,,,,
31021,sameralhajali,2026-08-23,2026-08-23 00:00:00+03:00,2026-08-23 08:00:00+03:00,غارات جويه,قصف وغارات,الدبشه | دوحه كفررمان,851,كفر رمان,none,1,DUPLICATE_OF_NEWS,,,d08a4c8e-f90d-4f9b-8245-aeffaa930e9a,,391
31021,sameralhajali,2026-08-23,2026-08-23 00:00:00+03:00,2026-08-23 08:00:00+03:00,قصف مدفعي,قصف مدفعي,المنصوري,976,المنصوري,none,1,NOT_IN_INCIDENTS,NEWS_FAILED,error,,31541,
31021,sameralhajali,2026-08-23,2026-08-23 00:00:00+03:00,2026-08-23 08:00:00+03:00,قصف مدفعي,قصف مدفعي,علي الطاهر,87,علي الطاهر,none,1,NOT_IN_INCIDENTS,NEWS_FAILED,error,,29533;30998;31002;29467;29080;29217;29478;29490;29499;29503;29506;29529;29519;29520;29522;29525;29539;29541;29546;29753;30969;31038;31480;31549;31554;31555,
31021,sameralhajali,2026-08-23,2026-08-23 00:00:00+03:00,2026-08-23 08:00:00+03:00,قصف مدفعي,قصف مدفعي,حداثا,601,حداثا,none,1,NOT_IN_INCIDENTS,NEWS_NEVER_ARRIVED,,,,
31021,sameralhajali,2026-08-23,2026-08-23 00:00:00+03:00,2026-08-23 08:00:00+03:00,قصف مدفعي,قصف مدفعي,القنطره لجهه وادي الحجير,1228,قنطرة,none,1,NOT_IN_INCIDENTS,NEWS_NEVER_ARRIVED,,,,
31021,sameralhajali,2026-08-23,2026-08-23 00:00:00+03:00,2026-08-23 08:00:00+03:00,قصف بالقذائف الفسفوريه,قذائف فوسفورية,علي الطاهر,87,علي الطاهر,none,1,NOT_IN_INCIDENTS,NEWS_FAILED,error,,29533;30998;31002;29467;29080;29217;29478;29490;29499;29503;29506;29529;29519;29520;29522;29525;29539;29541;29546;29753;30969;31038;31480;31549;31554;31555,
31021,sameralhajali,2026-08-23,2026-08-23 00:00:00+03:00,2026-08-23 08:00:00+03:00,تمشيط بالاسلحه الرشاشه,عملية تمشيط,حداثا,601,حداثا,none,1,NOT_IN_INCIDENTS,NEWS_NEVER_ARRIVED,,,,
31778,alichoeib1970,2026-08-23,2026-08-23 00:00:00+03:00,2026-08-23 23:59:14+03:00,الغارات الحربيه,قصف وغارات,علي الطاهر,87,علي الطاهر,none,1,DUPLICATE_OF_NEWS,,,c237e7b8-e6fd-48bf-ace8-224a0c07995f,,98
31778,alichoeib1970,2026-08-23,2026-08-23 00:00:00+03:00,2026-08-23 23:59:14+03:00,الغارات الحربيه,قصف وغارات,الدبشه,851,كفر رمان,none,1,DUPLICATE_OF_NEWS,,,d08a4c8e-f90d-4f9b-8245-aeffaa930e9a,,1323
31778,alichoeib1970,2026-08-23,2026-08-23 00:00:00+03:00,2026-08-23 23:59:14+03:00,الغارات الحربيه,قصف وغارات,النبطيه الفوقا,1153,نبطية الفوقا,none,1,DUPLICATE_OF_NEWS,,,90c44ac9-9caf-40ae-806d-2c2964b8b1eb,,723
31778,alichoeib1970,2026-08-23,2026-08-23 00:00:00+03:00,2026-08-23 23:59:14+03:00,القصف المدفعي,قصف مدفعي,برعشيت,207,برعشيت,none,1,DUPLICATE_OF_NEWS,,,bdf4b251-4e8a-46cf-8bea-785dc9760f5c,,693
31778,alichoeib1970,2026-08-23,2026-08-23 00:00:00+03:00,2026-08-23 23:59:14+03:00,القصف المدفعي,قصف مدفعي,بيت ياحون,273,بيت ياحون,none,1,DUPLICATE_OF_NEWS,,,9caa4318-8f54-4cdb-ae53-1849e0da8a15,,693
31778,alichoeib1970,2026-08-23,2026-08-23 00:00:00+03:00,2026-08-23 23:59:14+03:00,القصف المدفعي,قصف مدفعي,علي الطاهر,87,علي الطاهر,none,1,DUPLICATE_OF_NEWS,,,c55229d0-ac75-43b4-be41-cb5f4ae5b35b,,803
31778,alichoeib1970,2026-08-23,2026-08-23 00:00:00+03:00,2026-08-23 23:59:14+03:00,القصف المدفعي,قصف مدفعي,الدبشه | دوحه كفررمان,851,كفر رمان,none,1,DUPLICATE_OF_NEWS,,,57660fdb-329e-40fa-98f1-d9ee8a2315f1,,1328
31778,alichoeib1970,2026-08-23,2026-08-23 00:00:00+03:00,2026-08-23 23:59:14+03:00,القصف المدفعي,قصف مدفعي,القنطره,1228,قنطرة,none,1,NOT_IN_INCIDENTS,NEWS_NEVER_ARRIVED,,,,
31778,alichoeib1970,2026-08-23,2026-08-23 00:00:00+03:00,2026-08-23 23:59:14+03:00,القصف المدفعي,قصف مدفعي,المنصوري,976,المنصوري,none,1,DUPLICATE_OF_NEWS,,,8f891c47-1b44-4fb9-bc49-c44061b7f1d7,,709
31778,alichoeib1970,2026-08-23,2026-08-23 00:00:00+03:00,2026-08-23 23:59:14+03:00,القصف المدفعي,قصف مدفعي,ميس الجبل,1079,ميس الجبل,none,1,DUPLICATE_OF_NEWS,,,f635cc5e-cf9c-4368-87c1-4752cd18aff2,,709
31778,alichoeib1970,2026-08-23,2026-08-23 00:00:00+03:00,2026-08-23 23:59:14+03:00,القصف المدفعي,قصف مدفعي,عدشيت القصير,18,عدشيت القصير,none,1,DUPLICATE_OF_NEWS,,,5fbfe4ad-16c9-410e-a375-a49596988369,,313
31778,alichoeib1970,2026-08-23,2026-08-23 00:00:00+03:00,2026-08-23 23:59:14+03:00,القصف المدفعي,قصف مدفعي,صربين,1412,صربين,none,1,DUPLICATE_OF_NEWS,,,4f2f9876-3bdb-4df6-809d-39740d399b80;ab756ac5-3dd4-48eb-8ed1-643e28365b01,,239
31778,alichoeib1970,2026-08-23,2026-08-23 00:00:00+03:00,2026-08-23 23:59:14+03:00,القصف الفوسفوري,قذائف فوسفورية,علي الطاهر,87,علي الطاهر,none,1,DUPLICATE_OF_NEWS,,,c55229d0-ac75-43b4-be41-cb5f4ae5b35b,,803
31778,alichoeib1970,2026-08-23,2026-08-23 00:00:00+03:00,2026-08-23 23:59:14+03:00,القصف الفوسفوري,قذائف فوسفورية,دوحه كفررمان,851,كفر رمان,none,1,DUPLICATE_OF_NEWS,,,57660fdb-329e-40fa-98f1-d9ee8a2315f1,,1328
31778,alichoeib1970,2026-08-23,2026-08-23 00:00:00+03:00,2026-08-23 23:59:14+03:00,التفجيرات,تلغيم وتفجير,مشاع المنصوري لجهه مجدل زون,976,المنصوري,none,1,SAME_VILLAGE_OTHER_ACTION,توغل بري; قصف مدفعي; قنابل صوتية,,,,
31778,alichoeib1970,2026-08-23,2026-08-23 00:00:00+03:00,2026-08-23 23:59:14+03:00,التفجيرات,تلغيم وتفجير,كونين,919,كونين,none,1,SAME_VILLAGE_OTHER_ACTION,قصف مدفعي,,,,
31778,alichoeib1970,2026-08-23,2026-08-23 00:00:00+03:00,2026-08-23 23:59:14+03:00,التفجيرات,تلغيم وتفجير,زوطر الشرقيه,1519,زوطر الشرقية,none,1,SAME_VILLAGE_OTHER_ACTION,احراق ممتلكات; قصف مدفعي,,,,
31778,alichoeib1970,2026-08-23,2026-08-23 00:00:00+03:00,2026-08-23 23:59:14+03:00,التفجيرات,تلغيم وتفجير,خراج مجدل زون,969,مجدل زون,none,1,SAME_VILLAGE_OTHER_ACTION,قصف مدفعي,,,,
31778,alichoeib1970,2026-08-23,2026-08-23 00:00:00+03:00,2026-08-23 23:59:14+03:00,الاعتداءات بالمحلقات,قنابل,مواد متفجره علي منطقه علي الطاهر,87,علي الطاهر,none,1,SAME_VILLAGE_OTHER_ACTION,قصف مدفعي; قصف وغارات,,,,
31778,alichoeib1970,2026-08-23,2026-08-23 00:00:00+03:00,2026-08-23 23:59:14+03:00,الاعتداءات بالمحلقات,قنابل,قنابل صوتيه في اجواء المنصوري,976,المنصوري,none,1,DUPLICATE_OF_NEWS,,,5605c8f0-f07c-429f-8b72-f70a7c85dd1f,,709
31778,alichoeib1970,2026-08-23,2026-08-23 00:00:00+03:00,2026-08-23 23:59:14+03:00,الاعتداءات بالمحلقات,قنابل,قنبله صوتيه علي جرافه في ياطر,1490,ياطر,none,1,DUPLICATE_OF_NEWS,,,64cdb0e0-6226-4961-8d50-863987f2c1c3,,709
28746,nabatiehchannel; sameralhajali,2026-08-23,2026-08-23 00:00:00+03:00,2026-08-24 00:00:41+03:00,الغارات الحربيه,قصف وغارات,علي الطاهر,87,علي الطاهر,none,1,DUPLICATE_OF_NEWS,,,c237e7b8-e6fd-48bf-ace8-224a0c07995f,,100
28746,nabatiehchannel; sameralhajali,2026-08-23,2026-08-23 00:00:00+03:00,2026-08-24 00:00:41+03:00,الغارات الحربيه,قصف وغارات,الدبشه,851,كفر رمان,none,1,DUPLICATE_OF_NEWS,,,d08a4c8e-f90d-4f9b-8245-aeffaa930e9a,,1324
28746,nabatiehchannel; sameralhajali,2026-08-23,2026-08-23 00:00:00+03:00,2026-08-24 00:00:41+03:00,الغارات الحربيه,قصف وغارات,النبطيه الفوقا,1153,نبطية الفوقا,none,1,DUPLICATE_OF_NEWS,,,90c44ac9-9caf-40ae-806d-2c2964b8b1eb,,724
28746,nabatiehchannel; sameralhajali,2026-08-23,2026-08-23 00:00:00+03:00,2026-08-24 00:00:41+03:00,القصف المدفعي,قصف مدفعي,برعشيت,207,برعشيت,none,1,DUPLICATE_OF_NEWS,,,bdf4b251-4e8a-46cf-8bea-785dc9760f5c,,695
28746,nabatiehchannel; sameralhajali,2026-08-23,2026-08-23 00:00:00+03:00,2026-08-24 00:00:41+03:00,القصف المدفعي,قصف مدفعي,بيت ياحون,273,بيت ياحون,none,1,DUPLICATE_OF_NEWS,,,9caa4318-8f54-4cdb-ae53-1849e0da8a15,,695
28746,nabatiehchannel; sameralhajali,2026-08-23,2026-08-23 00:00:00+03:00,2026-08-24 00:00:41+03:00,القصف المدفعي,قصف مدفعي,علي الطاهر,87,علي الطاهر,none,1,DUPLICATE_OF_NEWS,,,c55229d0-ac75-43b4-be41-cb5f4ae5b35b,,804
28746,nabatiehchannel; sameralhajali,2026-08-23,2026-08-23 00:00:00+03:00,2026-08-24 00:00:41+03:00,القصف المدفعي,قصف مدفعي,الدبشه | دوحه كفررمان,851,كفر رمان,none,1,DUPLICATE_OF_NEWS,,,57660fdb-329e-40fa-98f1-d9ee8a2315f1,,1330
28746,nabatiehchannel; sameralhajali,2026-08-23,2026-08-23 00:00:00+03:00,2026-08-24 00:00:41+03:00,القصف المدفعي,قصف مدفعي,القنطره,1228,قنطرة,none,1,NOT_IN_INCIDENTS,NEWS_NEVER_ARRIVED,,,,
28746,nabatiehchannel; sameralhajali,2026-08-23,2026-08-23 00:00:00+03:00,2026-08-24 00:00:41+03:00,القصف المدفعي,قصف مدفعي,المنصوري,976,المنصوري,none,1,DUPLICATE_OF_NEWS,,,8f891c47-1b44-4fb9-bc49-c44061b7f1d7,,710
28746,nabatiehchannel; sameralhajali,2026-08-23,2026-08-23 00:00:00+03:00,2026-08-24 00:00:41+03:00,القصف المدفعي,قصف مدفعي,ميس الجبل,1079,ميس الجبل,none,1,DUPLICATE_OF_NEWS,,,f635cc5e-cf9c-4368-87c1-4752cd18aff2,,710
28746,nabatiehchannel; sameralhajali,2026-08-23,2026-08-23 00:00:00+03:00,2026-08-24 00:00:41+03:00,القصف المدفعي,قصف مدفعي,عدشيت القصير,18,عدشيت القصير,none,1,DUPLICATE_OF_NEWS,,,5fbfe4ad-16c9-410e-a375-a49596988369,,315
28746,nabatiehchannel; sameralhajali,2026-08-23,2026-08-23 00:00:00+03:00,2026-08-24 00:00:41+03:00,القصف المدفعي,قصف مدفعي,صربين,1412,صربين,none,1,DUPLICATE_OF_NEWS,,,4f2f9876-3bdb-4df6-809d-39740d399b80;ab756ac5-3dd4-48eb-8ed1-643e28365b01,,240
28746,nabatiehchannel; sameralhajali,2026-08-23,2026-08-23 00:00:00+03:00,2026-08-24 00:00:41+03:00,القصف الفوسفوري,قذائف فوسفورية,علي الطاهر,87,علي الطاهر,none,1,DUPLICATE_OF_NEWS,,,c55229d0-ac75-43b4-be41-cb5f4ae5b35b,,804
28746,nabatiehchannel; sameralhajali,2026-08-23,2026-08-23 00:00:00+03:00,2026-08-24 00:00:41+03:00,القصف الفوسفوري,قذائف فوسفورية,دوحه كفررمان,851,كفر رمان,none,1,DUPLICATE_OF_NEWS,,,57660fdb-329e-40fa-98f1-d9ee8a2315f1,,1330
28746,nabatiehchannel; sameralhajali,2026-08-23,2026-08-23 00:00:00+03:00,2026-08-24 00:00:41+03:00,التفجيرات,تلغيم وتفجير,مشاع المنصوري لجهه مجدل زون,976,المنصوري,none,1,SAME_VILLAGE_OTHER_ACTION,توغل بري; قصف مدفعي; قنابل صوتية,,,,
28746,nabatiehchannel; sameralhajali,2026-08-23,2026-08-23 00:00:00+03:00,2026-08-24 00:00:41+03:00,التفجيرات,تلغيم وتفجير,كونين,919,كونين,none,1,SAME_VILLAGE_OTHER_ACTION,قصف مدفعي,,,,
28746,nabatiehchannel; sameralhajali,2026-08-23,2026-08-23 00:00:00+03:00,2026-08-24 00:00:41+03:00,التفجيرات,تلغيم وتفجير,زوطر الشرقيه,1519,زوطر الشرقية,none,1,SAME_VILLAGE_OTHER_ACTION,احراق ممتلكات; قصف مدفعي,,,,
28746,nabatiehchannel; sameralhajali,2026-08-23,2026-08-23 00:00:00+03:00,2026-08-24 00:00:41+03:00,التفجيرات,تلغيم وتفجير,خراج مجدل زون,969,مجدل زون,none,1,SAME_VILLAGE_OTHER_ACTION,قصف مدفعي,,,,
28746,nabatiehchannel; sameralhajali,2026-08-23,2026-08-23 00:00:00+03:00,2026-08-24 00:00:41+03:00,الاعتداءات بالمحلقات,قنابل,مواد متفجره علي منطقه علي الطاهر,87,علي الطاهر,none,1,SAME_VILLAGE_OTHER_ACTION,قصف مدفعي; قصف وغارات,,,,
28746,nabatiehchannel; sameralhajali,2026-08-23,2026-08-23 00:00:00+03:00,2026-08-24 00:00:41+03:00,الاعتداءات بالمحلقات,قنابل,قنابل صوتيه في اجواء المنصوري,976,المنصوري,none,1,DUPLICATE_OF_NEWS,,,5605c8f0-f07c-429f-8b72-f70a7c85dd1f,,710
28746,nabatiehchannel; sameralhajali,2026-08-23,2026-08-23 00:00:00+03:00,2026-08-24 00:00:41+03:00,الاعتداءات بالمحلقات,قنابل,قنبله صوتيه علي جرافه في ياطر,1490,ياطر,none,1,DUPLICATE_OF_NEWS,,,64cdb0e0-6226-4961-8d50-863987f2c1c3,,710
28514,mehwaralmokawma,2026-08-23,2026-08-23 00:00:00+03:00,2026-08-24 00:01:26+03:00,الغارات الحربيه,قصف وغارات,علي الطاهر,87,علي الطاهر,none,1,DUPLICATE_OF_NEWS,,,c237e7b8-e6fd-48bf-ace8-224a0c07995f,,100
28514,mehwaralmokawma,2026-08-23,2026-08-23 00:00:00+03:00,2026-08-24 00:01:26+03:00,الغارات الحربيه,قصف وغارات,الدبشه,851,كفر رمان,none,1,DUPLICATE_OF_NEWS,,,d08a4c8e-f90d-4f9b-8245-aeffaa930e9a,,1325
28514,mehwaralmokawma,2026-08-23,2026-08-23 00:00:00+03:00,2026-08-24 00:01:26+03:00,الغارات الحربيه,قصف وغارات,النبطيه الفوقا,1153,نبطية الفوقا,none,1,DUPLICATE_OF_NEWS,,,90c44ac9-9caf-40ae-806d-2c2964b8b1eb,,725
28514,mehwaralmokawma,2026-08-23,2026-08-23 00:00:00+03:00,2026-08-24 00:01:26+03:00,القصف المدفعي,قصف مدفعي,برعشيت,207,برعشيت,none,1,DUPLICATE_OF_NEWS,,,bdf4b251-4e8a-46cf-8bea-785dc9760f5c,,696
28514,mehwaralmokawma,2026-08-23,2026-08-23 00:00:00+03:00,2026-08-24 00:01:26+03:00,القصف المدفعي,قصف مدفعي,بيت ياحون,273,بيت ياحون,none,1,DUPLICATE_OF_NEWS,,,9caa4318-8f54-4cdb-ae53-1849e0da8a15,,696
28514,mehwaralmokawma,2026-08-23,2026-08-23 00:00:00+03:00,2026-08-24 00:01:26+03:00,القصف المدفعي,قصف مدفعي,علي الطاهر,87,علي الطاهر,none,1,DUPLICATE_OF_NEWS,,,c55229d0-ac75-43b4-be41-cb5f4ae5b35b,,805
28514,mehwaralmokawma,2026-08-23,2026-08-23 00:00:00+03:00,2026-08-24 00:01:26+03:00,القصف المدفعي,قصف مدفعي,الدبشه | دوحه كفررمان,851,كفر رمان,none,1,DUPLICATE_OF_NEWS,,,57660fdb-329e-40fa-98f1-d9ee8a2315f1,,1330
28514,mehwaralmokawma,2026-08-23,2026-08-23 00:00:00+03:00,2026-08-24 00:01:26+03:00,القصف المدفعي,قصف مدفعي,القنطره,1228,قنطرة,none,1,NOT_IN_INCIDENTS,NEWS_NEVER_ARRIVED,,,,
28514,mehwaralmokawma,2026-08-23,2026-08-23 00:00:00+03:00,2026-08-24 00:01:26+03:00,القصف المدفعي,قصف مدفعي,المنصوري,976,المنصوري,none,1,DUPLICATE_OF_NEWS,,,8f891c47-1b44-4fb9-bc49-c44061b7f1d7,,711
28514,mehwaralmokawma,2026-08-23,2026-08-23 00:00:00+03:00,2026-08-24 00:01:26+03:00,القصف المدفعي,قصف مدفعي,ميس الجبل,1079,ميس الجبل,none,1,DUPLICATE_OF_NEWS,,,f635cc5e-cf9c-4368-87c1-4752cd18aff2,,711
28514,mehwaralmokawma,2026-08-23,2026-08-23 00:00:00+03:00,2026-08-24 00:01:26+03:00,القصف المدفعي,قصف مدفعي,عدشيت القصير,18,عدشيت القصير,none,1,DUPLICATE_OF_NEWS,,,5fbfe4ad-16c9-410e-a375-a49596988369,,316
28514,mehwaralmokawma,2026-08-23,2026-08-23 00:00:00+03:00,2026-08-24 00:01:26+03:00,القصف المدفعي,قصف مدفعي,صربين,1412,صربين,none,1,DUPLICATE_OF_NEWS,,,4f2f9876-3bdb-4df6-809d-39740d399b80;ab756ac5-3dd4-48eb-8ed1-643e28365b01,,241
28514,mehwaralmokawma,2026-08-23,2026-08-23 00:00:00+03:00,2026-08-24 00:01:26+03:00,القصف الفوسفوري,قذائف فوسفورية,علي الطاهر,87,علي الطاهر,none,1,DUPLICATE_OF_NEWS,,,c55229d0-ac75-43b4-be41-cb5f4ae5b35b,,805
28514,mehwaralmokawma,2026-08-23,2026-08-23 00:00:00+03:00,2026-08-24 00:01:26+03:00,القصف الفوسفوري,قذائف فوسفورية,دوحه كفررمان,851,كفر رمان,none,1,DUPLICATE_OF_NEWS,,,57660fdb-329e-40fa-98f1-d9ee8a2315f1,,1330
28514,mehwaralmokawma,2026-08-23,2026-08-23 00:00:00+03:00,2026-08-24 00:01:26+03:00,التفجيرات,تلغيم وتفجير,مشاع المنصوري لجهه مجدل زون,976,المنصوري,none,1,SAME_VILLAGE_OTHER_ACTION,توغل بري; قصف مدفعي; قنابل صوتية,,,,
28514,mehwaralmokawma,2026-08-23,2026-08-23 00:00:00+03:00,2026-08-24 00:01:26+03:00,التفجيرات,تلغيم وتفجير,كونين,919,كونين,none,1,SAME_VILLAGE_OTHER_ACTION,قصف مدفعي,,,,
28514,mehwaralmokawma,2026-08-23,2026-08-23 00:00:00+03:00,2026-08-24 00:01:26+03:00,التفجيرات,تلغيم وتفجير,زوطر الشرقيه,1519,زوطر الشرقية,none,1,SAME_VILLAGE_OTHER_ACTION,احراق ممتلكات; قصف مدفعي,,,,
28514,mehwaralmokawma,2026-08-23,2026-08-23 00:00:00+03:00,2026-08-24 00:01:26+03:00,التفجيرات,تلغيم وتفجير,خراج مجدل زون,969,مجدل زون,none,1,SAME_VILLAGE_OTHER_ACTION,قصف مدفعي,,,,
28514,mehwaralmokawma,2026-08-23,2026-08-23 00:00:00+03:00,2026-08-24 00:01:26+03:00,الاعتداءات بالمحلقات,قنابل,مواد متفجره علي منطقه علي الطاهر,87,علي الطاهر,none,1,SAME_VILLAGE_OTHER_ACTION,قصف مدفعي; قصف وغارات,,,,
28514,mehwaralmokawma,2026-08-23,2026-08-23 00:00:00+03:00,2026-08-24 00:01:26+03:00,الاعتداءات بالمحلقات,قنابل,قنابل صوتيه في اجواء المنصوري,976,المنصوري,none,1,DUPLICATE_OF_NEWS,,,5605c8f0-f07c-429f-8b72-f70a7c85dd1f,,711
28514,mehwaralmokawma,2026-08-23,2026-08-23 00:00:00+03:00,2026-08-24 00:01:26+03:00,الاعتداءات بالمحلقات,قنابل,قنبله صوتيه علي جرافه في ياطر,1490,ياطر,none,1,DUPLICATE_OF_NEWS,,,64cdb0e0-6226-4961-8d50-863987f2c1c3,,711
29733,alichoeib1970,2026-08-24,2026-08-24 00:00:00+03:00,2026-08-24 23:59:48+03:00,القصف المدفعي,قصف مدفعي,بين ميفدون وزوطر الشرقيه,1003,ميفدون,between,1,DUPLICATE_OF_NEWS,,,810488a4-6abb-4cbb-8823-6a4ae49a6d65,,1361
29733,alichoeib1970,2026-08-24,2026-08-24 00:00:00+03:00,2026-08-24 23:59:48+03:00,القصف المدفعي,قصف مدفعي,دوحه كفررمان,851,كفر رمان,none,1,SAME_VILLAGE_OTHER_ACTION,قصف وغارات; قنابل صوتية,,,,
29733,alichoeib1970,2026-08-24,2026-08-24 00:00:00+03:00,2026-08-24 23:59:48+03:00,القصف المدفعي,قصف مدفعي,علي الطاهر,87,علي الطاهر,none,1,DUPLICATE_OF_NEWS,,,56707821-7015-4bad-b250-eb97887c9a80,,56
29733,alichoeib1970,2026-08-24,2026-08-24 00:00:00+03:00,2026-08-24 23:59:48+03:00,القصف المدفعي,قصف مدفعي,حولا ووادي السلوقي,701,حولا,none,1,DUPLICATE_OF_NEWS,,,c279e37d-51a7-4ba5-a1a9-a42a35f6362e,,1152
29733,alichoeib1970,2026-08-24,2026-08-24 00:00:00+03:00,2026-08-24 23:59:48+03:00,القصف المدفعي,قصف مدفعي,حولا ووادي السلوقي,1464,تولين,none,1,DUPLICATE_OF_NEWS,,,61189d2f-f42e-42bf-a1ff-408a7432b3b0,,1301
29733,alichoeib1970,2026-08-24,2026-08-24 00:00:00+03:00,2026-08-24 23:59:48+03:00,القصف المدفعي,قصف مدفعي,المنصوري,976,المنصوري,none,1,DUPLICATE_OF_NEWS,,,52c45009-c7a7-40d1-99be-53526ba234f8;8f96bdad-89ac-452a-bf62-cc3a4c6e6f48,,215
29733,alichoeib1970,2026-08-24,2026-08-24 00:00:00+03:00,2026-08-24 23:59:48+03:00,القصف المدفعي,قصف مدفعي,عيناثا,144,عيناتا بنت جبيل,none,1,NOT_IN_INCIDENTS,NEWS_WRONG_VILLAGE,الخيام; عيناب,,30654;30654;31789,
29733,alichoeib1970,2026-08-24,2026-08-24 00:00:00+03:00,2026-08-24 23:59:48+03:00,القصف المدفعي,قصف مدفعي,ياطر,1490,ياطر,none,1,SAME_VILLAGE_OTHER_ACTION,عملية تمشيط,,,,
29733,alichoeib1970,2026-08-24,2026-08-24 00:00:00+03:00,2026-08-24 23:59:48+03:00,القصف المدفعي,قصف مدفعي,اطراف ديرميماس,518,دير ميماس,none,1,NOT_IN_INCIDENTS,NEWS_FAILED,error,,29624,
29733,alichoeib1970,2026-08-24,2026-08-24 00:00:00+03:00,2026-08-24 23:59:48+03:00,القصف المدفعي,قصف مدفعي,وادي زبقين,1523,زبقين,none,1,DUPLICATE_OF_NEWS,,,5509aa60-2e63-41f2-b170-1a08c5284f66,,86
29733,alichoeib1970,2026-08-24,2026-08-24 00:00:00+03:00,2026-08-24 23:59:48+03:00,الغارات الحربيه,قصف وغارات,دوحه كفررمان,851,كفر رمان,none,1,DUPLICATE_OF_NEWS,,,43338ec6-3d81-4780-b6f8-934c81fd17d2;972adbb9-d26c-425f-bcdd-8a9a62eeb1e4;97c1a63c-6c6b-47b7-b8e2-fdb399bf4b22,,298
29733,alichoeib1970,2026-08-24,2026-08-24 00:00:00+03:00,2026-08-24 23:59:48+03:00,الغارات الحربيه,قصف وغارات,اطراف القنطره,1228,قنطرة,none,1,NOT_IN_INCIDENTS,NEWS_REJECTED,unspecified,,33203,
29733,alichoeib1970,2026-08-24,2026-08-24 00:00:00+03:00,2026-08-24 23:59:48+03:00,الغارات الحربيه,قصف وغارات,اطراف حولا لجهه وادي السلوقي,701,حولا,none,1,SAME_VILLAGE_OTHER_ACTION,عملية تمشيط; قصف مدفعي,,,,
29733,alichoeib1970,2026-08-24,2026-08-24 00:00:00+03:00,2026-08-24 23:59:48+03:00,الغارات الحربيه,قصف وغارات,المنصوري | بيوت السياد,976,المنصوري,none,1,DUPLICATE_OF_NEWS,,,ba30fbdf-f922-4c1d-886f-c3232b6de388,,587
29733,alichoeib1970,2026-08-24,2026-08-24 00:00:00+03:00,2026-08-24 23:59:48+03:00,التفجيرات,تلغيم وتفجير,حداثا,601,حداثا,none,1,SAME_VILLAGE_OTHER_ACTION,قصف مدفعي,,,,
29733,alichoeib1970,2026-08-24,2026-08-24 00:00:00+03:00,2026-08-24 23:59:48+03:00,التفجيرات,تلغيم وتفجير,كفرتبنيت,857,كفر تبنيت,none,1,SAME_VILLAGE_OTHER_ACTION,قصف مدفعي,,,,
29733,alichoeib1970,2026-08-24,2026-08-24 00:00:00+03:00,2026-08-24 23:59:48+03:00,التفجيرات,تلغيم وتفجير,اطراف مجدلزون,969,مجدل زون,none,1,NOT_IN_INCIDENTS,NEWS_NEVER_ARRIVED,,,,
29733,alichoeib1970,2026-08-24,2026-08-24 00:00:00+03:00,2026-08-24 23:59:48+03:00,التفجيرات,تلغيم وتفجير,زوطر الشرقيه,1519,زوطر الشرقية,none,1,NOT_IN_INCIDENTS,NEWS_WRONG_VILLAGE,القصير; المنصوري; برعشيت; تولين; حداثا; زبقين; كفر رمان; كفر شوبا; مجدل سلم; ميفدون,,29777;28776;28532;29777;28776;28776;28776;28776;28776;28776;28776;28532,
29733,alichoeib1970,2026-08-24,2026-08-24 00:00:00+03:00,2026-08-24 23:59:48+03:00,التفجيرات,تلغيم وتفجير,حولا واطراف ميس الجبل,701,حولا,none,1,SAME_VILLAGE_OTHER_ACTION,عملية تمشيط; قصف مدفعي,,,,
29733,alichoeib1970,2026-08-24,2026-08-24 00:00:00+03:00,2026-08-24 23:59:48+03:00,التفجيرات,تلغيم وتفجير,حولا واطراف ميس الجبل,1079,ميس الجبل,none,1,NOT_IN_INCIDENTS,NEWS_FAILED,error,,28810;29582;29585;30684;30691;30845,
29733,alichoeib1970,2026-08-24,2026-08-24 00:00:00+03:00,2026-08-24 23:59:48+03:00,التمشيط بالاسلحه الرشاشه,عملية تمشيط,ميس الجبل – منطقه دوبيه,1079,ميس الجبل,none,1,NOT_IN_INCIDENTS,NEWS_FAILED,error,,28810;29582;29585;30684;30691;30845,
29733,alichoeib1970,2026-08-24,2026-08-24 00:00:00+03:00,2026-08-24 23:59:48+03:00,التمشيط بالاسلحه الرشاشه,عملية تمشيط,المنصوري,976,المنصوري,none,1,DUPLICATE_OF_NEWS,,,4458c8bf-3867-46f4-a803-8d80552c98a2,,290
29733,alichoeib1970,2026-08-24,2026-08-24 00:00:00+03:00,2026-08-24 23:59:48+03:00,التمشيط بالاسلحه الرشاشه,عملية تمشيط,محيط كفرشوبا,813,كفر شوبا,none,1,SAME_VILLAGE_OTHER_ACTION,توغل بري; قصف مدفعي,,,,
29733,alichoeib1970,2026-08-24,2026-08-24 00:00:00+03:00,2026-08-24 23:59:48+03:00,inline prose,احراق ممتلكات,احراق منازل في بلده الخيام.,901,الخيام,none,1,SAME_VILLAGE_OTHER_ACTION,قصف مدفعي,,,,
29730,Janoubana; nabatiehchannel; sameralhajali,2026-08-24,2026-08-24 00:00:00+03:00,2026-08-25 00:00:12+03:00,القصف المدفعي,قصف مدفعي,بين ميفدون وزوطر الشرقيه,1003,ميفدون,between,1,DUPLICATE_OF_NEWS,,,810488a4-6abb-4cbb-8823-6a4ae49a6d65,,1362
29730,Janoubana; nabatiehchannel; sameralhajali,2026-08-24,2026-08-24 00:00:00+03:00,2026-08-25 00:00:12+03:00,القصف المدفعي,قصف مدفعي,دوحه كفررمان,851,كفر رمان,none,1,SAME_VILLAGE_OTHER_ACTION,قصف وغارات; قنابل صوتية,,,,
29730,Janoubana; nabatiehchannel; sameralhajali,2026-08-24,2026-08-24 00:00:00+03:00,2026-08-25 00:00:12+03:00,القصف المدفعي,قصف مدفعي,علي الطاهر,87,علي الطاهر,none,1,DUPLICATE_OF_NEWS,,,56707821-7015-4bad-b250-eb97887c9a80,,56
29730,Janoubana; nabatiehchannel; sameralhajali,2026-08-24,2026-08-24 00:00:00+03:00,2026-08-25 00:00:12+03:00,القصف المدفعي,قصف مدفعي,حولا ووادي السلوقي,701,حولا,none,1,DUPLICATE_OF_NEWS,,,c279e37d-51a7-4ba5-a1a9-a42a35f6362e,,1153
29730,Janoubana; nabatiehchannel; sameralhajali,2026-08-24,2026-08-24 00:00:00+03:00,2026-08-25 00:00:12+03:00,القصف المدفعي,قصف مدفعي,حولا ووادي السلوقي,1464,تولين,none,1,DUPLICATE_OF_NEWS,,,61189d2f-f42e-42bf-a1ff-408a7432b3b0,,1302
29730,Janoubana; nabatiehchannel; sameralhajali,2026-08-24,2026-08-24 00:00:00+03:00,2026-08-25 00:00:12+03:00,القصف المدفعي,قصف مدفعي,المنصوري,976,المنصوري,none,1,DUPLICATE_OF_NEWS,,,52c45009-c7a7-40d1-99be-53526ba234f8;8f96bdad-89ac-452a-bf62-cc3a4c6e6f48,,215
29730,Janoubana; nabatiehchannel; sameralhajali,2026-08-24,2026-08-24 00:00:00+03:00,2026-08-25 00:00:12+03:00,القصف المدفعي,قصف مدفعي,عيناثا,144,عيناتا بنت جبيل,none,1,NOT_IN_INCIDENTS,NEWS_WRONG_VILLAGE,الخيام; عيناب,,30654;30654;31789,
29730,Janoubana; nabatiehchannel; sameralhajali,2026-08-24,2026-08-24 00:00:00+03:00,2026-08-25 00:00:12+03:00,القصف المدفعي,قصف مدفعي,ياطر,1490,ياطر,none,1,SAME_VILLAGE_OTHER_ACTION,عملية تمشيط,,,,
29730,Janoubana; nabatiehchannel; sameralhajali,2026-08-24,2026-08-24 00:00:00+03:00,2026-08-25 00:00:12+03:00,القصف المدفعي,قصف مدفعي,اطراف ديرميماس,518,دير ميماس,none,1,NOT_IN_INCIDENTS,NEWS_FAILED,error,,29624,
29730,Janoubana; nabatiehchannel; sameralhajali,2026-08-24,2026-08-24 00:00:00+03:00,2026-08-25 00:00:12+03:00,القصف المدفعي,قصف مدفعي,وادي زبقين,1523,زبقين,none,1,DUPLICATE_OF_NEWS,,,5509aa60-2e63-41f2-b170-1a08c5284f66,,86
29730,Janoubana; nabatiehchannel; sameralhajali,2026-08-24,2026-08-24 00:00:00+03:00,2026-08-25 00:00:12+03:00,الغارات الحربيه,قصف وغارات,دوحه كفررمان,851,كفر رمان,none,1,DUPLICATE_OF_NEWS,,,43338ec6-3d81-4780-b6f8-934c81fd17d2;972adbb9-d26c-425f-bcdd-8a9a62eeb1e4;97c1a63c-6c6b-47b7-b8e2-fdb399bf4b22,,299
29730,Janoubana; nabatiehchannel; sameralhajali,2026-08-24,2026-08-24 00:00:00+03:00,2026-08-25 00:00:12+03:00,الغارات الحربيه,قصف وغارات,اطراف القنطره,1228,قنطرة,none,1,NOT_IN_INCIDENTS,NEWS_REJECTED,unspecified,,33203,
29730,Janoubana; nabatiehchannel; sameralhajali,2026-08-24,2026-08-24 00:00:00+03:00,2026-08-25 00:00:12+03:00,الغارات الحربيه,قصف وغارات,اطراف حولا لجهه وادي السلوقي,701,حولا,none,1,SAME_VILLAGE_OTHER_ACTION,عملية تمشيط; قصف مدفعي,,,,
29730,Janoubana; nabatiehchannel; sameralhajali,2026-08-24,2026-08-24 00:00:00+03:00,2026-08-25 00:00:12+03:00,الغارات الحربيه,قصف وغارات,المنصوري | بيوت السياد,976,المنصوري,none,1,DUPLICATE_OF_NEWS,,,ba30fbdf-f922-4c1d-886f-c3232b6de388,,588
29730,Janoubana; nabatiehchannel; sameralhajali,2026-08-24,2026-08-24 00:00:00+03:00,2026-08-25 00:00:12+03:00,التفجيرات,تلغيم وتفجير,حداثا,601,حداثا,none,1,SAME_VILLAGE_OTHER_ACTION,قصف مدفعي,,,,
29730,Janoubana; nabatiehchannel; sameralhajali,2026-08-24,2026-08-24 00:00:00+03:00,2026-08-25 00:00:12+03:00,التفجيرات,تلغيم وتفجير,كفرتبنيت,857,كفر تبنيت,none,1,SAME_VILLAGE_OTHER_ACTION,قصف مدفعي,,,,
29730,Janoubana; nabatiehchannel; sameralhajali,2026-08-24,2026-08-24 00:00:00+03:00,2026-08-25 00:00:12+03:00,التفجيرات,تلغيم وتفجير,اطراف مجدلزون,969,مجدل زون,none,1,NOT_IN_INCIDENTS,NEWS_NEVER_ARRIVED,,,,
29730,Janoubana; nabatiehchannel; sameralhajali,2026-08-24,2026-08-24 00:00:00+03:00,2026-08-25 00:00:12+03:00,التفجيرات,تلغيم وتفجير,زوطر الشرقيه,1519,زوطر الشرقية,none,1,NOT_IN_INCIDENTS,NEWS_WRONG_VILLAGE,القصير; المنصوري; برعشيت; تولين; حداثا; زبقين; كفر رمان; كفر شوبا; مجدل سلم; ميفدون,,29777;28776;28532;29777;28776;28776;28776;28776;28776;28776;28776;28532,
29730,Janoubana; nabatiehchannel; sameralhajali,2026-08-24,2026-08-24 00:00:00+03:00,2026-08-25 00:00:12+03:00,التفجيرات,تلغيم وتفجير,حولا واطراف ميس الجبل,701,حولا,none,1,SAME_VILLAGE_OTHER_ACTION,عملية تمشيط; قصف مدفعي,,,,
29730,Janoubana; nabatiehchannel; sameralhajali,2026-08-24,2026-08-24 00:00:00+03:00,2026-08-25 00:00:12+03:00,التفجيرات,تلغيم وتفجير,حولا واطراف ميس الجبل,1079,ميس الجبل,none,1,NOT_IN_INCIDENTS,NEWS_FAILED,error,,28810;29582;29585;30684;30691;30845,
29730,Janoubana; nabatiehchannel; sameralhajali,2026-08-24,2026-08-24 00:00:00+03:00,2026-08-25 00:00:12+03:00,التمشيط بالاسلحه الرشاشه,عملية تمشيط,ميس الجبل – منطقه دوبيه,1079,ميس الجبل,none,1,NOT_IN_INCIDENTS,NEWS_FAILED,error,,28810;29582;29585;30684;30691;30845,
29730,Janoubana; nabatiehchannel; sameralhajali,2026-08-24,2026-08-24 00:00:00+03:00,2026-08-25 00:00:12+03:00,التمشيط بالاسلحه الرشاشه,عملية تمشيط,المنصوري,976,المنصوري,none,1,DUPLICATE_OF_NEWS,,,4458c8bf-3867-46f4-a803-8d80552c98a2,,290
29730,Janoubana; nabatiehchannel; sameralhajali,2026-08-24,2026-08-24 00:00:00+03:00,2026-08-25 00:00:12+03:00,التمشيط بالاسلحه الرشاشه,عملية تمشيط,محيط كفرشوبا,813,كفر شوبا,none,1,SAME_VILLAGE_OTHER_ACTION,توغل بري; قصف مدفعي,,,,
29730,Janoubana; nabatiehchannel; sameralhajali,2026-08-24,2026-08-24 00:00:00+03:00,2026-08-25 00:00:12+03:00,inline prose,احراق ممتلكات,احراق منازل في بلده الخيام.,901,الخيام,none,1,SAME_VILLAGE_OTHER_ACTION,قصف مدفعي,,,,
30628,mehwaralmokawma,2026-08-24,2026-08-24 00:00:00+03:00,2026-08-25 00:02:48+03:00,القصف المدفعي,قصف مدفعي,بين ميفدون وزوطر الشرقيه,1003,ميفدون,between,1,DUPLICATE_OF_NEWS,,,810488a4-6abb-4cbb-8823-6a4ae49a6d65,,1364
30628,mehwaralmokawma,2026-08-24,2026-08-24 00:00:00+03:00,2026-08-25 00:02:48+03:00,القصف المدفعي,قصف مدفعي,دوحه كفررمان,851,كفر رمان,none,1,SAME_VILLAGE_OTHER_ACTION,قصف وغارات; قنابل صوتية,,,,
30628,mehwaralmokawma,2026-08-24,2026-08-24 00:00:00+03:00,2026-08-25 00:02:48+03:00,القصف المدفعي,قصف مدفعي,علي الطاهر,87,علي الطاهر,none,1,DUPLICATE_OF_NEWS,,,56707821-7015-4bad-b250-eb97887c9a80,,59
30628,mehwaralmokawma,2026-08-24,2026-08-24 00:00:00+03:00,2026-08-25 00:02:48+03:00,القصف المدفعي,قصف مدفعي,حولا ووادي السلوقي,701,حولا,none,1,DUPLICATE_OF_NEWS,,,c279e37d-51a7-4ba5-a1a9-a42a35f6362e,,1155
30628,mehwaralmokawma,2026-08-24,2026-08-24 00:00:00+03:00,2026-08-25 00:02:48+03:00,القصف المدفعي,قصف مدفعي,حولا ووادي السلوقي,1464,تولين,none,1,DUPLICATE_OF_NEWS,,,61189d2f-f42e-42bf-a1ff-408a7432b3b0,,1304
30628,mehwaralmokawma,2026-08-24,2026-08-24 00:00:00+03:00,2026-08-25 00:02:48+03:00,القصف المدفعي,قصف مدفعي,المنصوري,976,المنصوري,none,1,DUPLICATE_OF_NEWS,,,52c45009-c7a7-40d1-99be-53526ba234f8;8f96bdad-89ac-452a-bf62-cc3a4c6e6f48,,218
30628,mehwaralmokawma,2026-08-24,2026-08-24 00:00:00+03:00,2026-08-25 00:02:48+03:00,القصف المدفعي,قصف مدفعي,عيناثا,144,عيناتا بنت جبيل,none,1,NOT_IN_INCIDENTS,NEWS_WRONG_VILLAGE,الخيام; عيناب,,30654;30654;31789,
30628,mehwaralmokawma,2026-08-24,2026-08-24 00:00:00+03:00,2026-08-25 00:02:48+03:00,القصف المدفعي,قصف مدفعي,ياطر,1490,ياطر,none,1,SAME_VILLAGE_OTHER_ACTION,عملية تمشيط,,,,
30628,mehwaralmokawma,2026-08-24,2026-08-24 00:00:00+03:00,2026-08-25 00:02:48+03:00,القصف المدفعي,قصف مدفعي,اطراف ديرميماس,518,دير ميماس,none,1,NOT_IN_INCIDENTS,NEWS_FAILED,error,,29624,
30628,mehwaralmokawma,2026-08-24,2026-08-24 00:00:00+03:00,2026-08-25 00:02:48+03:00,القصف المدفعي,قصف مدفعي,وادي زبقين,1523,زبقين,none,1,DUPLICATE_OF_NEWS,,,5509aa60-2e63-41f2-b170-1a08c5284f66,,89
30628,mehwaralmokawma,2026-08-24,2026-08-24 00:00:00+03:00,2026-08-25 00:02:48+03:00,الغارات الحربيه,قصف وغارات,دوحه كفررمان,851,كفر رمان,none,1,DUPLICATE_OF_NEWS,,,43338ec6-3d81-4780-b6f8-934c81fd17d2;972adbb9-d26c-425f-bcdd-8a9a62eeb1e4;97c1a63c-6c6b-47b7-b8e2-fdb399bf4b22,,301
30628,mehwaralmokawma,2026-08-24,2026-08-24 00:00:00+03:00,2026-08-25 00:02:48+03:00,الغارات الحربيه,قصف وغارات,اطراف القنطره,1228,قنطرة,none,1,NOT_IN_INCIDENTS,NEWS_REJECTED,unspecified,,33203,
30628,mehwaralmokawma,2026-08-24,2026-08-24 00:00:00+03:00,2026-08-25 00:02:48+03:00,الغارات الحربيه,قصف وغارات,اطراف حولا لجهه وادي السلوقي,701,حولا,none,1,SAME_VILLAGE_OTHER_ACTION,عملية تمشيط; قصف مدفعي,,,,
30628,mehwaralmokawma,2026-08-24,2026-08-24 00:00:00+03:00,2026-08-25 00:02:48+03:00,الغارات الحربيه,قصف وغارات,المنصوري | بيوت السياد,976,المنصوري,none,1,DUPLICATE_OF_NEWS,,,ba30fbdf-f922-4c1d-886f-c3232b6de388,,590
30628,mehwaralmokawma,2026-08-24,2026-08-24 00:00:00+03:00,2026-08-25 00:02:48+03:00,التفجيرات,تلغيم وتفجير,حداثا,601,حداثا,none,1,SAME_VILLAGE_OTHER_ACTION,قصف مدفعي,,,,
30628,mehwaralmokawma,2026-08-24,2026-08-24 00:00:00+03:00,2026-08-25 00:02:48+03:00,التفجيرات,تلغيم وتفجير,كفرتبنيت,857,كفر تبنيت,none,1,SAME_VILLAGE_OTHER_ACTION,قصف مدفعي,,,,
30628,mehwaralmokawma,2026-08-24,2026-08-24 00:00:00+03:00,2026-08-25 00:02:48+03:00,التفجيرات,تلغيم وتفجير,اطراف مجدلزون,969,مجدل زون,none,1,NOT_IN_INCIDENTS,NEWS_NEVER_ARRIVED,,,,
30628,mehwaralmokawma,2026-08-24,2026-08-24 00:00:00+03:00,2026-08-25 00:02:48+03:00,التفجيرات,تلغيم وتفجير,زوطر الشرقيه,1519,زوطر الشرقية,none,1,NOT_IN_INCIDENTS,NEWS_WRONG_VILLAGE,القصير; المنصوري; برعشيت; تولين; حداثا; زبقين; كفر رمان; كفر شوبا; مجدل سلم; ميفدون,,29777;28776;28532;29777;28776;28776;28776;28776;28776;28776;28776;28532,
30628,mehwaralmokawma,2026-08-24,2026-08-24 00:00:00+03:00,2026-08-25 00:02:48+03:00,التفجيرات,تلغيم وتفجير,حولا واطراف ميس الجبل,701,حولا,none,1,SAME_VILLAGE_OTHER_ACTION,عملية تمشيط; قصف مدفعي,,,,
30628,mehwaralmokawma,2026-08-24,2026-08-24 00:00:00+03:00,2026-08-25 00:02:48+03:00,التفجيرات,تلغيم وتفجير,حولا واطراف ميس الجبل,1079,ميس الجبل,none,1,NOT_IN_INCIDENTS,NEWS_FAILED,error,,28810;29582;29585;30684;30691;30845,
30628,mehwaralmokawma,2026-08-24,2026-08-24 00:00:00+03:00,2026-08-25 00:02:48+03:00,التمشيط بالاسلحه الرشاشه,عملية تمشيط,ميس الجبل – منطقه دوبيه,1079,ميس الجبل,none,1,NOT_IN_INCIDENTS,NEWS_FAILED,error,,28810;29582;29585;30684;30691;30845,
30628,mehwaralmokawma,2026-08-24,2026-08-24 00:00:00+03:00,2026-08-25 00:02:48+03:00,التمشيط بالاسلحه الرشاشه,عملية تمشيط,المنصوري,976,المنصوري,none,1,DUPLICATE_OF_NEWS,,,4458c8bf-3867-46f4-a803-8d80552c98a2,,293
30628,mehwaralmokawma,2026-08-24,2026-08-24 00:00:00+03:00,2026-08-25 00:02:48+03:00,التمشيط بالاسلحه الرشاشه,عملية تمشيط,محيط كفرشوبا,813,كفر شوبا,none,1,SAME_VILLAGE_OTHER_ACTION,توغل بري; قصف مدفعي,,,,
30628,mehwaralmokawma,2026-08-24,2026-08-24 00:00:00+03:00,2026-08-25 00:02:48+03:00,inline prose,احراق ممتلكات,احراق منازل في بلده الخيام.,901,الخيام,none,1,SAME_VILLAGE_OTHER_ACTION,قصف مدفعي,,,,
28539,nabatiehchannel,2026-08-25,2026-08-25 00:00:00+03:00,2026-08-25 09:24:35+03:00,قصف المدفعي,قصف مدفعي,حداثا,601,حداثا,none,1,NOT_IN_INCIDENTS,NEWS_NEVER_ARRIVED,,,,
28539,nabatiehchannel,2026-08-25,2026-08-25 00:00:00+03:00,2026-08-25 09:24:35+03:00,قصف المدفعي,قصف مدفعي,دوحه كفررمان,851,كفر رمان,none,1,NOT_IN_INCIDENTS,NEWS_FAILED,error,,28548,
28539,nabatiehchannel,2026-08-25,2026-08-25 00:00:00+03:00,2026-08-25 09:24:35+03:00,قصف المدفعي,قصف مدفعي,صربين,1412,صربين,none,1,NOT_IN_INCIDENTS,NEWS_NEVER_ARRIVED,,,,
28539,nabatiehchannel,2026-08-25,2026-08-25 00:00:00+03:00,2026-08-25 09:24:35+03:00,قصف المدفعي,قصف مدفعي,المنصوري,976,المنصوري,none,1,NOT_IN_INCIDENTS,NEWS_NEVER_ARRIVED,,,,
28539,nabatiehchannel,2026-08-25,2026-08-25 00:00:00+03:00,2026-08-25 09:24:35+03:00,قصف المدفعي,قصف مدفعي,وادي السلوقي,1464,تولين,none,1,NOT_IN_INCIDENTS,NEWS_FAILED,error,,28816;30622,
28539,nabatiehchannel,2026-08-25,2026-08-25 00:00:00+03:00,2026-08-25 09:24:35+03:00,التفجيرات,تلغيم وتفجير,حاريص,650,حاريص,none,1,NOT_IN_INCIDENTS,NEWS_NEVER_ARRIVED,,,,
28539,nabatiehchannel,2026-08-25,2026-08-25 00:00:00+03:00,2026-08-25 09:24:35+03:00,التفجيرات,تلغيم وتفجير,زوطر الشرقيه,1519,زوطر الشرقية,none,1,DUPLICATE_OF_NEWS,,,295684fc-8495-46cc-b13e-516e5c289081,,27
28781,alichoeib1970,2026-08-25,2026-08-25 00:00:00+03:00,2026-08-25 23:57:16+03:00,القصف المدفعي المعادي,قصف مدفعي,المنصوري,976,المنصوري,none,1,SAME_VILLAGE_OTHER_ACTION,قصف وغارات,,,,
28781,alichoeib1970,2026-08-25,2026-08-25 00:00:00+03:00,2026-08-25 23:57:16+03:00,القصف المدفعي المعادي,قصف مدفعي,بني حيان,205,بني حيان,none,1,DUPLICATE_OF_NEWS,,,90d58264-20fa-45fb-93a3-cac265cd50eb;3fecb60b-cc33-4682-af47-21d46be345b9,,540
28781,alichoeib1970,2026-08-25,2026-08-25 00:00:00+03:00,2026-08-25 23:57:16+03:00,القصف المدفعي المعادي,قصف مدفعي,صربين,1412,صربين,none,1,DUPLICATE_OF_NEWS,,,964ac85c-4aaa-4f9f-ba58-841f24397c0b,,464
28781,alichoeib1970,2026-08-25,2026-08-25 00:00:00+03:00,2026-08-25 23:57:16+03:00,القصف المدفعي المعادي,قصف مدفعي,القنطره,1228,قنطرة,none,1,NOT_IN_INCIDENTS,NEWS_FAILED,error,,29811;29731,
28781,alichoeib1970,2026-08-25,2026-08-25 00:00:00+03:00,2026-08-25 23:57:16+03:00,القصف المدفعي المعادي,قصف مدفعي,الخيام,901,الخيام,none,1,DUPLICATE_OF_NEWS,,,d732886a-1539-4e3f-b886-bbd9c78d2661,,753
28781,alichoeib1970,2026-08-25,2026-08-25 00:00:00+03:00,2026-08-25 23:57:16+03:00,القصف المدفعي المعادي,قصف مدفعي,بيت ليف,269,بيت ليف,none,1,SAME_VILLAGE_OTHER_ACTION,عملية تمشيط,,,,
28781,alichoeib1970,2026-08-25,2026-08-25 00:00:00+03:00,2026-08-25 23:57:16+03:00,القصف المدفعي المعادي,قصف مدفعي,طيرحرفا – مجدلزون,1443,طير حرفا,between,1,DUPLICATE_OF_NEWS,,,d5f5d436-963a-46a5-b916-842d67d308bc,,673
28781,alichoeib1970,2026-08-25,2026-08-25 00:00:00+03:00,2026-08-25 23:57:16+03:00,القصف المدفعي المعادي,قصف مدفعي,وادي زبقين,1523,زبقين,none,1,NOT_IN_INCIDENTS,NEWS_FAILED,error,,30609,
28781,alichoeib1970,2026-08-25,2026-08-25 00:00:00+03:00,2026-08-25 23:57:16+03:00,القصف المدفعي المعادي,قصف مدفعي,وادي السلوقي,1464,تولين,none,1,NOT_IN_INCIDENTS,NEWS_FAILED,error; held_for_review,,29693;28380;28423;28816;29688;29696;30428;30438;30489;30505;30622;30902;30905;30913;31049,
28781,alichoeib1970,2026-08-25,2026-08-25 00:00:00+03:00,2026-08-25 23:57:16+03:00,القصف المدفعي المعادي,قصف مدفعي,برعشيت – بيت ياحون,207,برعشيت,between,1,DUPLICATE_OF_NEWS,,,3bd1ea8f-2cd9-4f11-8ab7-3eba7b17910a,,369
28781,alichoeib1970,2026-08-25,2026-08-25 00:00:00+03:00,2026-08-25 23:57:16+03:00,القصف المدفعي المعادي,قصف مدفعي,علي الطاهر,87,علي الطاهر,none,1,DUPLICATE_OF_NEWS,,,993616ed-a84e-4e6c-ba84-a364cf72593d;56707821-7015-4bad-b250-eb97887c9a80,,172
28781,alichoeib1970,2026-08-25,2026-08-25 00:00:00+03:00,2026-08-25 23:57:16+03:00,الغارات الحربيه المعاديه,قصف وغارات,المنصوري,976,المنصوري,none,1,DUPLICATE_OF_NEWS,,,f4928e91-e9d2-4086-8d82-2016e981f04e,,71
28781,alichoeib1970,2026-08-25,2026-08-25 00:00:00+03:00,2026-08-25 23:57:16+03:00,الغارات الحربيه المعاديه,قصف وغارات,صربين,1412,صربين,none,1,DUPLICATE_OF_NEWS,,,ba8c9f7c-9544-4bc8-be7b-95f20a81f241,,19
28781,alichoeib1970,2026-08-25,2026-08-25 00:00:00+03:00,2026-08-25 23:57:16+03:00,الغارات الحربيه المعاديه,قصف وغارات,علي الطاهر,87,علي الطاهر,none,1,DUPLICATE_OF_NEWS,,,02027a23-9b58-44ad-a668-e6110bb5cd96,,71
28781,alichoeib1970,2026-08-25,2026-08-25 00:00:00+03:00,2026-08-25 23:57:16+03:00,الغارات الحربيه المعاديه,قصف وغارات,وادي السلوقي لجهه شقرا,1464,تولين,none,1,NOT_IN_INCIDENTS,NEWS_FAILED,error; held_for_review,,29693;28380;28423;28816;29688;29696;30428;30438;30489;30505;30622;30902;30905;30913;31049,
28781,alichoeib1970,2026-08-25,2026-08-25 00:00:00+03:00,2026-08-25 23:57:16+03:00,الغارات الحربيه المعاديه,قصف وغارات,تله الدبشه – علي الطاهر,851,كفر رمان,between,1,DUPLICATE_OF_NEWS,,,02027a23-9b58-44ad-a668-e6110bb5cd96;b0fe9b2f-48cf-4bbf-9aa5-1fe768225be1,,71
28781,alichoeib1970,2026-08-25,2026-08-25 00:00:00+03:00,2026-08-25 23:57:16+03:00,الغارات الحربيه المعاديه,قصف وغارات,القنطره,1228,قنطرة,none,1,NOT_IN_INCIDENTS,NEWS_FAILED,error,,29811;29731,
28781,alichoeib1970,2026-08-25,2026-08-25 00:00:00+03:00,2026-08-25 23:57:16+03:00,التفجيرات المعاديه,تلغيم وتفجير,حاريص,650,حاريص,none,1,NOT_IN_INCIDENTS,NEWS_WRONG_VILLAGE,القنطرة; المنصوري; حداثا; طير حرفا; ياطر,,30605;30605;29123;30605;30605,
28781,alichoeib1970,2026-08-25,2026-08-25 00:00:00+03:00,2026-08-25 23:57:16+03:00,التفجيرات المعاديه,تلغيم وتفجير,زوطر الشرقيه,1519,زوطر الشرقية,none,1,DUPLICATE_OF_NEWS,,,295684fc-8495-46cc-b13e-516e5c289081,,900
28781,alichoeib1970,2026-08-25,2026-08-25 00:00:00+03:00,2026-08-25 23:57:16+03:00,التفجيرات المعاديه,تلغيم وتفجير,عيناثا,144,عيناتا بنت جبيل,none,1,NOT_IN_INCIDENTS,NEWS_FAILED,error,,30609,
28781,alichoeib1970,2026-08-25,2026-08-25 00:00:00+03:00,2026-08-25 23:57:16+03:00,التفجيرات المعاديه,تلغيم وتفجير,ميس الجبل,1079,ميس الجبل,none,1,DUPLICATE_OF_NEWS,,,66338b35-4529-4bc8-af8d-a5f6f8528b00,,809
28781,alichoeib1970,2026-08-25,2026-08-25 00:00:00+03:00,2026-08-25 23:57:16+03:00,التفجيرات المعاديه,تلغيم وتفجير,طيرحرفا,1443,طير حرفا,none,1,SAME_VILLAGE_OTHER_ACTION,قصف مدفعي,,,,
28781,alichoeib1970,2026-08-25,2026-08-25 00:00:00+03:00,2026-08-25 23:57:16+03:00,التفجيرات المعاديه,تلغيم وتفجير,المنصوري | مشاع المنصوري,976,المنصوري,none,1,SAME_VILLAGE_OTHER_ACTION,قصف وغارات,,,,
28781,alichoeib1970,2026-08-25,2026-08-25 00:00:00+03:00,2026-08-25 23:57:16+03:00,التفجيرات المعاديه,تلغيم وتفجير,صربين,1412,صربين,none,1,DUPLICATE_OF_NEWS,,,4cdfc5b4-c01c-4029-a340-abd68d36352e,,347
28781,alichoeib1970,2026-08-25,2026-08-25 00:00:00+03:00,2026-08-25 23:57:16+03:00,التفجيرات المعاديه,تلغيم وتفجير,مركبا,991,مركبا,none,1,SAME_VILLAGE_OTHER_ACTION,قصف مدفعي,,,,
28781,alichoeib1970,2026-08-25,2026-08-25 00:00:00+03:00,2026-08-25 23:57:16+03:00,التفجيرات المعاديه,تلغيم وتفجير,الخيام,901,الخيام,none,1,DUPLICATE_OF_NEWS,,,ee8c6d9a-7dfc-4683-a48f-5389c955c4ae,,-9
28781,alichoeib1970,2026-08-25,2026-08-25 00:00:00+03:00,2026-08-25 23:57:16+03:00,قنبله صوتيه,قنابل صوتية,ياطر — قنبله صوتيه,1490,ياطر,none,1,DUPLICATE_OF_NEWS,,,349dc905-819e-43f0-bc63-a2830315ed90,,654
28781,alichoeib1970,2026-08-25,2026-08-25 00:00:00+03:00,2026-08-25 23:57:16+03:00,عمليات التمشيط,عملية تمشيط,بيت ليف,269,بيت ليف,none,1,DUPLICATE_OF_NEWS,,,a9e879a7-3690-47c9-8457-417b876c4eda,,662
28781,alichoeib1970,2026-08-25,2026-08-25 00:00:00+03:00,2026-08-25 23:57:16+03:00,عمليات التمشيط,عملية تمشيط,مشاع المنصوري,976,المنصوري,none,1,SAME_VILLAGE_OTHER_ACTION,قصف وغارات,,,,
28426,Janoubana; nabatiehchannel; sameralhajali,2026-08-25,2026-08-25 00:00:00+03:00,2026-08-25 23:58:07+03:00,القصف المدفعي المعادي,قصف مدفعي,المنصوري,976,المنصوري,none,1,SAME_VILLAGE_OTHER_ACTION,قصف وغارات,,,,
28426,Janoubana; nabatiehchannel; sameralhajali,2026-08-25,2026-08-25 00:00:00+03:00,2026-08-25 23:58:07+03:00,القصف المدفعي المعادي,قصف مدفعي,بني حيان,205,بني حيان,none,1,DUPLICATE_OF_NEWS,,,90d58264-20fa-45fb-93a3-cac265cd50eb;3fecb60b-cc33-4682-af47-21d46be345b9,,541
28426,Janoubana; nabatiehchannel; sameralhajali,2026-08-25,2026-08-25 00:00:00+03:00,2026-08-25 23:58:07+03:00,القصف المدفعي المعادي,قصف مدفعي,صربين,1412,صربين,none,1,DUPLICATE_OF_NEWS,,,964ac85c-4aaa-4f9f-ba58-841f24397c0b,,465
28426,Janoubana; nabatiehchannel; sameralhajali,2026-08-25,2026-08-25 00:00:00+03:00,2026-08-25 23:58:07+03:00,القصف المدفعي المعادي,قصف مدفعي,القنطره,1228,قنطرة,none,1,NOT_IN_INCIDENTS,NEWS_FAILED,error,,29811;29731,
28426,Janoubana; nabatiehchannel; sameralhajali,2026-08-25,2026-08-25 00:00:00+03:00,2026-08-25 23:58:07+03:00,القصف المدفعي المعادي,قصف مدفعي,الخيام,901,الخيام,none,1,DUPLICATE_OF_NEWS,,,d732886a-1539-4e3f-b886-bbd9c78d2661,,754
28426,Janoubana; nabatiehchannel; sameralhajali,2026-08-25,2026-08-25 00:00:00+03:00,2026-08-25 23:58:07+03:00,القصف المدفعي المعادي,قصف مدفعي,بيت ليف,269,بيت ليف,none,1,SAME_VILLAGE_OTHER_ACTION,عملية تمشيط,,,,
28426,Janoubana; nabatiehchannel; sameralhajali,2026-08-25,2026-08-25 00:00:00+03:00,2026-08-25 23:58:07+03:00,القصف المدفعي المعادي,قصف مدفعي,طيرحرفا – مجدلزون,1443,طير حرفا,between,1,DUPLICATE_OF_NEWS,,,d5f5d436-963a-46a5-b916-842d67d308bc,,674
28426,Janoubana; nabatiehchannel; sameralhajali,2026-08-25,2026-08-25 00:00:00+03:00,2026-08-25 23:58:07+03:00,القصف المدفعي المعادي,قصف مدفعي,وادي زبقين,1523,زبقين,none,1,NOT_IN_INCIDENTS,NEWS_FAILED,error,,30609,
28426,Janoubana; nabatiehchannel; sameralhajali,2026-08-25,2026-08-25 00:00:00+03:00,2026-08-25 23:58:07+03:00,القصف المدفعي المعادي,قصف مدفعي,وادي السلوقي,1464,تولين,none,1,NOT_IN_INCIDENTS,NEWS_FAILED,error; held_for_review,,29693;28380;28423;28816;29688;29696;30428;30438;30489;30505;30622;30902;30905;30913;31049,
28426,Janoubana; nabatiehchannel; sameralhajali,2026-08-25,2026-08-25 00:00:00+03:00,2026-08-25 23:58:07+03:00,القصف المدفعي المعادي,قصف مدفعي,برعشيت – بيت ياحون,207,برعشيت,between,1,DUPLICATE_OF_NEWS,,,3bd1ea8f-2cd9-4f11-8ab7-3eba7b17910a,,370
28426,Janoubana; nabatiehchannel; sameralhajali,2026-08-25,2026-08-25 00:00:00+03:00,2026-08-25 23:58:07+03:00,القصف المدفعي المعادي,قصف مدفعي,علي الطاهر,87,علي الطاهر,none,1,DUPLICATE_OF_NEWS,,,993616ed-a84e-4e6c-ba84-a364cf72593d;56707821-7015-4bad-b250-eb97887c9a80,,173
28426,Janoubana; nabatiehchannel; sameralhajali,2026-08-25,2026-08-25 00:00:00+03:00,2026-08-25 23:58:07+03:00,الغارات الحربيه المعاديه,قصف وغارات,المنصوري,976,المنصوري,none,1,DUPLICATE_OF_NEWS,,,f4928e91-e9d2-4086-8d82-2016e981f04e,,72
28426,Janoubana; nabatiehchannel; sameralhajali,2026-08-25,2026-08-25 00:00:00+03:00,2026-08-25 23:58:07+03:00,الغارات الحربيه المعاديه,قصف وغارات,صربين,1412,صربين,none,1,DUPLICATE_OF_NEWS,,,ba8c9f7c-9544-4bc8-be7b-95f20a81f241,,20
28426,Janoubana; nabatiehchannel; sameralhajali,2026-08-25,2026-08-25 00:00:00+03:00,2026-08-25 23:58:07+03:00,الغارات الحربيه المعاديه,قصف وغارات,علي الطاهر,87,علي الطاهر,none,1,DUPLICATE_OF_NEWS,,,02027a23-9b58-44ad-a668-e6110bb5cd96,,72
28426,Janoubana; nabatiehchannel; sameralhajali,2026-08-25,2026-08-25 00:00:00+03:00,2026-08-25 23:58:07+03:00,الغارات الحربيه المعاديه,قصف وغارات,وادي السلوقي لجهه شقرا,1464,تولين,none,1,NOT_IN_INCIDENTS,NEWS_FAILED,error; held_for_review,,29693;28380;28423;28816;29688;29696;30428;30438;30489;30505;30622;30902;30905;30913;31049,
28426,Janoubana; nabatiehchannel; sameralhajali,2026-08-25,2026-08-25 00:00:00+03:00,2026-08-25 23:58:07+03:00,الغارات الحربيه المعاديه,قصف وغارات,تله الدبشه – علي الطاهر,851,كفر رمان,between,1,DUPLICATE_OF_NEWS,,,02027a23-9b58-44ad-a668-e6110bb5cd96;b0fe9b2f-48cf-4bbf-9aa5-1fe768225be1,,72
28426,Janoubana; nabatiehchannel; sameralhajali,2026-08-25,2026-08-25 00:00:00+03:00,2026-08-25 23:58:07+03:00,الغارات الحربيه المعاديه,قصف وغارات,القنطره,1228,قنطرة,none,1,NOT_IN_INCIDENTS,NEWS_FAILED,error,,29811;29731,
28426,Janoubana; nabatiehchannel; sameralhajali,2026-08-25,2026-08-25 00:00:00+03:00,2026-08-25 23:58:07+03:00,التفجيرات المعاديه,تلغيم وتفجير,حاريص,650,حاريص,none,1,NOT_IN_INCIDENTS,NEWS_WRONG_VILLAGE,القنطرة; المنصوري; حداثا; طير حرفا; ياطر,,30605;30605;29123;30605;30605,
28426,Janoubana; nabatiehchannel; sameralhajali,2026-08-25,2026-08-25 00:00:00+03:00,2026-08-25 23:58:07+03:00,التفجيرات المعاديه,تلغيم وتفجير,زوطر الشرقيه,1519,زوطر الشرقية,none,1,DUPLICATE_OF_NEWS,,,295684fc-8495-46cc-b13e-516e5c289081,,901
28426,Janoubana; nabatiehchannel; sameralhajali,2026-08-25,2026-08-25 00:00:00+03:00,2026-08-25 23:58:07+03:00,التفجيرات المعاديه,تلغيم وتفجير,عيناثا,144,عيناتا بنت جبيل,none,1,NOT_IN_INCIDENTS,NEWS_FAILED,error,,30609,
28426,Janoubana; nabatiehchannel; sameralhajali,2026-08-25,2026-08-25 00:00:00+03:00,2026-08-25 23:58:07+03:00,التفجيرات المعاديه,تلغيم وتفجير,ميس الجبل,1079,ميس الجبل,none,1,DUPLICATE_OF_NEWS,,,66338b35-4529-4bc8-af8d-a5f6f8528b00,,809
28426,Janoubana; nabatiehchannel; sameralhajali,2026-08-25,2026-08-25 00:00:00+03:00,2026-08-25 23:58:07+03:00,التفجيرات المعاديه,تلغيم وتفجير,طيرحرفا,1443,طير حرفا,none,1,SAME_VILLAGE_OTHER_ACTION,قصف مدفعي,,,,
28426,Janoubana; nabatiehchannel; sameralhajali,2026-08-25,2026-08-25 00:00:00+03:00,2026-08-25 23:58:07+03:00,التفجيرات المعاديه,تلغيم وتفجير,المنصوري | مشاع المنصوري,976,المنصوري,none,1,SAME_VILLAGE_OTHER_ACTION,قصف وغارات,,,,
28426,Janoubana; nabatiehchannel; sameralhajali,2026-08-25,2026-08-25 00:00:00+03:00,2026-08-25 23:58:07+03:00,التفجيرات المعاديه,تلغيم وتفجير,صربين,1412,صربين,none,1,DUPLICATE_OF_NEWS,,,4cdfc5b4-c01c-4029-a340-abd68d36352e,,348
28426,Janoubana; nabatiehchannel; sameralhajali,2026-08-25,2026-08-25 00:00:00+03:00,2026-08-25 23:58:07+03:00,التفجيرات المعاديه,تلغيم وتفجير,مركبا,991,مركبا,none,1,SAME_VILLAGE_OTHER_ACTION,قصف مدفعي,,,,
28426,Janoubana; nabatiehchannel; sameralhajali,2026-08-25,2026-08-25 00:00:00+03:00,2026-08-25 23:58:07+03:00,التفجيرات المعاديه,تلغيم وتفجير,الخيام,901,الخيام,none,1,DUPLICATE_OF_NEWS,,,ee8c6d9a-7dfc-4683-a48f-5389c955c4ae,,-8
28426,Janoubana; nabatiehchannel; sameralhajali,2026-08-25,2026-08-25 00:00:00+03:00,2026-08-25 23:58:07+03:00,قنبله صوتيه,قنابل صوتية,ياطر — قنبله صوتيه,1490,ياطر,none,1,DUPLICATE_OF_NEWS,,,349dc905-819e-43f0-bc63-a2830315ed90,,655
28426,Janoubana; nabatiehchannel; sameralhajali,2026-08-25,2026-08-25 00:00:00+03:00,2026-08-25 23:58:07+03:00,عمليات التمشيط,عملية تمشيط,بيت ليف,269,بيت ليف,none,1,DUPLICATE_OF_NEWS,,,a9e879a7-3690-47c9-8457-417b876c4eda,,663
28426,Janoubana; nabatiehchannel; sameralhajali,2026-08-25,2026-08-25 00:00:00+03:00,2026-08-25 23:58:07+03:00,عمليات التمشيط,عملية تمشيط,مشاع المنصوري,976,المنصوري,none,1,SAME_VILLAGE_OTHER_ACTION,قصف وغارات,,,,
28646,mehwaralmokawma,2026-08-25,2026-08-25 00:00:00+03:00,2026-08-25 23:58:32+03:00,القصف المدفعي المعادي,قصف مدفعي,المنصوري,976,المنصوري,none,1,SAME_VILLAGE_OTHER_ACTION,قصف وغارات,,,,
28646,mehwaralmokawma,2026-08-25,2026-08-25 00:00:00+03:00,2026-08-25 23:58:32+03:00,القصف المدفعي المعادي,قصف مدفعي,بني حيان,205,بني حيان,none,1,DUPLICATE_OF_NEWS,,,90d58264-20fa-45fb-93a3-cac265cd50eb;3fecb60b-cc33-4682-af47-21d46be345b9,,541
28646,mehwaralmokawma,2026-08-25,2026-08-25 00:00:00+03:00,2026-08-25 23:58:32+03:00,القصف المدفعي المعادي,قصف مدفعي,صربين,1412,صربين,none,1,DUPLICATE_OF_NEWS,,,964ac85c-4aaa-4f9f-ba58-841f24397c0b,,465
28646,mehwaralmokawma,2026-08-25,2026-08-25 00:00:00+03:00,2026-08-25 23:58:32+03:00,القصف المدفعي المعادي,قصف مدفعي,القنطره,1228,قنطرة,none,1,NOT_IN_INCIDENTS,NEWS_FAILED,error,,29811;29731,
28646,mehwaralmokawma,2026-08-25,2026-08-25 00:00:00+03:00,2026-08-25 23:58:32+03:00,القصف المدفعي المعادي,قصف مدفعي,الخيام,901,الخيام,none,1,DUPLICATE_OF_NEWS,,,d732886a-1539-4e3f-b886-bbd9c78d2661,,754
28646,mehwaralmokawma,2026-08-25,2026-08-25 00:00:00+03:00,2026-08-25 23:58:32+03:00,القصف المدفعي المعادي,قصف مدفعي,بيت ليف,269,بيت ليف,none,1,SAME_VILLAGE_OTHER_ACTION,عملية تمشيط,,,,
28646,mehwaralmokawma,2026-08-25,2026-08-25 00:00:00+03:00,2026-08-25 23:58:32+03:00,القصف المدفعي المعادي,قصف مدفعي,طيرحرفا – مجدلزون,1443,طير حرفا,between,1,DUPLICATE_OF_NEWS,,,d5f5d436-963a-46a5-b916-842d67d308bc,,674
28646,mehwaralmokawma,2026-08-25,2026-08-25 00:00:00+03:00,2026-08-25 23:58:32+03:00,القصف المدفعي المعادي,قصف مدفعي,وادي زبقين,1523,زبقين,none,1,NOT_IN_INCIDENTS,NEWS_FAILED,error,,30609,
28646,mehwaralmokawma,2026-08-25,2026-08-25 00:00:00+03:00,2026-08-25 23:58:32+03:00,القصف المدفعي المعادي,قصف مدفعي,وادي السلوقي,1464,تولين,none,1,NOT_IN_INCIDENTS,NEWS_FAILED,error; held_for_review,,29693;28380;28423;28816;29688;29696;30428;30438;30489;30505;30622;30902;30905;30913;31049,
28646,mehwaralmokawma,2026-08-25,2026-08-25 00:00:00+03:00,2026-08-25 23:58:32+03:00,القصف المدفعي المعادي,قصف مدفعي,برعشيت – بيت ياحون,207,برعشيت,between,1,DUPLICATE_OF_NEWS,,,3bd1ea8f-2cd9-4f11-8ab7-3eba7b17910a,,371
28646,mehwaralmokawma,2026-08-25,2026-08-25 00:00:00+03:00,2026-08-25 23:58:32+03:00,القصف المدفعي المعادي,قصف مدفعي,علي الطاهر,87,علي الطاهر,none,1,DUPLICATE_OF_NEWS,,,993616ed-a84e-4e6c-ba84-a364cf72593d;56707821-7015-4bad-b250-eb97887c9a80,,173
28646,mehwaralmokawma,2026-08-25,2026-08-25 00:00:00+03:00,2026-08-25 23:58:32+03:00,الغارات الحربيه المعاديه,قصف وغارات,المنصوري,976,المنصوري,none,1,DUPLICATE_OF_NEWS,,,f4928e91-e9d2-4086-8d82-2016e981f04e,,72
28646,mehwaralmokawma,2026-08-25,2026-08-25 00:00:00+03:00,2026-08-25 23:58:32+03:00,الغارات الحربيه المعاديه,قصف وغارات,صربين,1412,صربين,none,1,DUPLICATE_OF_NEWS,,,ba8c9f7c-9544-4bc8-be7b-95f20a81f241,,21
28646,mehwaralmokawma,2026-08-25,2026-08-25 00:00:00+03:00,2026-08-25 23:58:32+03:00,الغارات الحربيه المعاديه,قصف وغارات,علي الطاهر,87,علي الطاهر,none,1,DUPLICATE_OF_NEWS,,,02027a23-9b58-44ad-a668-e6110bb5cd96,,72
28646,mehwaralmokawma,2026-08-25,2026-08-25 00:00:00+03:00,2026-08-25 23:58:32+03:00,الغارات الحربيه المعاديه,قصف وغارات,وادي السلوقي لجهه شقرا,1464,تولين,none,1,NOT_IN_INCIDENTS,NEWS_FAILED,error; held_for_review,,29693;28380;28423;28816;29688;29696;30428;30438;30489;30505;30622;30902;30905;30913;31049,
28646,mehwaralmokawma,2026-08-25,2026-08-25 00:00:00+03:00,2026-08-25 23:58:32+03:00,الغارات الحربيه المعاديه,قصف وغارات,تله الدبشه – علي الطاهر,851,كفر رمان,between,1,DUPLICATE_OF_NEWS,,,02027a23-9b58-44ad-a668-e6110bb5cd96;b0fe9b2f-48cf-4bbf-9aa5-1fe768225be1,,72
28646,mehwaralmokawma,2026-08-25,2026-08-25 00:00:00+03:00,2026-08-25 23:58:32+03:00,الغارات الحربيه المعاديه,قصف وغارات,القنطره,1228,قنطرة,none,1,NOT_IN_INCIDENTS,NEWS_FAILED,error,,29811;29731,
28646,mehwaralmokawma,2026-08-25,2026-08-25 00:00:00+03:00,2026-08-25 23:58:32+03:00,التفجيرات المعاديه,تلغيم وتفجير,حاريص,650,حاريص,none,1,NOT_IN_INCIDENTS,NEWS_WRONG_VILLAGE,القنطرة; المنصوري; حداثا; طير حرفا; ياطر,,30605;30605;29123;30605;30605,
28646,mehwaralmokawma,2026-08-25,2026-08-25 00:00:00+03:00,2026-08-25 23:58:32+03:00,التفجيرات المعاديه,تلغيم وتفجير,زوطر الشرقيه,1519,زوطر الشرقية,none,1,DUPLICATE_OF_NEWS,,,295684fc-8495-46cc-b13e-516e5c289081,,901
28646,mehwaralmokawma,2026-08-25,2026-08-25 00:00:00+03:00,2026-08-25 23:58:32+03:00,التفجيرات المعاديه,تلغيم وتفجير,عيناثا,144,عيناتا بنت جبيل,none,1,NOT_IN_INCIDENTS,NEWS_FAILED,error,,30609,
28646,mehwaralmokawma,2026-08-25,2026-08-25 00:00:00+03:00,2026-08-25 23:58:32+03:00,التفجيرات المعاديه,تلغيم وتفجير,ميس الجبل,1079,ميس الجبل,none,1,DUPLICATE_OF_NEWS,,,66338b35-4529-4bc8-af8d-a5f6f8528b00,,810
28646,mehwaralmokawma,2026-08-25,2026-08-25 00:00:00+03:00,2026-08-25 23:58:32+03:00,التفجيرات المعاديه,تلغيم وتفجير,طيرحرفا,1443,طير حرفا,none,1,SAME_VILLAGE_OTHER_ACTION,قصف مدفعي,,,,
28646,mehwaralmokawma,2026-08-25,2026-08-25 00:00:00+03:00,2026-08-25 23:58:32+03:00,التفجيرات المعاديه,تلغيم وتفجير,المنصوري | مشاع المنصوري,976,المنصوري,none,1,SAME_VILLAGE_OTHER_ACTION,قصف وغارات,,,,
28646,mehwaralmokawma,2026-08-25,2026-08-25 00:00:00+03:00,2026-08-25 23:58:32+03:00,التفجيرات المعاديه,تلغيم وتفجير,صربين,1412,صربين,none,1,DUPLICATE_OF_NEWS,,,4cdfc5b4-c01c-4029-a340-abd68d36352e,,349
28646,mehwaralmokawma,2026-08-25,2026-08-25 00:00:00+03:00,2026-08-25 23:58:32+03:00,التفجيرات المعاديه,تلغيم وتفجير,مركبا,991,مركبا,none,1,SAME_VILLAGE_OTHER_ACTION,قصف مدفعي,,,,
28646,mehwaralmokawma,2026-08-25,2026-08-25 00:00:00+03:00,2026-08-25 23:58:32+03:00,التفجيرات المعاديه,تلغيم وتفجير,الخيام,901,الخيام,none,1,DUPLICATE_OF_NEWS,,,ee8c6d9a-7dfc-4683-a48f-5389c955c4ae,,-8
28646,mehwaralmokawma,2026-08-25,2026-08-25 00:00:00+03:00,2026-08-25 23:58:32+03:00,قنبله صوتيه,قنابل صوتية,ياطر — قنبله صوتيه,1490,ياطر,none,1,DUPLICATE_OF_NEWS,,,349dc905-819e-43f0-bc63-a2830315ed90,,655
28646,mehwaralmokawma,2026-08-25,2026-08-25 00:00:00+03:00,2026-08-25 23:58:32+03:00,عمليات التمشيط,عملية تمشيط,بيت ليف,269,بيت ليف,none,1,DUPLICATE_OF_NEWS,,,a9e879a7-3690-47c9-8457-417b876c4eda,,663
28646,mehwaralmokawma,2026-08-25,2026-08-25 00:00:00+03:00,2026-08-25 23:58:32+03:00,عمليات التمشيط,عملية تمشيط,مشاع المنصوري,976,المنصوري,none,1,SAME_VILLAGE_OTHER_ACTION,قصف وغارات,,,,
33245,Red Alert Lebanon,2026-08-25,2026-08-25 00:00:00+03:00,2026-08-25 23:58:33+03:00,غارات جويه,قصف وغارات,المنصوري — 3,976,المنصوري,none,1,DUPLICATE_OF_NEWS,,,f4928e91-e9d2-4086-8d82-2016e981f04e,,72
33245,Red Alert Lebanon,2026-08-25,2026-08-25 00:00:00+03:00,2026-08-25 23:58:33+03:00,غارات جويه,قصف وغارات,دوحه كفر رمان — 2,851,كفر رمان,none,1,DUPLICATE_OF_NEWS,,,b0fe9b2f-48cf-4bbf-9aa5-1fe768225be1,,540
33245,Red Alert Lebanon,2026-08-25,2026-08-25 00:00:00+03:00,2026-08-25 23:58:33+03:00,غارات جويه,قصف وغارات,صربين — 1,1412,صربين,none,1,DUPLICATE_OF_NEWS,,,ba8c9f7c-9544-4bc8-be7b-95f20a81f241,,21
33245,Red Alert Lebanon,2026-08-25,2026-08-25 00:00:00+03:00,2026-08-25 23:58:33+03:00,غارات جويه,قصف وغارات,القنطره — 1,1228,قنطرة,none,1,NOT_IN_INCIDENTS,NEWS_FAILED,error,,29811;29731,
33245,Red Alert Lebanon,2026-08-25,2026-08-25 00:00:00+03:00,2026-08-25 23:58:33+03:00,غارات جويه,قصف وغارات,علي الطاهر — 1,87,علي الطاهر,none,1,DUPLICATE_OF_NEWS,,,02027a23-9b58-44ad-a668-e6110bb5cd96,,72
33245,Red Alert Lebanon,2026-08-25,2026-08-25 00:00:00+03:00,2026-08-25 23:58:33+03:00,قصف مدفعي,قصف مدفعي,المنصوري — 8,976,المنصوري,none,1,SAME_VILLAGE_OTHER_ACTION,قصف وغارات,,,,
33245,Red Alert Lebanon,2026-08-25,2026-08-25 00:00:00+03:00,2026-08-25 23:58:33+03:00,قصف مدفعي,قصف مدفعي,بني حيان — 5,205,بني حيان,none,1,DUPLICATE_OF_NEWS,,,90d58264-20fa-45fb-93a3-cac265cd50eb;3fecb60b-cc33-4682-af47-21d46be345b9,,541
33245,Red Alert Lebanon,2026-08-25,2026-08-25 00:00:00+03:00,2026-08-25 23:58:33+03:00,قصف مدفعي,قصف مدفعي,طير حرفا — 3,1443,طير حرفا,none,1,DUPLICATE_OF_NEWS,,,d5f5d436-963a-46a5-b916-842d67d308bc,,674
33245,Red Alert Lebanon,2026-08-25,2026-08-25 00:00:00+03:00,2026-08-25 23:58:33+03:00,قصف مدفعي,قصف مدفعي,صربين — 2,1412,صربين,none,1,DUPLICATE_OF_NEWS,,,964ac85c-4aaa-4f9f-ba58-841f24397c0b,,465
33245,Red Alert Lebanon,2026-08-25,2026-08-25 00:00:00+03:00,2026-08-25 23:58:33+03:00,قصف مدفعي,قصف مدفعي,برعشيت — 2,207,برعشيت,none,1,NOT_IN_INCIDENTS,NEWS_WRONG_VILLAGE,المنصوري; بيت ياحون; عيترون,,30523;28528;29302,
33245,Red Alert Lebanon,2026-08-25,2026-08-25 00:00:00+03:00,2026-08-25 23:58:33+03:00,قصف مدفعي,قصف مدفعي,دوحه كفر رمان — 1,851,كفر رمان,none,1,SAME_VILLAGE_OTHER_ACTION,قصف وغارات,,,,
33245,Red Alert Lebanon,2026-08-25,2026-08-25 00:00:00+03:00,2026-08-25 23:58:33+03:00,قصف مدفعي,قصف مدفعي,علي الطاهر — 1,87,علي الطاهر,none,1,DUPLICATE_OF_NEWS,,,993616ed-a84e-4e6c-ba84-a364cf72593d;56707821-7015-4bad-b250-eb97887c9a80,,173
33245,Red Alert Lebanon,2026-08-25,2026-08-25 00:00:00+03:00,2026-08-25 23:58:33+03:00,قصف مدفعي,قصف مدفعي,النبطيه الفوقا — 1,1153,نبطية الفوقا,none,1,DUPLICATE_OF_NEWS,,,43f4dec3-3137-4464-98a2-40015c78ad32,,180
33245,Red Alert Lebanon,2026-08-25,2026-08-25 00:00:00+03:00,2026-08-25 23:58:33+03:00,قصف مدفعي,قصف مدفعي,زبقين — 1,1523,زبقين,none,1,NOT_IN_INCIDENTS,NEWS_FAILED,error,,30609,
33245,Red Alert Lebanon,2026-08-25,2026-08-25 00:00:00+03:00,2026-08-25 23:58:33+03:00,قصف مدفعي,قصف مدفعي,الخيام — 1,901,الخيام,none,1,DUPLICATE_OF_NEWS,,,d732886a-1539-4e3f-b886-bbd9c78d2661,,754
33245,Red Alert Lebanon,2026-08-25,2026-08-25 00:00:00+03:00,2026-08-25 23:58:33+03:00,قصف مدفعي,قصف مدفعي,بيت ليف — 1,269,بيت ليف,none,1,SAME_VILLAGE_OTHER_ACTION,عملية تمشيط,,,,
33245,Red Alert Lebanon,2026-08-25,2026-08-25 00:00:00+03:00,2026-08-25 23:58:33+03:00,قصف مدفعي,قصف مدفعي,مركبا — 1,991,مركبا,none,1,DUPLICATE_OF_NEWS,,,bf66283f-8356-4421-a108-0b85f42f7612,,944
33245,Red Alert Lebanon,2026-08-25,2026-08-25 00:00:00+03:00,2026-08-25 23:58:33+03:00,قصف مدفعي,قصف مدفعي,القنطره — 1,1228,قنطرة,none,1,NOT_IN_INCIDENTS,NEWS_FAILED,error,,29811;29731,
30080,hashemsayed,2026-08-26,2026-08-26 00:00:00+03:00,2026-08-26 08:54:53+03:00,قصف المدفعي,قصف مدفعي,دوحه كفررمان,851,كفر رمان,none,1,NOT_IN_INCIDENTS,NEWS_FAILED,error,,29749,
30080,hashemsayed,2026-08-26,2026-08-26 00:00:00+03:00,2026-08-26 08:54:53+03:00,قصف المدفعي,قصف مدفعي,علي الطاهر,87,علي الطاهر,none,1,NOT_IN_INCIDENTS,NEWS_FAILED,error,,28389;30957,
30080,hashemsayed,2026-08-26,2026-08-26 00:00:00+03:00,2026-08-26 08:54:53+03:00,قصف المدفعي,قصف مدفعي,وادي السلوقي,1464,تولين,none,1,NOT_IN_INCIDENTS,NEWS_NEVER_ARRIVED,,,,
30080,hashemsayed,2026-08-26,2026-08-26 00:00:00+03:00,2026-08-26 08:54:53+03:00,قصف المدفعي,قصف مدفعي,المنصوري,976,المنصوري,none,1,NOT_IN_INCIDENTS,NEWS_REJECTED,unspecified,,33215;33238;33389;33326,
30080,hashemsayed,2026-08-26,2026-08-26 00:00:00+03:00,2026-08-26 08:54:53+03:00,قصف المدفعي,قصف مدفعي,اطراف ميفدون,1003,ميفدون,none,1,NOT_IN_INCIDENTS,NEWS_NEVER_ARRIVED,,,,
30080,hashemsayed,2026-08-26,2026-08-26 00:00:00+03:00,2026-08-26 08:54:53+03:00,الغارات من الطائرات الحربيه,قصف وغارات,اطراف النبطيه الفوقا,1153,نبطية الفوقا,none,1,NOT_IN_INCIDENTS,NEWS_FAILED,error,,28387;28390;30142;30957;31073,
30080,hashemsayed,2026-08-26,2026-08-26 00:00:00+03:00,2026-08-26 08:54:53+03:00,تفجيرات,تلغيم وتفجير,مجدل زون,969,مجدل زون,none,1,NOT_IN_INCIDENTS,NEWS_NEVER_ARRIVED,,,,
28581,sameralhajali,2026-08-26,2026-08-26 00:00:00+03:00,2026-08-26 08:56:31+03:00,قصف المدفعي,قصف مدفعي,دوحه كفررمان,851,كفر رمان,none,1,NOT_IN_INCIDENTS,NEWS_FAILED,error,,29749,
28581,sameralhajali,2026-08-26,2026-08-26 00:00:00+03:00,2026-08-26 08:56:31+03:00,قصف المدفعي,قصف مدفعي,علي الطاهر,87,علي الطاهر,none,1,NOT_IN_INCIDENTS,NEWS_FAILED,error,,28389;30957,
28581,sameralhajali,2026-08-26,2026-08-26 00:00:00+03:00,2026-08-26 08:56:31+03:00,قصف المدفعي,قصف مدفعي,وادي السلوقي,1464,تولين,none,1,NOT_IN_INCIDENTS,NEWS_NEVER_ARRIVED,,,,
28581,sameralhajali,2026-08-26,2026-08-26 00:00:00+03:00,2026-08-26 08:56:31+03:00,قصف المدفعي,قصف مدفعي,المنصوري,976,المنصوري,none,1,NOT_IN_INCIDENTS,NEWS_REJECTED,unspecified,,33215;33238;33389;33326,
28581,sameralhajali,2026-08-26,2026-08-26 00:00:00+03:00,2026-08-26 08:56:31+03:00,قصف المدفعي,قصف مدفعي,اطراف ميفدون,1003,ميفدون,none,1,NOT_IN_INCIDENTS,NEWS_NEVER_ARRIVED,,,,
28581,sameralhajali,2026-08-26,2026-08-26 00:00:00+03:00,2026-08-26 08:56:31+03:00,الغارات من الطائرات الحربيه,قصف وغارات,اطراف النبطيه الفوقا,1153,نبطية الفوقا,none,1,NOT_IN_INCIDENTS,NEWS_FAILED,error,,28387;28390;30142;30957;31073,
28581,sameralhajali,2026-08-26,2026-08-26 00:00:00+03:00,2026-08-26 08:56:31+03:00,تفجيرات,تلغيم وتفجير,مجدل زون,969,مجدل زون,none,1,NOT_IN_INCIDENTS,NEWS_NEVER_ARRIVED,,,,
29727,mehwaralmokawma,2026-08-26,2026-08-26 00:00:00+03:00,2026-08-26 08:58:38+03:00,قصف المدفعي,قصف مدفعي,دوحه كفررمان,851,كفر رمان,none,1,NOT_IN_INCIDENTS,NEWS_FAILED,error,,29749,
29727,mehwaralmokawma,2026-08-26,2026-08-26 00:00:00+03:00,2026-08-26 08:58:38+03:00,قصف المدفعي,قصف مدفعي,علي الطاهر,87,علي الطاهر,none,1,NOT_IN_INCIDENTS,NEWS_FAILED,error,,28389;30957,
29727,mehwaralmokawma,2026-08-26,2026-08-26 00:00:00+03:00,2026-08-26 08:58:38+03:00,قصف المدفعي,قصف مدفعي,وادي السلوقي,1464,تولين,none,1,NOT_IN_INCIDENTS,NEWS_NEVER_ARRIVED,,,,
29727,mehwaralmokawma,2026-08-26,2026-08-26 00:00:00+03:00,2026-08-26 08:58:38+03:00,قصف المدفعي,قصف مدفعي,المنصوري,976,المنصوري,none,1,NOT_IN_INCIDENTS,NEWS_REJECTED,unspecified,,33215;33238;33389;33326,
29727,mehwaralmokawma,2026-08-26,2026-08-26 00:00:00+03:00,2026-08-26 08:58:38+03:00,قصف المدفعي,قصف مدفعي,اطراف ميفدون,1003,ميفدون,none,1,NOT_IN_INCIDENTS,NEWS_NEVER_ARRIVED,,,,
29727,mehwaralmokawma,2026-08-26,2026-08-26 00:00:00+03:00,2026-08-26 08:58:38+03:00,الغارات من الطائرات الحربيه,قصف وغارات,اطراف النبطيه الفوقا,1153,نبطية الفوقا,none,1,NOT_IN_INCIDENTS,NEWS_FAILED,error,,28387;28390;30142;30957;31073,
29727,mehwaralmokawma,2026-08-26,2026-08-26 00:00:00+03:00,2026-08-26 08:58:38+03:00,تفجيرات,تلغيم وتفجير,مجدل زون,969,مجدل زون,none,1,NOT_IN_INCIDENTS,NEWS_NEVER_ARRIVED,,,,
28808,alichoeib1970,2026-08-26,2026-08-26 00:00:00+03:00,2026-08-27 00:00:14+03:00,القصف المدفعي المعادي,قصف مدفعي,المنصوري,976,المنصوري,none,1,SAME_VILLAGE_OTHER_ACTION,تلغيم وتفجير; قنابل صوتية,,,,
28808,alichoeib1970,2026-08-26,2026-08-26 00:00:00+03:00,2026-08-27 00:00:14+03:00,القصف المدفعي المعادي,قصف مدفعي,دوحه كفررمان | محيط الدبشه,851,كفر رمان,none,1,DUPLICATE_OF_NEWS,,,e5a87b0b-d55c-4a97-8463-6025b73401fe;66d22f95-993e-48c0-9b55-8b3151807451;a7f82774-d843-429a-b3d0-f832bee6db49,,-24
28808,alichoeib1970,2026-08-26,2026-08-26 00:00:00+03:00,2026-08-27 00:00:14+03:00,القصف المدفعي المعادي,قصف مدفعي,علي الطاهر,87,علي الطاهر,none,1,NOT_IN_INCIDENTS,NEWS_FAILED,error,,28389;30957,
28808,alichoeib1970,2026-08-26,2026-08-26 00:00:00+03:00,2026-08-27 00:00:14+03:00,القصف المدفعي المعادي,قصف مدفعي,وادي السلوقي,1464,تولين,none,1,NOT_IN_INCIDENTS,NEWS_FAILED,error,,28421;29945;30029;30038,
28808,alichoeib1970,2026-08-26,2026-08-26 00:00:00+03:00,2026-08-27 00:00:14+03:00,القصف المدفعي المعادي,قصف مدفعي,اطراف ميفدون,1003,ميفدون,none,1,NOT_IN_INCIDENTS,NEWS_FAILED,error,,30983,
28808,alichoeib1970,2026-08-26,2026-08-26 00:00:00+03:00,2026-08-27 00:00:14+03:00,القصف المدفعي المعادي,قصف مدفعي,بني حيان,205,بني حيان,none,1,SAME_VILLAGE_OTHER_ACTION,تلغيم وتفجير,,,,
28808,alichoeib1970,2026-08-26,2026-08-26 00:00:00+03:00,2026-08-27 00:00:14+03:00,القصف المدفعي المعادي,قصف مدفعي,ديرسريان,524,دير سريان,none,1,DUPLICATE_OF_NEWS,,,6e00c55e-3d94-4a49-8911-34775847df4c,,318
28808,alichoeib1970,2026-08-26,2026-08-26 00:00:00+03:00,2026-08-27 00:00:14+03:00,القصف المدفعي المعادي,قصف مدفعي,وادي زبقين,1523,زبقين,none,1,DUPLICATE_OF_NEWS,,,0b20bf99-a7f2-4ca3-b03d-80c4e2846fb0,,165
28808,alichoeib1970,2026-08-26,2026-08-26 00:00:00+03:00,2026-08-27 00:00:14+03:00,القصف المدفعي المعادي,قصف مدفعي,النبطيه الفوقا,1153,نبطية الفوقا,none,1,NOT_IN_INCIDENTS,NEWS_FAILED,error,,28387;28390;30142;30957;31073,
28808,alichoeib1970,2026-08-26,2026-08-26 00:00:00+03:00,2026-08-27 00:00:14+03:00,الغارات الحربيه المعاديه,قصف وغارات,اطراف النبطيه الفوقا,1153,نبطية الفوقا,none,1,NOT_IN_INCIDENTS,NEWS_FAILED,error,,28387;28390;30142;30957;31073,
28808,alichoeib1970,2026-08-26,2026-08-26 00:00:00+03:00,2026-08-27 00:00:14+03:00,الغارات الحربيه المعاديه,قصف وغارات,المنصوري,976,المنصوري,none,1,SAME_VILLAGE_OTHER_ACTION,تلغيم وتفجير; قنابل صوتية,,,,
28808,alichoeib1970,2026-08-26,2026-08-26 00:00:00+03:00,2026-08-27 00:00:14+03:00,الغارات الحربيه المعاديه,قصف وغارات,بين بيت ليف وياطر,269,بيت ليف,between,1,DUPLICATE_OF_NEWS,,,49d7731c-9e01-42df-b188-389c98030363,,155
28808,alichoeib1970,2026-08-26,2026-08-26 00:00:00+03:00,2026-08-27 00:00:14+03:00,التفجيرات المعاديه,تلغيم وتفجير,مجدل زون,969,مجدل زون,none,1,NOT_IN_INCIDENTS,NEWS_FAILED,error,,30967,
28808,alichoeib1970,2026-08-26,2026-08-26 00:00:00+03:00,2026-08-27 00:00:14+03:00,التفجيرات المعاديه,تلغيم وتفجير,مدينه بنت جبيل,280,بنت جبيل,none,1,NOT_IN_INCIDENTS,NEWS_FAILED,error,,28710;29995;30082;30975,
28808,alichoeib1970,2026-08-26,2026-08-26 00:00:00+03:00,2026-08-27 00:00:14+03:00,التفجيرات المعاديه,تلغيم وتفجير,اطراف برعشيت لجهه عيترون,207,برعشيت,none,1,NOT_IN_INCIDENTS,NEWS_WRONG_VILLAGE,كفر رمان,,29921,
28808,alichoeib1970,2026-08-26,2026-08-26 00:00:00+03:00,2026-08-27 00:00:14+03:00,التفجيرات المعاديه,تلغيم وتفجير,بيوت السياد,976,المنصوري,none,1,DUPLICATE_OF_NEWS,,,d2619a68-40b4-482a-b6ce-df576aba70b2,,52
28808,alichoeib1970,2026-08-26,2026-08-26 00:00:00+03:00,2026-08-27 00:00:14+03:00,التفجيرات المعاديه,تلغيم وتفجير,يحمر الشقيف,1492,يحمر,none,1,DUPLICATE_OF_NEWS,,,a60ceb93-af95-46b6-bcf6-a63df3dc3d18,,362
28808,alichoeib1970,2026-08-26,2026-08-26 00:00:00+03:00,2026-08-27 00:00:14+03:00,التفجيرات المعاديه,تلغيم وتفجير,بني حيان,205,بني حيان,none,1,DUPLICATE_OF_NEWS,,,e7df5407-cb00-4103-978e-7bcc12c1c55a,,273
28808,alichoeib1970,2026-08-26,2026-08-26 00:00:00+03:00,2026-08-27 00:00:14+03:00,التفجيرات المعاديه,تلغيم وتفجير,اطراف حداثا لجهه عيتا الجبل,601,حداثا,none,1,NOT_IN_INCIDENTS,NEWS_FAILED,error,,28384;28761;30120,
28808,alichoeib1970,2026-08-26,2026-08-26 00:00:00+03:00,2026-08-27 00:00:14+03:00,قنبله صوتيه,قنابل صوتية,المنصوري – قنبله صوتيه,976,المنصوري,none,1,DUPLICATE_OF_NEWS,,,16990e3f-3c4d-418e-94cc-b939e60d61fb,,398
28808,alichoeib1970,2026-08-26,2026-08-26 00:00:00+03:00,2026-08-27 00:00:14+03:00,عمليات التمشيط,عملية تمشيط,حداثا,601,حداثا,none,1,NOT_IN_INCIDENTS,NEWS_FAILED,error,,28384;28761;30120,
28440,mehwaralmokawma,2026-08-26,2026-08-26 00:00:00+03:00,2026-08-27 00:00:30+03:00,القصف المدفعي المعادي,قصف مدفعي,المنصوري,976,المنصوري,none,1,SAME_VILLAGE_OTHER_ACTION,تلغيم وتفجير; قنابل صوتية,,,,
28440,mehwaralmokawma,2026-08-26,2026-08-26 00:00:00+03:00,2026-08-27 00:00:30+03:00,القصف المدفعي المعادي,قصف مدفعي,دوحه كفررمان | محيط الدبشه,851,كفر رمان,none,1,DUPLICATE_OF_NEWS,,,e5a87b0b-d55c-4a97-8463-6025b73401fe;66d22f95-993e-48c0-9b55-8b3151807451;a7f82774-d843-429a-b3d0-f832bee6db49,,-24
28440,mehwaralmokawma,2026-08-26,2026-08-26 00:00:00+03:00,2026-08-27 00:00:30+03:00,القصف المدفعي المعادي,قصف مدفعي,علي الطاهر,87,علي الطاهر,none,1,NOT_IN_INCIDENTS,NEWS_FAILED,error,,28389;30957,
28440,mehwaralmokawma,2026-08-26,2026-08-26 00:00:00+03:00,2026-08-27 00:00:30+03:00,القصف المدفعي المعادي,قصف مدفعي,وادي السلوقي,1464,تولين,none,1,NOT_IN_INCIDENTS,NEWS_FAILED,error,,28421;29945;30029;30038,
28440,mehwaralmokawma,2026-08-26,2026-08-26 00:00:00+03:00,2026-08-27 00:00:30+03:00,القصف المدفعي المعادي,قصف مدفعي,اطراف ميفدون,1003,ميفدون,none,1,NOT_IN_INCIDENTS,NEWS_FAILED,error,,30983,
28440,mehwaralmokawma,2026-08-26,2026-08-26 00:00:00+03:00,2026-08-27 00:00:30+03:00,القصف المدفعي المعادي,قصف مدفعي,بني حيان,205,بني حيان,none,1,SAME_VILLAGE_OTHER_ACTION,تلغيم وتفجير,,,,
28440,mehwaralmokawma,2026-08-26,2026-08-26 00:00:00+03:00,2026-08-27 00:00:30+03:00,القصف المدفعي المعادي,قصف مدفعي,ديرسريان,524,دير سريان,none,1,DUPLICATE_OF_NEWS,,,6e00c55e-3d94-4a49-8911-34775847df4c,,318
28440,mehwaralmokawma,2026-08-26,2026-08-26 00:00:00+03:00,2026-08-27 00:00:30+03:00,القصف المدفعي المعادي,قصف مدفعي,وادي زبقين,1523,زبقين,none,1,DUPLICATE_OF_NEWS,,,0b20bf99-a7f2-4ca3-b03d-80c4e2846fb0,,165
28440,mehwaralmokawma,2026-08-26,2026-08-26 00:00:00+03:00,2026-08-27 00:00:30+03:00,القصف المدفعي المعادي,قصف مدفعي,النبطيه الفوقا,1153,نبطية الفوقا,none,1,NOT_IN_INCIDENTS,NEWS_FAILED,error,,28387;28390;30142;30957;31073,
28440,mehwaralmokawma,2026-08-26,2026-08-26 00:00:00+03:00,2026-08-27 00:00:30+03:00,الغارات الحربيه المعاديه,قصف وغارات,اطراف النبطيه الفوقا,1153,نبطية الفوقا,none,1,NOT_IN_INCIDENTS,NEWS_FAILED,error,,28387;28390;30142;30957;31073,
28440,mehwaralmokawma,2026-08-26,2026-08-26 00:00:00+03:00,2026-08-27 00:00:30+03:00,الغارات الحربيه المعاديه,قصف وغارات,المنصوري,976,المنصوري,none,1,SAME_VILLAGE_OTHER_ACTION,تلغيم وتفجير; قنابل صوتية,,,,
28440,mehwaralmokawma,2026-08-26,2026-08-26 00:00:00+03:00,2026-08-27 00:00:30+03:00,الغارات الحربيه المعاديه,قصف وغارات,بين بيت ليف وياطر,269,بيت ليف,between,1,DUPLICATE_OF_NEWS,,,49d7731c-9e01-42df-b188-389c98030363,,155
28440,mehwaralmokawma,2026-08-26,2026-08-26 00:00:00+03:00,2026-08-27 00:00:30+03:00,التفجيرات المعاديه,تلغيم وتفجير,مجدل زون,969,مجدل زون,none,1,NOT_IN_INCIDENTS,NEWS_FAILED,error,,30967,
28440,mehwaralmokawma,2026-08-26,2026-08-26 00:00:00+03:00,2026-08-27 00:00:30+03:00,التفجيرات المعاديه,تلغيم وتفجير,مدينه بنت جبيل,280,بنت جبيل,none,1,NOT_IN_INCIDENTS,NEWS_FAILED,error,,28710;29995;30082;30975,
28440,mehwaralmokawma,2026-08-26,2026-08-26 00:00:00+03:00,2026-08-27 00:00:30+03:00,التفجيرات المعاديه,تلغيم وتفجير,اطراف برعشيت لجهه عيترون,207,برعشيت,none,1,NOT_IN_INCIDENTS,NEWS_WRONG_VILLAGE,كفر رمان,,29921,
28440,mehwaralmokawma,2026-08-26,2026-08-26 00:00:00+03:00,2026-08-27 00:00:30+03:00,التفجيرات المعاديه,تلغيم وتفجير,بيوت السياد,976,المنصوري,none,1,DUPLICATE_OF_NEWS,,,d2619a68-40b4-482a-b6ce-df576aba70b2,,52
28440,mehwaralmokawma,2026-08-26,2026-08-26 00:00:00+03:00,2026-08-27 00:00:30+03:00,التفجيرات المعاديه,تلغيم وتفجير,يحمر الشقيف,1492,يحمر,none,1,DUPLICATE_OF_NEWS,,,a60ceb93-af95-46b6-bcf6-a63df3dc3d18,,362
28440,mehwaralmokawma,2026-08-26,2026-08-26 00:00:00+03:00,2026-08-27 00:00:30+03:00,التفجيرات المعاديه,تلغيم وتفجير,بني حيان,205,بني حيان,none,1,DUPLICATE_OF_NEWS,,,e7df5407-cb00-4103-978e-7bcc12c1c55a,,273
28440,mehwaralmokawma,2026-08-26,2026-08-26 00:00:00+03:00,2026-08-27 00:00:30+03:00,التفجيرات المعاديه,تلغيم وتفجير,اطراف حداثا لجهه عيتا الجبل,601,حداثا,none,1,NOT_IN_INCIDENTS,NEWS_FAILED,error,,28384;28761;30120,
28440,mehwaralmokawma,2026-08-26,2026-08-26 00:00:00+03:00,2026-08-27 00:00:30+03:00,قنبله صوتيه,قنابل صوتية,المنصوري – قنبله صوتيه,976,المنصوري,none,1,DUPLICATE_OF_NEWS,,,16990e3f-3c4d-418e-94cc-b939e60d61fb,,399
28440,mehwaralmokawma,2026-08-26,2026-08-26 00:00:00+03:00,2026-08-27 00:00:30+03:00,عمليات التمشيط,عملية تمشيط,حداثا,601,حداثا,none,1,NOT_IN_INCIDENTS,NEWS_FAILED,error,,28384;28761;30120,
29379,nabatiehchannel; sameralhajali,2026-08-26,2026-08-26 00:00:00+03:00,2026-08-27 00:01:37+03:00,القصف المدفعي المعادي,قصف مدفعي,المنصوري,976,المنصوري,none,1,SAME_VILLAGE_OTHER_ACTION,تلغيم وتفجير; قنابل صوتية,,,,
29379,nabatiehchannel; sameralhajali,2026-08-26,2026-08-26 00:00:00+03:00,2026-08-27 00:01:37+03:00,القصف المدفعي المعادي,قصف مدفعي,دوحه كفررمان | محيط الدبشه,851,كفر رمان,none,1,DUPLICATE_OF_NEWS,,,e5a87b0b-d55c-4a97-8463-6025b73401fe;66d22f95-993e-48c0-9b55-8b3151807451;a7f82774-d843-429a-b3d0-f832bee6db49,,-23
29379,nabatiehchannel; sameralhajali,2026-08-26,2026-08-26 00:00:00+03:00,2026-08-27 00:01:37+03:00,القصف المدفعي المعادي,قصف مدفعي,علي الطاهر,87,علي الطاهر,none,1,NOT_IN_INCIDENTS,NEWS_FAILED,error,,28389;30957,
29379,nabatiehchannel; sameralhajali,2026-08-26,2026-08-26 00:00:00+03:00,2026-08-27 00:01:37+03:00,القصف المدفعي المعادي,قصف مدفعي,وادي السلوقي,1464,تولين,none,1,NOT_IN_INCIDENTS,NEWS_FAILED,error,,28421;29945;30029;30038,
29379,nabatiehchannel; sameralhajali,2026-08-26,2026-08-26 00:00:00+03:00,2026-08-27 00:01:37+03:00,القصف المدفعي المعادي,قصف مدفعي,اطراف ميفدون,1003,ميفدون,none,1,NOT_IN_INCIDENTS,NEWS_FAILED,error,,30983,
29379,nabatiehchannel; sameralhajali,2026-08-26,2026-08-26 00:00:00+03:00,2026-08-27 00:01:37+03:00,القصف المدفعي المعادي,قصف مدفعي,بني حيان,205,بني حيان,none,1,SAME_VILLAGE_OTHER_ACTION,تلغيم وتفجير,,,,
29379,nabatiehchannel; sameralhajali,2026-08-26,2026-08-26 00:00:00+03:00,2026-08-27 00:01:37+03:00,القصف المدفعي المعادي,قصف مدفعي,ديرسريان,524,دير سريان,none,1,DUPLICATE_OF_NEWS,,,6e00c55e-3d94-4a49-8911-34775847df4c,,319
29379,nabatiehchannel; sameralhajali,2026-08-26,2026-08-26 00:00:00+03:00,2026-08-27 00:01:37+03:00,القصف المدفعي المعادي,قصف مدفعي,وادي زبقين,1523,زبقين,none,1,DUPLICATE_OF_NEWS,,,0b20bf99-a7f2-4ca3-b03d-80c4e2846fb0,,166
29379,nabatiehchannel; sameralhajali,2026-08-26,2026-08-26 00:00:00+03:00,2026-08-27 00:01:37+03:00,القصف المدفعي المعادي,قصف مدفعي,النبطيه الفوقا,1153,نبطية الفوقا,none,1,NOT_IN_INCIDENTS,NEWS_FAILED,error,,28387;28390;30142;30957;31073,
29379,nabatiehchannel; sameralhajali,2026-08-26,2026-08-26 00:00:00+03:00,2026-08-27 00:01:37+03:00,الغارات الحربيه المعاديه,قصف وغارات,اطراف النبطيه الفوقا,1153,نبطية الفوقا,none,1,NOT_IN_INCIDENTS,NEWS_FAILED,error,,28387;28390;30142;30957;31073,
29379,nabatiehchannel; sameralhajali,2026-08-26,2026-08-26 00:00:00+03:00,2026-08-27 00:01:37+03:00,الغارات الحربيه المعاديه,قصف وغارات,المنصوري,976,المنصوري,none,1,SAME_VILLAGE_OTHER_ACTION,تلغيم وتفجير; قنابل صوتية,,,,
29379,nabatiehchannel; sameralhajali,2026-08-26,2026-08-26 00:00:00+03:00,2026-08-27 00:01:37+03:00,الغارات الحربيه المعاديه,قصف وغارات,بين بيت ليف وياطر,269,بيت ليف,between,1,DUPLICATE_OF_NEWS,,,49d7731c-9e01-42df-b188-389c98030363,,156
29379,nabatiehchannel; sameralhajali,2026-08-26,2026-08-26 00:00:00+03:00,2026-08-27 00:01:37+03:00,التفجيرات المعاديه,تلغيم وتفجير,مجدل زون,969,مجدل زون,none,1,NOT_IN_INCIDENTS,NEWS_FAILED,error,,30967,
29379,nabatiehchannel; sameralhajali,2026-08-26,2026-08-26 00:00:00+03:00,2026-08-27 00:01:37+03:00,التفجيرات المعاديه,تلغيم وتفجير,مدينه بنت جبيل,280,بنت جبيل,none,1,NOT_IN_INCIDENTS,NEWS_FAILED,error,,28710;29995;30082;30975,
29379,nabatiehchannel; sameralhajali,2026-08-26,2026-08-26 00:00:00+03:00,2026-08-27 00:01:37+03:00,التفجيرات المعاديه,تلغيم وتفجير,اطراف برعشيت لجهه عيترون,207,برعشيت,none,1,NOT_IN_INCIDENTS,NEWS_WRONG_VILLAGE,كفر رمان,,29921,
29379,nabatiehchannel; sameralhajali,2026-08-26,2026-08-26 00:00:00+03:00,2026-08-27 00:01:37+03:00,التفجيرات المعاديه,تلغيم وتفجير,بيوت السياد,976,المنصوري,none,1,DUPLICATE_OF_NEWS,,,d2619a68-40b4-482a-b6ce-df576aba70b2,,53
29379,nabatiehchannel; sameralhajali,2026-08-26,2026-08-26 00:00:00+03:00,2026-08-27 00:01:37+03:00,التفجيرات المعاديه,تلغيم وتفجير,يحمر الشقيف,1492,يحمر,none,1,DUPLICATE_OF_NEWS,,,a60ceb93-af95-46b6-bcf6-a63df3dc3d18,,363
29379,nabatiehchannel; sameralhajali,2026-08-26,2026-08-26 00:00:00+03:00,2026-08-27 00:01:37+03:00,التفجيرات المعاديه,تلغيم وتفجير,بني حيان,205,بني حيان,none,1,DUPLICATE_OF_NEWS,,,e7df5407-cb00-4103-978e-7bcc12c1c55a,,274
29379,nabatiehchannel; sameralhajali,2026-08-26,2026-08-26 00:00:00+03:00,2026-08-27 00:01:37+03:00,التفجيرات المعاديه,تلغيم وتفجير,اطراف حداثا لجهه عيتا الجبل,601,حداثا,none,1,NOT_IN_INCIDENTS,NEWS_FAILED,error,,28384;28761;30120,
29379,nabatiehchannel; sameralhajali,2026-08-26,2026-08-26 00:00:00+03:00,2026-08-27 00:01:37+03:00,قنبله صوتيه,قنابل صوتية,المنصوري – قنبله صوتيه,976,المنصوري,none,1,DUPLICATE_OF_NEWS,,,16990e3f-3c4d-418e-94cc-b939e60d61fb,,400
29379,nabatiehchannel; sameralhajali,2026-08-26,2026-08-26 00:00:00+03:00,2026-08-27 00:01:37+03:00,عمليات التمشيط,عملية تمشيط,حداثا,601,حداثا,none,1,NOT_IN_INCIDENTS,NEWS_FAILED,error,,28384;28761;30120,
30034,alichoeib1970; mehwaralmokawma,2026-08-27,2026-08-27 00:00:00+03:00,2026-08-27 08:35:43+03:00,الغارات الحربيه,قصف وغارات,اطراف علي الطاهر-النبطيه الفوقا,87,علي الطاهر,between,1,NOT_IN_INCIDENTS,NEWS_REJECTED,unspecified,,33568,
30034,alichoeib1970; mehwaralmokawma,2026-08-27,2026-08-27 00:00:00+03:00,2026-08-27 08:35:43+03:00,الغارات الحربيه,قصف وغارات,دوحه كفررمان,851,كفر رمان,none,1,SAME_VILLAGE_OTHER_ACTION,قصف مدفعي,,,,
30034,alichoeib1970; mehwaralmokawma,2026-08-27,2026-08-27 00:00:00+03:00,2026-08-27 08:35:43+03:00,الغارات الحربيه,قصف وغارات,المنصوري,976,المنصوري,none,1,SAME_VILLAGE_OTHER_ACTION,تلغيم وتفجير,,,,
30034,alichoeib1970; mehwaralmokawma,2026-08-27,2026-08-27 00:00:00+03:00,2026-08-27 08:35:43+03:00,الغارات الحربيه,قصف وغارات,اطراف القنطره-دير سريان,1228,قنطرة,between,1,NOT_IN_INCIDENTS,NEWS_FAILED,error,,28883;28953;30991,
30034,alichoeib1970; mehwaralmokawma,2026-08-27,2026-08-27 00:00:00+03:00,2026-08-27 08:35:43+03:00,الغارات الحربيه,قصف وغارات,بين ميفدون و زوطر الشرقيه,1003,ميفدون,between,1,SAME_VILLAGE_OTHER_ACTION,قصف مدفعي,,,,
30034,alichoeib1970; mehwaralmokawma,2026-08-27,2026-08-27 00:00:00+03:00,2026-08-27 08:35:43+03:00,القصف المدفعي,قذائف فوسفورية,دوحه كفررمان مدفعي+فوسفوري,851,كفر رمان,none,1,DUPLICATE_OF_NEWS,,,e5a87b0b-d55c-4a97-8463-6025b73401fe,,491
30034,alichoeib1970; mehwaralmokawma,2026-08-27,2026-08-27 00:00:00+03:00,2026-08-27 08:35:43+03:00,القصف المدفعي,قصف مدفعي,دوحه كفررمان مدفعي+فوسفوري,851,كفر رمان,none,1,DUPLICATE_OF_NEWS,,,e5a87b0b-d55c-4a97-8463-6025b73401fe,,491
30034,alichoeib1970; mehwaralmokawma,2026-08-27,2026-08-27 00:00:00+03:00,2026-08-27 08:35:43+03:00,القصف المدفعي,قصف مدفعي,علي الطاهر,87,علي الطاهر,none,1,NOT_IN_INCIDENTS,NEWS_REJECTED,unspecified,,33568,
30034,alichoeib1970; mehwaralmokawma,2026-08-27,2026-08-27 00:00:00+03:00,2026-08-27 08:35:43+03:00,القصف المدفعي,قصف مدفعي,النبطيه الفوقا,1153,نبطية الفوقا,none,1,NOT_IN_INCIDENTS,NEWS_FAILED,error,,30272,
30034,alichoeib1970; mehwaralmokawma,2026-08-27,2026-08-27 00:00:00+03:00,2026-08-27 08:35:43+03:00,القصف المدفعي,قصف مدفعي,برعشيت,207,برعشيت,none,1,NOT_IN_INCIDENTS,NEWS_NEVER_ARRIVED,,,,
30034,alichoeib1970; mehwaralmokawma,2026-08-27,2026-08-27 00:00:00+03:00,2026-08-27 08:35:43+03:00,القصف المدفعي,قصف مدفعي,بين زوطر الشرقيه و ميفدون,1519,زوطر الشرقية,between,1,DUPLICATE_OF_NEWS,,,a9a82f8a-cb1a-42f5-931b-100bd445f6b5;5139e5bd-f53b-4453-ac7f-cdf9ea751476,,-30
30034,alichoeib1970; mehwaralmokawma,2026-08-27,2026-08-27 00:00:00+03:00,2026-08-27 08:35:43+03:00,القصف المدفعي,قصف مدفعي,بيت ياحون,273,بيت ياحون,none,1,NOT_IN_INCIDENTS,NEWS_NEVER_ARRIVED,,,,
29857,hashemsayed,2026-08-27,2026-08-27 00:00:00+03:00,2026-08-27 09:03:00+03:00,غارات من الطيران الحربي,قصف وغارات,اطراف علي الطاهر-النبطيه الفوقا,87,علي الطاهر,between,1,NOT_IN_INCIDENTS,NEWS_REJECTED,unspecified,,33568,
29857,hashemsayed,2026-08-27,2026-08-27 00:00:00+03:00,2026-08-27 09:03:00+03:00,غارات من الطيران الحربي,قصف وغارات,دوحه كفررمان,851,كفر رمان,none,1,SAME_VILLAGE_OTHER_ACTION,قصف مدفعي,,,,
29857,hashemsayed,2026-08-27,2026-08-27 00:00:00+03:00,2026-08-27 09:03:00+03:00,غارات من الطيران الحربي,قصف وغارات,المنصوري,976,المنصوري,none,1,SAME_VILLAGE_OTHER_ACTION,تلغيم وتفجير,,,,
29857,hashemsayed,2026-08-27,2026-08-27 00:00:00+03:00,2026-08-27 09:03:00+03:00,غارات من الطيران الحربي,قصف وغارات,اطراف القنطره-دير سريان,1228,قنطرة,between,1,NOT_IN_INCIDENTS,NEWS_FAILED,error,,28883;28953;30991,
29857,hashemsayed,2026-08-27,2026-08-27 00:00:00+03:00,2026-08-27 09:03:00+03:00,غارات من الطيران الحربي,قصف وغارات,بين ميفدون و زوطر الشرقيه,1003,ميفدون,between,1,SAME_VILLAGE_OTHER_ACTION,قصف مدفعي,,,,
29857,hashemsayed,2026-08-27,2026-08-27 00:00:00+03:00,2026-08-27 09:03:00+03:00,قصف مدفعي,قذائف فوسفورية,دوحه كفررمان مدفعي+فوسفوري,851,كفر رمان,none,1,DUPLICATE_OF_NEWS,,,e5a87b0b-d55c-4a97-8463-6025b73401fe,,568
29857,hashemsayed,2026-08-27,2026-08-27 00:00:00+03:00,2026-08-27 09:03:00+03:00,قصف مدفعي,قصف مدفعي,دوحه كفررمان مدفعي+فوسفوري,851,كفر رمان,none,1,DUPLICATE_OF_NEWS,,,e5a87b0b-d55c-4a97-8463-6025b73401fe,,568
29857,hashemsayed,2026-08-27,2026-08-27 00:00:00+03:00,2026-08-27 09:03:00+03:00,قصف مدفعي,قصف مدفعي,علي الطاهر,87,علي الطاهر,none,1,NOT_IN_INCIDENTS,NEWS_REJECTED,unspecified,,33568,
29857,hashemsayed,2026-08-27,2026-08-27 00:00:00+03:00,2026-08-27 09:03:00+03:00,قصف مدفعي,قصف مدفعي,النبطيه الفوقا,1153,نبطية الفوقا,none,1,NOT_IN_INCIDENTS,NEWS_FAILED,error,,30272,
29857,hashemsayed,2026-08-27,2026-08-27 00:00:00+03:00,2026-08-27 09:03:00+03:00,قصف مدفعي,قصف مدفعي,برعشيت,207,برعشيت,none,1,NOT_IN_INCIDENTS,NEWS_NEVER_ARRIVED,,,,
29857,hashemsayed,2026-08-27,2026-08-27 00:00:00+03:00,2026-08-27 09:03:00+03:00,قصف مدفعي,قصف مدفعي,بين زوطر الشرقيه و ميفدون,1519,زوطر الشرقية,between,1,DUPLICATE_OF_NEWS,,,a9a82f8a-cb1a-42f5-931b-100bd445f6b5;5139e5bd-f53b-4453-ac7f-cdf9ea751476;25d8e380-e43f-42cb-8842-8a25cf605211,,4
29857,hashemsayed,2026-08-27,2026-08-27 00:00:00+03:00,2026-08-27 09:03:00+03:00,قصف مدفعي,قصف مدفعي,بيت ياحون,273,بيت ياحون,none,1,NOT_IN_INCIDENTS,NEWS_NEVER_ARRIVED,,,,
30188,alichoeib1970,2026-08-27,2026-08-27 00:00:00+03:00,2026-08-27 23:59:36+03:00,الغارات الحربيه المعاديه,قصف وغارات,اطراف علي الطاهر – النبطيه الفوقا,87,علي الطاهر,between,1,DUPLICATE_OF_NEWS,,,c66c4498-051a-4ca0-a6ac-7d833e4387e9,,149
30188,alichoeib1970,2026-08-27,2026-08-27 00:00:00+03:00,2026-08-27 23:59:36+03:00,الغارات الحربيه المعاديه,قصف وغارات,دوحه كفررمان,851,كفر رمان,none,1,DUPLICATE_OF_NEWS,,,03269d21-6f68-444d-abea-db58d5a0ca22,,540
30188,alichoeib1970,2026-08-27,2026-08-27 00:00:00+03:00,2026-08-27 23:59:36+03:00,الغارات الحربيه المعاديه,قصف وغارات,المنصوري,976,المنصوري,none,1,DUPLICATE_OF_NEWS,,,b5ac34e6-4585-47a0-8548-bb2aa8cf8691;d7c5dd18-f93f-4df8-8e07-67f6bdd304a0,,149
30188,alichoeib1970,2026-08-27,2026-08-27 00:00:00+03:00,2026-08-27 23:59:36+03:00,الغارات الحربيه المعاديه,قصف وغارات,اطراف القنطره – دير سريان,1228,قنطرة,between,1,DUPLICATE_OF_NEWS,,,81f62371-40dd-46c5-af4b-5e58eb777dda,,157
30188,alichoeib1970,2026-08-27,2026-08-27 00:00:00+03:00,2026-08-27 23:59:36+03:00,الغارات الحربيه المعاديه,قصف وغارات,بين ميفدون وزوطر الشرقيه,1003,ميفدون,between,1,SAME_VILLAGE_OTHER_ACTION,عملية تمشيط; قصف مدفعي,,,,
30188,alichoeib1970,2026-08-27,2026-08-27 00:00:00+03:00,2026-08-27 23:59:36+03:00,الغارات الحربيه المعاديه,قصف وغارات,عرب صاليم,118,عرب صاليم,none,1,NOT_IN_INCIDENTS,NEWS_FAILED,error,,29908;30289,
30188,alichoeib1970,2026-08-27,2026-08-27 00:00:00+03:00,2026-08-27 23:59:36+03:00,الغارات الحربيه المعاديه,قصف وغارات,برعشيت,207,برعشيت,none,1,SAME_VILLAGE_OTHER_ACTION,قصف مدفعي,,,,
30188,alichoeib1970,2026-08-27,2026-08-27 00:00:00+03:00,2026-08-27 23:59:36+03:00,الغارات الحربيه المعاديه,قصف وغارات,وادي السلوقي,1464,تولين,none,1,NOT_IN_INCIDENTS,NEWS_FAILED,error,,28934;30134;29776;29402;29747;29765;29768;29769;29771;29775;29886;29898;30135;30159;30175;30181;31298,
30188,alichoeib1970,2026-08-27,2026-08-27 00:00:00+03:00,2026-08-27 23:59:36+03:00,القصف المدفعي المعادي,قصف مدفعي,دوحه كفررمان + فوسفوري,851,كفر رمان,none,1,DUPLICATE_OF_NEWS,,,e5a87b0b-d55c-4a97-8463-6025b73401fe;f0182f00-c309-429d-ac82-2d72a0f44eec;f54014c6-fac6-4efc-a34a-0f47ba314da2,,100
30188,alichoeib1970,2026-08-27,2026-08-27 00:00:00+03:00,2026-08-27 23:59:36+03:00,القصف المدفعي المعادي,قذائف فوسفورية,دوحه كفررمان + فوسفوري,851,كفر رمان,none,1,DUPLICATE_OF_NEWS,,,e5a87b0b-d55c-4a97-8463-6025b73401fe;f0182f00-c309-429d-ac82-2d72a0f44eec;f54014c6-fac6-4efc-a34a-0f47ba314da2,,100
30188,alichoeib1970,2026-08-27,2026-08-27 00:00:00+03:00,2026-08-27 23:59:36+03:00,القصف المدفعي المعادي,قصف مدفعي,علي الطاهر,87,علي الطاهر,none,1,DUPLICATE_OF_NEWS,,,0a750846-2f10-43bc-a17b-3ae411360222,,103
30188,alichoeib1970,2026-08-27,2026-08-27 00:00:00+03:00,2026-08-27 23:59:36+03:00,القصف المدفعي المعادي,قصف مدفعي,النبطيه الفوقا,1153,نبطية الفوقا,none,1,DUPLICATE_OF_NEWS,,,c49a777b-422e-40ba-ae69-4e91534413bd,,309
30188,alichoeib1970,2026-08-27,2026-08-27 00:00:00+03:00,2026-08-27 23:59:36+03:00,القصف المدفعي المعادي,قصف مدفعي,برعشيت,207,برعشيت,none,1,DUPLICATE_OF_NEWS,,,ea249f05-ff7e-4566-b923-af6cc61c5479,,309
30188,alichoeib1970,2026-08-27,2026-08-27 00:00:00+03:00,2026-08-27 23:59:36+03:00,القصف المدفعي المعادي,قصف مدفعي,بين زوطر الشرقيه وميفدون | زوطر الشرقيه,1519,زوطر الشرقية,between,1,DUPLICATE_OF_NEWS,,,a9a82f8a-cb1a-42f5-931b-100bd445f6b5;5139e5bd-f53b-4453-ac7f-cdf9ea751476;25d8e380-e43f-42cb-8842-8a25cf605211,,851
30188,alichoeib1970,2026-08-27,2026-08-27 00:00:00+03:00,2026-08-27 23:59:36+03:00,القصف المدفعي المعادي,قصف مدفعي,بيت ياحون,273,بيت ياحون,none,1,NOT_IN_INCIDENTS,NEWS_WRONG_VILLAGE,القنطرة; المنصوري; حرف السياد; كفر شوبا; منصورية; ميس الجبل,,29580;29580;29580;29580;29580;29580,
30188,alichoeib1970,2026-08-27,2026-08-27 00:00:00+03:00,2026-08-27 23:59:36+03:00,القصف المدفعي المعادي,قصف مدفعي,المنصوري,976,المنصوري,none,1,DUPLICATE_OF_NEWS,,,1b38da98-c4aa-425d-8068-9245cf73bedf;50181cd0-9bd8-4294-9cab-e8eb4524665a;6ff138d8-921f-4ba4-a4e0-f07b39de07a2;127cf1f9-8929-497c-8fc4-30c95b3fbc7b;b5226194-2c67-461a-97c4-77cffc49ca70;d4bf3968-dd98-4707-910d-485a24e49b50,,491
30188,alichoeib1970,2026-08-27,2026-08-27 00:00:00+03:00,2026-08-27 23:59:36+03:00,القصف المدفعي المعادي,قصف مدفعي,وادي الحجير لجهه الغندوريه,1219,قبريخا,none,1,NOT_IN_INCIDENTS,NEWS_FAILED,error,,29077;29101,
30188,alichoeib1970,2026-08-27,2026-08-27 00:00:00+03:00,2026-08-27 23:59:36+03:00,القصف المدفعي المعادي,قصف مدفعي,اطراف القنطره,1228,قنطرة,none,1,SAME_VILLAGE_OTHER_ACTION,قصف وغارات,,,,
30188,alichoeib1970,2026-08-27,2026-08-27 00:00:00+03:00,2026-08-27 23:59:36+03:00,القصف المدفعي المعادي,قصف مدفعي,حوشين – اطراف ميس الجبل,1079,ميس الجبل,none,1,DUPLICATE_OF_NEWS,,,197e1744-ae3f-46ca-b0bd-164a504b489f;ef19630b-7b9d-449d-9bff-6e1a60f1ff67;0af847eb-d34d-4516-9c0a-240d4ae758f6;7f1bb695-0d58-47fc-9810-6bf888fc0faf,,580
30188,alichoeib1970,2026-08-27,2026-08-27 00:00:00+03:00,2026-08-27 23:59:36+03:00,القصف المدفعي المعادي,قصف مدفعي,الخيام,901,الخيام,none,1,DUPLICATE_OF_NEWS,,,b3c1d940-f880-4d34-a696-b799e83609fd;02ba0a12-0a33-4998-9833-d68e5aa44c71,,515
30188,alichoeib1970,2026-08-27,2026-08-27 00:00:00+03:00,2026-08-27 23:59:36+03:00,القصف المدفعي المعادي,قصف مدفعي,بين حاريص وحداثا,650,حاريص,between,1,DUPLICATE_OF_NEWS,,,9ad2777c-1552-4a46-bdc4-330fc9ef87ea;9a673b11-9b88-4a23-a9b8-c1e0be7704ec;2975f520-0b20-4a9f-9508-e09bd435c468;d7ac1229-f01f-44a4-8571-3f29dccba1b7,,309
30188,alichoeib1970,2026-08-27,2026-08-27 00:00:00+03:00,2026-08-27 23:59:36+03:00,القصف المدفعي المعادي,قصف مدفعي,وادي السلوقي,1464,تولين,none,1,NOT_IN_INCIDENTS,NEWS_FAILED,error,,28934;30134;29776;29402;29747;29765;29768;29769;29771;29775;29886;29898;30135;30159;30175;30181;31298,
30188,alichoeib1970,2026-08-27,2026-08-27 00:00:00+03:00,2026-08-27 23:59:36+03:00,التفجيرات,تلغيم وتفجير,بين المنصوري وبيوت السياد | المنصوري,976,المنصوري,none,1,DUPLICATE_OF_NEWS,,,d2619a68-40b4-482a-b6ce-df576aba70b2,,1491
30188,alichoeib1970,2026-08-27,2026-08-27 00:00:00+03:00,2026-08-27 23:59:36+03:00,التفجيرات,تلغيم وتفجير,منطقه الدبش – اطراف ميس الجبل,1079,ميس الجبل,none,1,DUPLICATE_OF_NEWS,,,fdee1965-a8ad-46ec-93a0-53bcee389121,,619
30188,alichoeib1970,2026-08-27,2026-08-27 00:00:00+03:00,2026-08-27 23:59:36+03:00,التمشيط بالاسلحه الرشاشه,عملية تمشيط,حداثا,601,حداثا,none,1,NOT_IN_INCIDENTS,NEWS_FAILED,error,,29776;28783;29746;29767;29912;30133,
30188,alichoeib1970,2026-08-27,2026-08-27 00:00:00+03:00,2026-08-27 23:59:36+03:00,التمشيط بالاسلحه الرشاشه,عملية تمشيط,اطراف القنطره,1228,قنطرة,none,1,SAME_VILLAGE_OTHER_ACTION,قصف وغارات,,,,
30188,alichoeib1970,2026-08-27,2026-08-27 00:00:00+03:00,2026-08-27 23:59:36+03:00,التمشيط بالاسلحه الرشاشه,عملية تمشيط,منطقه حوشين – اطراف ميس الجبل,1079,ميس الجبل,none,1,DUPLICATE_OF_NEWS,,,6882bbef-38c7-4c05-a5a4-0ae78b6b2525;aa1e0b9e-85cb-42e2-9cdc-8dad03f7f917;d39028dc-f24a-4571-a05f-65365379ca4e,,610
30188,alichoeib1970,2026-08-27,2026-08-27 00:00:00+03:00,2026-08-27 23:59:36+03:00,التمشيط بالاسلحه الرشاشه,عملية تمشيط,حولا,701,حولا,none,1,NOT_IN_INCIDENTS,NEWS_FAILED,error,,29855;30352,
30188,alichoeib1970,2026-08-27,2026-08-27 00:00:00+03:00,2026-08-27 23:59:36+03:00,القنابل صوتيه,قنابل صوتية,كفررمان,851,كفر رمان,none,1,DUPLICATE_OF_NEWS,,,1e4b74ba-144c-4229-ae9a-ce8ba94a189d;8dba6790-d9d5-4d37-9049-7e3fb9bfc028;e1145f25-7213-4d86-a864-f8601b313a01,,496
30188,alichoeib1970,2026-08-27,2026-08-27 00:00:00+03:00,2026-08-27 23:59:36+03:00,القنابل صوتيه,قنابل صوتية,وادي العزيه,154,عزِّيه,none,1,NOT_IN_INCIDENTS,NEWS_WRONG_VILLAGE,القنطرة; المنصوري; المنيه; حرف السياد; زوطر الشرقية; عيناب; كفر شوبا; كونين; مجدل زون; منصورية; ميس الجبل; ميفدون; وادي العرايش,,30421;29580;29155;29602;30421;29580;29602;29580;29580;29580;30421;30421;30421;30421;30421;29580;30421;30421,
30188,alichoeib1970,2026-08-27,2026-08-27 00:00:00+03:00,2026-08-27 23:59:36+03:00,القنابل صوتيه,قنابل صوتية,اطراف الحنيه,678,حنية,none,1,NOT_IN_INCIDENTS,NEWS_WRONG_VILLAGE,القنطرة; المنصوري; المنيه; حرف السياد; زوطر الشرقية; عيناب; كفر شوبا; كونين; مجدل زون; منصورية; ميس الجبل; ميفدون; وادي العرايش,,30421;29580;29155;29602;30421;29580;29602;29580;29580;29580;30421;30421;30421;30421;30421;29580;30421;30421,
30188,alichoeib1970,2026-08-27,2026-08-27 00:00:00+03:00,2026-08-27 23:59:36+03:00,القنابل صوتيه,قنابل صوتية,المنصوري,976,المنصوري,none,1,DUPLICATE_OF_NEWS,,,3434ef48-7d0c-427f-aa42-d2a4d54c6210;24ffa8d4-11a3-4920-a7dd-77f7ff19f6ed,,490
28477,Janoubana; nabatiehchannel; sameralhajali,2026-08-27,2026-08-27 00:00:00+03:00,2026-08-28 00:03:54+03:00,الغارات الحربيه المعاديه,قصف وغارات,اطراف علي الطاهر – النبطيه الفوقا,87,علي الطاهر,between,1,DUPLICATE_OF_NEWS,,,c66c4498-051a-4ca0-a6ac-7d833e4387e9,,153
28477,Janoubana; nabatiehchannel; sameralhajali,2026-08-27,2026-08-27 00:00:00+03:00,2026-08-28 00:03:54+03:00,الغارات الحربيه المعاديه,قصف وغارات,دوحه كفررمان,851,كفر رمان,none,1,DUPLICATE_OF_NEWS,,,03269d21-6f68-444d-abea-db58d5a0ca22,,545
28477,Janoubana; nabatiehchannel; sameralhajali,2026-08-27,2026-08-27 00:00:00+03:00,2026-08-28 00:03:54+03:00,الغارات الحربيه المعاديه,قصف وغارات,المنصوري,976,المنصوري,none,1,DUPLICATE_OF_NEWS,,,b5ac34e6-4585-47a0-8548-bb2aa8cf8691;d7c5dd18-f93f-4df8-8e07-67f6bdd304a0,,153
28477,Janoubana; nabatiehchannel; sameralhajali,2026-08-27,2026-08-27 00:00:00+03:00,2026-08-28 00:03:54+03:00,الغارات الحربيه المعاديه,قصف وغارات,اطراف القنطره – دير سريان,1228,قنطرة,between,1,DUPLICATE_OF_NEWS,,,81f62371-40dd-46c5-af4b-5e58eb777dda,,161
28477,Janoubana; nabatiehchannel; sameralhajali,2026-08-27,2026-08-27 00:00:00+03:00,2026-08-28 00:03:54+03:00,الغارات الحربيه المعاديه,قصف وغارات,بين ميفدون وزوطر الشرقيه,1003,ميفدون,between,1,SAME_VILLAGE_OTHER_ACTION,عملية تمشيط; قصف مدفعي,,,,
28477,Janoubana; nabatiehchannel; sameralhajali,2026-08-27,2026-08-27 00:00:00+03:00,2026-08-28 00:03:54+03:00,الغارات الحربيه المعاديه,قصف وغارات,عرب صاليم,118,عرب صاليم,none,1,NOT_IN_INCIDENTS,NEWS_FAILED,error,,29908;30289,
28477,Janoubana; nabatiehchannel; sameralhajali,2026-08-27,2026-08-27 00:00:00+03:00,2026-08-28 00:03:54+03:00,الغارات الحربيه المعاديه,قصف وغارات,برعشيت,207,برعشيت,none,1,SAME_VILLAGE_OTHER_ACTION,قصف مدفعي,,,,
28477,Janoubana; nabatiehchannel; sameralhajali,2026-08-27,2026-08-27 00:00:00+03:00,2026-08-28 00:03:54+03:00,الغارات الحربيه المعاديه,قصف وغارات,وادي السلوقي,1464,تولين,none,1,NOT_IN_INCIDENTS,NEWS_FAILED,error,,28934;30134;29776;29402;29747;29765;29768;29769;29771;29775;29886;29898;30135;30159;30175;30181;31298,
28477,Janoubana; nabatiehchannel; sameralhajali,2026-08-27,2026-08-27 00:00:00+03:00,2026-08-28 00:03:54+03:00,القصف المدفعي المعادي,قصف مدفعي,دوحه كفررمان + فوسفوري,851,كفر رمان,none,1,DUPLICATE_OF_NEWS,,,e5a87b0b-d55c-4a97-8463-6025b73401fe;f0182f00-c309-429d-ac82-2d72a0f44eec;f54014c6-fac6-4efc-a34a-0f47ba314da2,,104
28477,Janoubana; nabatiehchannel; sameralhajali,2026-08-27,2026-08-27 00:00:00+03:00,2026-08-28 00:03:54+03:00,القصف المدفعي المعادي,قذائف فوسفورية,دوحه كفررمان + فوسفوري,851,كفر رمان,none,1,DUPLICATE_OF_NEWS,,,e5a87b0b-d55c-4a97-8463-6025b73401fe;f0182f00-c309-429d-ac82-2d72a0f44eec;f54014c6-fac6-4efc-a34a-0f47ba314da2,,104
28477,Janoubana; nabatiehchannel; sameralhajali,2026-08-27,2026-08-27 00:00:00+03:00,2026-08-28 00:03:54+03:00,القصف المدفعي المعادي,قصف مدفعي,علي الطاهر,87,علي الطاهر,none,1,DUPLICATE_OF_NEWS,,,0a750846-2f10-43bc-a17b-3ae411360222,,108
28477,Janoubana; nabatiehchannel; sameralhajali,2026-08-27,2026-08-27 00:00:00+03:00,2026-08-28 00:03:54+03:00,القصف المدفعي المعادي,قصف مدفعي,النبطيه الفوقا,1153,نبطية الفوقا,none,1,DUPLICATE_OF_NEWS,,,c49a777b-422e-40ba-ae69-4e91534413bd,,313
28477,Janoubana; nabatiehchannel; sameralhajali,2026-08-27,2026-08-27 00:00:00+03:00,2026-08-28 00:03:54+03:00,القصف المدفعي المعادي,قصف مدفعي,برعشيت,207,برعشيت,none,1,DUPLICATE_OF_NEWS,,,ea249f05-ff7e-4566-b923-af6cc61c5479,,313
28477,Janoubana; nabatiehchannel; sameralhajali,2026-08-27,2026-08-27 00:00:00+03:00,2026-08-28 00:03:54+03:00,القصف المدفعي المعادي,قصف مدفعي,بين زوطر الشرقيه وميفدون | زوطر الشرقيه,1519,زوطر الشرقية,between,1,DUPLICATE_OF_NEWS,,,a9a82f8a-cb1a-42f5-931b-100bd445f6b5;5139e5bd-f53b-4453-ac7f-cdf9ea751476;25d8e380-e43f-42cb-8842-8a25cf605211,,855
28477,Janoubana; nabatiehchannel; sameralhajali,2026-08-27,2026-08-27 00:00:00+03:00,2026-08-28 00:03:54+03:00,القصف المدفعي المعادي,قصف مدفعي,بيت ياحون,273,بيت ياحون,none,1,NOT_IN_INCIDENTS,NEWS_WRONG_VILLAGE,القنطرة; المنصوري; حرف السياد; كفر شوبا; منصورية; ميس الجبل,,29580;29580;29580;29580;29580;29580,
28477,Janoubana; nabatiehchannel; sameralhajali,2026-08-27,2026-08-27 00:00:00+03:00,2026-08-28 00:03:54+03:00,القصف المدفعي المعادي,قصف مدفعي,المنصوري,976,المنصوري,none,1,DUPLICATE_OF_NEWS,,,1b38da98-c4aa-425d-8068-9245cf73bedf;50181cd0-9bd8-4294-9cab-e8eb4524665a;6ff138d8-921f-4ba4-a4e0-f07b39de07a2;127cf1f9-8929-497c-8fc4-30c95b3fbc7b;b5226194-2c67-461a-97c4-77cffc49ca70;d4bf3968-dd98-4707-910d-485a24e49b50,,495
28477,Janoubana; nabatiehchannel; sameralhajali,2026-08-27,2026-08-27 00:00:00+03:00,2026-08-28 00:03:54+03:00,القصف المدفعي المعادي,قصف مدفعي,وادي الحجير لجهه الغندوريه,1219,قبريخا,none,1,NOT_IN_INCIDENTS,NEWS_FAILED,error,,29077;29101,
28477,Janoubana; nabatiehchannel; sameralhajali,2026-08-27,2026-08-27 00:00:00+03:00,2026-08-28 00:03:54+03:00,القصف المدفعي المعادي,قصف مدفعي,اطراف القنطره,1228,قنطرة,none,1,SAME_VILLAGE_OTHER_ACTION,قصف وغارات,,,,
28477,Janoubana; nabatiehchannel; sameralhajali,2026-08-27,2026-08-27 00:00:00+03:00,2026-08-28 00:03:54+03:00,القصف المدفعي المعادي,قصف مدفعي,حوشين – اطراف ميس الجبل,1079,ميس الجبل,none,1,DUPLICATE_OF_NEWS,,,197e1744-ae3f-46ca-b0bd-164a504b489f;ef19630b-7b9d-449d-9bff-6e1a60f1ff67;0af847eb-d34d-4516-9c0a-240d4ae758f6;7f1bb695-0d58-47fc-9810-6bf888fc0faf,,584
28477,Janoubana; nabatiehchannel; sameralhajali,2026-08-27,2026-08-27 00:00:00+03:00,2026-08-28 00:03:54+03:00,القصف المدفعي المعادي,قصف مدفعي,الخيام,901,الخيام,none,1,DUPLICATE_OF_NEWS,,,b3c1d940-f880-4d34-a696-b799e83609fd;02ba0a12-0a33-4998-9833-d68e5aa44c71,,519
28477,Janoubana; nabatiehchannel; sameralhajali,2026-08-27,2026-08-27 00:00:00+03:00,2026-08-28 00:03:54+03:00,القصف المدفعي المعادي,قصف مدفعي,بين حاريص وحداثا,650,حاريص,between,1,DUPLICATE_OF_NEWS,,,9ad2777c-1552-4a46-bdc4-330fc9ef87ea;9a673b11-9b88-4a23-a9b8-c1e0be7704ec;2975f520-0b20-4a9f-9508-e09bd435c468;d7ac1229-f01f-44a4-8571-3f29dccba1b7,,313
28477,Janoubana; nabatiehchannel; sameralhajali,2026-08-27,2026-08-27 00:00:00+03:00,2026-08-28 00:03:54+03:00,القصف المدفعي المعادي,قصف مدفعي,وادي السلوقي,1464,تولين,none,1,NOT_IN_INCIDENTS,NEWS_FAILED,error,,28934;30134;29776;29402;29747;29765;29768;29769;29771;29775;29886;29898;30135;30159;30175;30181;31298,
28477,Janoubana; nabatiehchannel; sameralhajali,2026-08-27,2026-08-27 00:00:00+03:00,2026-08-28 00:03:54+03:00,التفجيرات,تلغيم وتفجير,بين المنصوري وبيوت السياد | المنصوري,976,المنصوري,none,1,DUPLICATE_OF_NEWS,,,d2619a68-40b4-482a-b6ce-df576aba70b2,,1496
28477,Janoubana; nabatiehchannel; sameralhajali,2026-08-27,2026-08-27 00:00:00+03:00,2026-08-28 00:03:54+03:00,التفجيرات,تلغيم وتفجير,منطقه الدبش – اطراف ميس الجبل,1079,ميس الجبل,none,1,DUPLICATE_OF_NEWS,,,fdee1965-a8ad-46ec-93a0-53bcee389121,,623
28477,Janoubana; nabatiehchannel; sameralhajali,2026-08-27,2026-08-27 00:00:00+03:00,2026-08-28 00:03:54+03:00,التمشيط بالاسلحه الرشاشه,عملية تمشيط,حداثا,601,حداثا,none,1,NOT_IN_INCIDENTS,NEWS_FAILED,error,,29776;28783;29746;29767;29912;30133,
28477,Janoubana; nabatiehchannel; sameralhajali,2026-08-27,2026-08-27 00:00:00+03:00,2026-08-28 00:03:54+03:00,التمشيط بالاسلحه الرشاشه,عملية تمشيط,اطراف القنطره,1228,قنطرة,none,1,SAME_VILLAGE_OTHER_ACTION,قصف وغارات,,,,
28477,Janoubana; nabatiehchannel; sameralhajali,2026-08-27,2026-08-27 00:00:00+03:00,2026-08-28 00:03:54+03:00,التمشيط بالاسلحه الرشاشه,عملية تمشيط,منطقه حوشين – اطراف ميس الجبل,1079,ميس الجبل,none,1,DUPLICATE_OF_NEWS,,,6882bbef-38c7-4c05-a5a4-0ae78b6b2525;aa1e0b9e-85cb-42e2-9cdc-8dad03f7f917;d39028dc-f24a-4571-a05f-65365379ca4e,,614
28477,Janoubana; nabatiehchannel; sameralhajali,2026-08-27,2026-08-27 00:00:00+03:00,2026-08-28 00:03:54+03:00,التمشيط بالاسلحه الرشاشه,عملية تمشيط,حولا,701,حولا,none,1,NOT_IN_INCIDENTS,NEWS_FAILED,error,,29855;30352,
28477,Janoubana; nabatiehchannel; sameralhajali,2026-08-27,2026-08-27 00:00:00+03:00,2026-08-28 00:03:54+03:00,القنابل صوتيه,قنابل صوتية,كفررمان,851,كفر رمان,none,1,DUPLICATE_OF_NEWS,,,1e4b74ba-144c-4229-ae9a-ce8ba94a189d;8dba6790-d9d5-4d37-9049-7e3fb9bfc028;e1145f25-7213-4d86-a864-f8601b313a01,,500
28477,Janoubana; nabatiehchannel; sameralhajali,2026-08-27,2026-08-27 00:00:00+03:00,2026-08-28 00:03:54+03:00,القنابل صوتيه,قنابل صوتية,وادي العزيه,154,عزِّيه,none,1,NOT_IN_INCIDENTS,NEWS_WRONG_VILLAGE,القنطرة; المنصوري; المنيه; حرف السياد; زوطر الشرقية; عيناب; كفر شوبا; كونين; مجدل زون; منصورية; ميس الجبل; ميفدون; وادي العرايش,,30421;29580;29155;29602;30421;29580;29602;29580;29580;29580;30421;30421;30421;30421;30421;29580;30421;30421,
28477,Janoubana; nabatiehchannel; sameralhajali,2026-08-27,2026-08-27 00:00:00+03:00,2026-08-28 00:03:54+03:00,القنابل صوتيه,قنابل صوتية,اطراف الحنيه,678,حنية,none,1,NOT_IN_INCIDENTS,NEWS_WRONG_VILLAGE,القنطرة; المنصوري; المنيه; حرف السياد; زوطر الشرقية; عيناب; كفر شوبا; كونين; مجدل زون; منصورية; ميس الجبل; ميفدون; وادي العرايش,,30421;29580;29155;29602;30421;29580;29602;29580;29580;29580;30421;30421;30421;30421;30421;29580;30421;30421,
28477,Janoubana; nabatiehchannel; sameralhajali,2026-08-27,2026-08-27 00:00:00+03:00,2026-08-28 00:03:54+03:00,القنابل صوتيه,قنابل صوتية,المنصوري,976,المنصوري,none,1,DUPLICATE_OF_NEWS,,,3434ef48-7d0c-427f-aa42-d2a4d54c6210;24ffa8d4-11a3-4920-a7dd-77f7ff19f6ed,,495
28487,mehwaralmokawma,2026-08-27,2026-08-27 00:00:00+03:00,2026-08-28 00:04:22+03:00,الغارات الحربيه المعاديه,قصف وغارات,اطراف علي الطاهر – النبطيه الفوقا,87,علي الطاهر,between,1,DUPLICATE_OF_NEWS,,,c66c4498-051a-4ca0-a6ac-7d833e4387e9,,154
28487,mehwaralmokawma,2026-08-27,2026-08-27 00:00:00+03:00,2026-08-28 00:04:22+03:00,الغارات الحربيه المعاديه,قصف وغارات,دوحه كفررمان,851,كفر رمان,none,1,DUPLICATE_OF_NEWS,,,03269d21-6f68-444d-abea-db58d5a0ca22,,545
28487,mehwaralmokawma,2026-08-27,2026-08-27 00:00:00+03:00,2026-08-28 00:04:22+03:00,الغارات الحربيه المعاديه,قصف وغارات,المنصوري,976,المنصوري,none,1,DUPLICATE_OF_NEWS,,,b5ac34e6-4585-47a0-8548-bb2aa8cf8691;d7c5dd18-f93f-4df8-8e07-67f6bdd304a0,,154
28487,mehwaralmokawma,2026-08-27,2026-08-27 00:00:00+03:00,2026-08-28 00:04:22+03:00,الغارات الحربيه المعاديه,قصف وغارات,اطراف القنطره – دير سريان,1228,قنطرة,between,1,DUPLICATE_OF_NEWS,,,81f62371-40dd-46c5-af4b-5e58eb777dda,,161
28487,mehwaralmokawma,2026-08-27,2026-08-27 00:00:00+03:00,2026-08-28 00:04:22+03:00,الغارات الحربيه المعاديه,قصف وغارات,بين ميفدون وزوطر الشرقيه,1003,ميفدون,between,1,SAME_VILLAGE_OTHER_ACTION,عملية تمشيط; قصف مدفعي,,,,
28487,mehwaralmokawma,2026-08-27,2026-08-27 00:00:00+03:00,2026-08-28 00:04:22+03:00,الغارات الحربيه المعاديه,قصف وغارات,عرب صاليم,118,عرب صاليم,none,1,NOT_IN_INCIDENTS,NEWS_FAILED,error,,29908;30289,
28487,mehwaralmokawma,2026-08-27,2026-08-27 00:00:00+03:00,2026-08-28 00:04:22+03:00,الغارات الحربيه المعاديه,قصف وغارات,برعشيت,207,برعشيت,none,1,SAME_VILLAGE_OTHER_ACTION,قصف مدفعي,,,,
28487,mehwaralmokawma,2026-08-27,2026-08-27 00:00:00+03:00,2026-08-28 00:04:22+03:00,الغارات الحربيه المعاديه,قصف وغارات,وادي السلوقي,1464,تولين,none,1,NOT_IN_INCIDENTS,NEWS_FAILED,error,,28934;30134;29776;29402;29747;29765;29768;29769;29771;29775;29886;29898;30135;30159;30175;30181;31298,
28487,mehwaralmokawma,2026-08-27,2026-08-27 00:00:00+03:00,2026-08-28 00:04:22+03:00,القصف المدفعي المعادي,قصف مدفعي,دوحه كفررمان + فوسفوري,851,كفر رمان,none,1,DUPLICATE_OF_NEWS,,,e5a87b0b-d55c-4a97-8463-6025b73401fe;f0182f00-c309-429d-ac82-2d72a0f44eec;f54014c6-fac6-4efc-a34a-0f47ba314da2,,105
28487,mehwaralmokawma,2026-08-27,2026-08-27 00:00:00+03:00,2026-08-28 00:04:22+03:00,القصف المدفعي المعادي,قذائف فوسفورية,دوحه كفررمان + فوسفوري,851,كفر رمان,none,1,DUPLICATE_OF_NEWS,,,e5a87b0b-d55c-4a97-8463-6025b73401fe;f0182f00-c309-429d-ac82-2d72a0f44eec;f54014c6-fac6-4efc-a34a-0f47ba314da2,,105
28487,mehwaralmokawma,2026-08-27,2026-08-27 00:00:00+03:00,2026-08-28 00:04:22+03:00,القصف المدفعي المعادي,قصف مدفعي,علي الطاهر,87,علي الطاهر,none,1,DUPLICATE_OF_NEWS,,,0a750846-2f10-43bc-a17b-3ae411360222,,108
28487,mehwaralmokawma,2026-08-27,2026-08-27 00:00:00+03:00,2026-08-28 00:04:22+03:00,القصف المدفعي المعادي,قصف مدفعي,النبطيه الفوقا,1153,نبطية الفوقا,none,1,DUPLICATE_OF_NEWS,,,c49a777b-422e-40ba-ae69-4e91534413bd,,314
28487,mehwaralmokawma,2026-08-27,2026-08-27 00:00:00+03:00,2026-08-28 00:04:22+03:00,القصف المدفعي المعادي,قصف مدفعي,برعشيت,207,برعشيت,none,1,DUPLICATE_OF_NEWS,,,ea249f05-ff7e-4566-b923-af6cc61c5479,,314
28487,mehwaralmokawma,2026-08-27,2026-08-27 00:00:00+03:00,2026-08-28 00:04:22+03:00,القصف المدفعي المعادي,قصف مدفعي,بين زوطر الشرقيه وميفدون | زوطر الشرقيه,1519,زوطر الشرقية,between,1,DUPLICATE_OF_NEWS,,,a9a82f8a-cb1a-42f5-931b-100bd445f6b5;5139e5bd-f53b-4453-ac7f-cdf9ea751476;25d8e380-e43f-42cb-8842-8a25cf605211,,856
28487,mehwaralmokawma,2026-08-27,2026-08-27 00:00:00+03:00,2026-08-28 00:04:22+03:00,القصف المدفعي المعادي,قصف مدفعي,بيت ياحون,273,بيت ياحون,none,1,NOT_IN_INCIDENTS,NEWS_WRONG_VILLAGE,القنطرة; المنصوري; حرف السياد; كفر شوبا; منصورية; ميس الجبل,,29580;29580;29580;29580;29580;29580,
28487,mehwaralmokawma,2026-08-27,2026-08-27 00:00:00+03:00,2026-08-28 00:04:22+03:00,القصف المدفعي المعادي,قصف مدفعي,المنصوري,976,المنصوري,none,1,DUPLICATE_OF_NEWS,,,1b38da98-c4aa-425d-8068-9245cf73bedf;50181cd0-9bd8-4294-9cab-e8eb4524665a;6ff138d8-921f-4ba4-a4e0-f07b39de07a2;127cf1f9-8929-497c-8fc4-30c95b3fbc7b;b5226194-2c67-461a-97c4-77cffc49ca70;d4bf3968-dd98-4707-910d-485a24e49b50,,495
28487,mehwaralmokawma,2026-08-27,2026-08-27 00:00:00+03:00,2026-08-28 00:04:22+03:00,القصف المدفعي المعادي,قصف مدفعي,وادي الحجير لجهه الغندوريه,1219,قبريخا,none,1,NOT_IN_INCIDENTS,NEWS_FAILED,error,,29077;29101,
28487,mehwaralmokawma,2026-08-27,2026-08-27 00:00:00+03:00,2026-08-28 00:04:22+03:00,القصف المدفعي المعادي,قصف مدفعي,اطراف القنطره,1228,قنطرة,none,1,SAME_VILLAGE_OTHER_ACTION,قصف وغارات,,,,
28487,mehwaralmokawma,2026-08-27,2026-08-27 00:00:00+03:00,2026-08-28 00:04:22+03:00,القصف المدفعي المعادي,قصف مدفعي,حوشين – اطراف ميس الجبل,1079,ميس الجبل,none,1,DUPLICATE_OF_NEWS,,,197e1744-ae3f-46ca-b0bd-164a504b489f;ef19630b-7b9d-449d-9bff-6e1a60f1ff67;0af847eb-d34d-4516-9c0a-240d4ae758f6;7f1bb695-0d58-47fc-9810-6bf888fc0faf,,585
28487,mehwaralmokawma,2026-08-27,2026-08-27 00:00:00+03:00,2026-08-28 00:04:22+03:00,القصف المدفعي المعادي,قصف مدفعي,الخيام,901,الخيام,none,1,DUPLICATE_OF_NEWS,,,b3c1d940-f880-4d34-a696-b799e83609fd;02ba0a12-0a33-4998-9833-d68e5aa44c71,,519
28487,mehwaralmokawma,2026-08-27,2026-08-27 00:00:00+03:00,2026-08-28 00:04:22+03:00,القصف المدفعي المعادي,قصف مدفعي,بين حاريص وحداثا,650,حاريص,between,1,DUPLICATE_OF_NEWS,,,9ad2777c-1552-4a46-bdc4-330fc9ef87ea;9a673b11-9b88-4a23-a9b8-c1e0be7704ec;2975f520-0b20-4a9f-9508-e09bd435c468;d7ac1229-f01f-44a4-8571-3f29dccba1b7,,314
28487,mehwaralmokawma,2026-08-27,2026-08-27 00:00:00+03:00,2026-08-28 00:04:22+03:00,القصف المدفعي المعادي,قصف مدفعي,وادي السلوقي,1464,تولين,none,1,NOT_IN_INCIDENTS,NEWS_FAILED,error,,28934;30134;29776;29402;29747;29765;29768;29769;29771;29775;29886;29898;30135;30159;30175;30181;31298,
28487,mehwaralmokawma,2026-08-27,2026-08-27 00:00:00+03:00,2026-08-28 00:04:22+03:00,التفجيرات,تلغيم وتفجير,بين المنصوري وبيوت السياد | المنصوري,976,المنصوري,none,1,DUPLICATE_OF_NEWS,,,d2619a68-40b4-482a-b6ce-df576aba70b2,,1496
28487,mehwaralmokawma,2026-08-27,2026-08-27 00:00:00+03:00,2026-08-28 00:04:22+03:00,التفجيرات,تلغيم وتفجير,منطقه الدبش – اطراف ميس الجبل,1079,ميس الجبل,none,1,DUPLICATE_OF_NEWS,,,fdee1965-a8ad-46ec-93a0-53bcee389121,,624
28487,mehwaralmokawma,2026-08-27,2026-08-27 00:00:00+03:00,2026-08-28 00:04:22+03:00,التمشيط بالاسلحه الرشاشه,عملية تمشيط,حداثا,601,حداثا,none,1,NOT_IN_INCIDENTS,NEWS_FAILED,error,,29776;28783;29746;29767;29912;30133,
28487,mehwaralmokawma,2026-08-27,2026-08-27 00:00:00+03:00,2026-08-28 00:04:22+03:00,التمشيط بالاسلحه الرشاشه,عملية تمشيط,اطراف القنطره,1228,قنطرة,none,1,SAME_VILLAGE_OTHER_ACTION,قصف وغارات,,,,
28487,mehwaralmokawma,2026-08-27,2026-08-27 00:00:00+03:00,2026-08-28 00:04:22+03:00,التمشيط بالاسلحه الرشاشه,عملية تمشيط,منطقه حوشين – اطراف ميس الجبل,1079,ميس الجبل,none,1,DUPLICATE_OF_NEWS,,,6882bbef-38c7-4c05-a5a4-0ae78b6b2525;aa1e0b9e-85cb-42e2-9cdc-8dad03f7f917;d39028dc-f24a-4571-a05f-65365379ca4e,,615
28487,mehwaralmokawma,2026-08-27,2026-08-27 00:00:00+03:00,2026-08-28 00:04:22+03:00,التمشيط بالاسلحه الرشاشه,عملية تمشيط,حولا,701,حولا,none,1,NOT_IN_INCIDENTS,NEWS_FAILED,error,,29855;30352,
28487,mehwaralmokawma,2026-08-27,2026-08-27 00:00:00+03:00,2026-08-28 00:04:22+03:00,القنابل صوتيه,قنابل صوتية,كفررمان,851,كفر رمان,none,1,DUPLICATE_OF_NEWS,,,1e4b74ba-144c-4229-ae9a-ce8ba94a189d;8dba6790-d9d5-4d37-9049-7e3fb9bfc028;e1145f25-7213-4d86-a864-f8601b313a01,,500
28487,mehwaralmokawma,2026-08-27,2026-08-27 00:00:00+03:00,2026-08-28 00:04:22+03:00,القنابل صوتيه,قنابل صوتية,وادي العزيه,154,عزِّيه,none,1,NOT_IN_INCIDENTS,NEWS_WRONG_VILLAGE,القنطرة; المنصوري; المنيه; حرف السياد; زوطر الشرقية; عيناب; كفر شوبا; كونين; مجدل زون; منصورية; ميس الجبل; ميفدون; وادي العرايش,,30421;29580;29155;29602;30421;29580;29602;29580;29580;29580;30421;30421;30421;30421;30421;29580;30421;30421,
28487,mehwaralmokawma,2026-08-27,2026-08-27 00:00:00+03:00,2026-08-28 00:04:22+03:00,القنابل صوتيه,قنابل صوتية,اطراف الحنيه,678,حنية,none,1,NOT_IN_INCIDENTS,NEWS_WRONG_VILLAGE,القنطرة; المنصوري; المنيه; حرف السياد; زوطر الشرقية; عيناب; كفر شوبا; كونين; مجدل زون; منصورية; ميس الجبل; ميفدون; وادي العرايش,,30421;29580;29155;29602;30421;29580;29602;29580;29580;29580;30421;30421;30421;30421;30421;29580;30421;30421,
28487,mehwaralmokawma,2026-08-27,2026-08-27 00:00:00+03:00,2026-08-28 00:04:22+03:00,القنابل صوتيه,قنابل صوتية,المنصوري,976,المنصوري,none,1,DUPLICATE_OF_NEWS,,,3434ef48-7d0c-427f-aa42-d2a4d54c6210;24ffa8d4-11a3-4920-a7dd-77f7ff19f6ed,,495
29933,alichoeib1970,2026-08-28,2026-08-28 00:00:00+03:00,2026-08-28 08:32:23+03:00,التفجيرات,تلغيم وتفجير,زوطر الشرقيه,1519,زوطر الشرقية,none,1,NOT_IN_INCIDENTS,NEWS_NEVER_ARRIVED,,,,
29933,alichoeib1970,2026-08-28,2026-08-28 00:00:00+03:00,2026-08-28 08:32:23+03:00,التفجيرات,تلغيم وتفجير,المنصوري,976,المنصوري,none,1,NOT_IN_INCIDENTS,NEWS_NEVER_ARRIVED,,,,
29933,alichoeib1970,2026-08-28,2026-08-28 00:00:00+03:00,2026-08-28 08:32:23+03:00,القصف المدفعي,قصف مدفعي,محيط علي الطاهر,87,علي الطاهر,none,1,NOT_IN_INCIDENTS,NEWS_FAILED,error,,29799;30155,
29933,alichoeib1970,2026-08-28,2026-08-28 00:00:00+03:00,2026-08-28 08:32:23+03:00,القصف المدفعي,قصف مدفعي,وادي الحجير,1219,قبريخا,none,1,NOT_IN_INCIDENTS,NEWS_NEVER_ARRIVED,,,,
30158,mehwaralmokawma,2026-08-28,2026-08-28 00:00:00+03:00,2026-08-28 08:35:54+03:00,التفجيرات,تلغيم وتفجير,زوطر الشرقيه,1519,زوطر الشرقية,none,1,NOT_IN_INCIDENTS,NEWS_NEVER_ARRIVED,,,,
30158,mehwaralmokawma,2026-08-28,2026-08-28 00:00:00+03:00,2026-08-28 08:35:54+03:00,التفجيرات,تلغيم وتفجير,المنصوري,976,المنصوري,none,1,NOT_IN_INCIDENTS,NEWS_NEVER_ARRIVED,,,,
30158,mehwaralmokawma,2026-08-28,2026-08-28 00:00:00+03:00,2026-08-28 08:35:54+03:00,القصف المدفعي,قصف مدفعي,محيط علي الطاهر,87,علي الطاهر,none,1,NOT_IN_INCIDENTS,NEWS_FAILED,error,,29799;30155,
30158,mehwaralmokawma,2026-08-28,2026-08-28 00:00:00+03:00,2026-08-28 08:35:54+03:00,القصف المدفعي,قصف مدفعي,وادي الحجير,1219,قبريخا,none,1,NOT_IN_INCIDENTS,NEWS_NEVER_ARRIVED,,,,
29992,Janoubana,2026-08-28,2026-08-28 00:00:00+03:00,2026-08-28 09:45:03+03:00,التفجيرات,تلغيم وتفجير,زوطر الشرقيه,1519,زوطر الشرقية,none,1,NOT_IN_INCIDENTS,NEWS_NEVER_ARRIVED,,,,
29992,Janoubana,2026-08-28,2026-08-28 00:00:00+03:00,2026-08-28 09:45:03+03:00,التفجيرات,تلغيم وتفجير,المنصوري,976,المنصوري,none,1,NOT_IN_INCIDENTS,NEWS_NEVER_ARRIVED,,,,
29992,Janoubana,2026-08-28,2026-08-28 00:00:00+03:00,2026-08-28 09:45:03+03:00,القصف المدفعي,قصف مدفعي,محيط علي الطاهر,87,علي الطاهر,none,1,NOT_IN_INCIDENTS,NEWS_FAILED,error,,29799;30155,
29992,Janoubana,2026-08-28,2026-08-28 00:00:00+03:00,2026-08-28 09:45:03+03:00,القصف المدفعي,قصف مدفعي,وادي الحجير,1219,قبريخا,none,1,NOT_IN_INCIDENTS,NEWS_NEVER_ARRIVED,,,,
30308,hashemsayed; nabatiehchannel,2026-08-28,2026-08-28 00:00:00+03:00,2026-08-28 10:00:00+03:00,التفجيرات,تلغيم وتفجير,زوطر الشرقيه,1519,زوطر الشرقية,none,1,NOT_IN_INCIDENTS,NEWS_NEVER_ARRIVED,,,,
30308,hashemsayed; nabatiehchannel,2026-08-28,2026-08-28 00:00:00+03:00,2026-08-28 10:00:00+03:00,التفجيرات,تلغيم وتفجير,المنصوري,976,المنصوري,none,1,NOT_IN_INCIDENTS,NEWS_NEVER_ARRIVED,,,,
30308,hashemsayed; nabatiehchannel,2026-08-28,2026-08-28 00:00:00+03:00,2026-08-28 10:00:00+03:00,القصف المدفعي,قصف مدفعي,محيط علي الطاهر,87,علي الطاهر,none,1,NOT_IN_INCIDENTS,NEWS_FAILED,error,,29799;30155,
30308,hashemsayed; nabatiehchannel,2026-08-28,2026-08-28 00:00:00+03:00,2026-08-28 10:00:00+03:00,القصف المدفعي,قصف مدفعي,وادي الحجير,1219,قبريخا,none,1,NOT_IN_INCIDENTS,NEWS_NEVER_ARRIVED,,,,
29826,mehwaralmokawma,2026-08-28,2026-08-28 00:00:00+03:00,2026-08-28 10:00:00+03:00,التفجيرات,تلغيم وتفجير,زوطر الشرقيه,1519,زوطر الشرقية,none,1,NOT_IN_INCIDENTS,NEWS_NEVER_ARRIVED,,,,
29826,mehwaralmokawma,2026-08-28,2026-08-28 00:00:00+03:00,2026-08-28 10:00:00+03:00,التفجيرات,تلغيم وتفجير,المنصوري,976,المنصوري,none,1,NOT_IN_INCIDENTS,NEWS_NEVER_ARRIVED,,,,
29826,mehwaralmokawma,2026-08-28,2026-08-28 00:00:00+03:00,2026-08-28 10:00:00+03:00,القصف المدفعي,قصف مدفعي,محيط علي الطاهر,87,علي الطاهر,none,1,NOT_IN_INCIDENTS,NEWS_FAILED,error,,29799;30155,
29826,mehwaralmokawma,2026-08-28,2026-08-28 00:00:00+03:00,2026-08-28 10:00:00+03:00,القصف المدفعي,قصف مدفعي,وادي الحجير,1219,قبريخا,none,1,NOT_IN_INCIDENTS,NEWS_NEVER_ARRIVED,,,,
30813,alichoeib1970,2026-09-01,2026-09-01 00:00:00+03:00,2026-09-01 23:58:12+03:00,غارات حربيه,قصف وغارات,الدبشه,851,كفر رمان,none,1,DUPLICATE_OF_NEWS,,,919fecdd-8c42-4d74-9bed-3a1c31eb005c;c8070491-8a73-4510-a0ec-c66c9e4fbf3f;ddb9e7ac-2d03-4fb2-ae04-d09ee6c3dc14,,67
30813,alichoeib1970,2026-09-01,2026-09-01 00:00:00+03:00,2026-09-01 23:58:12+03:00,غارات حربيه,قصف وغارات,اطراف النبطيه الفوقا | شقه سكنيه في النبطيه الفوقا,1153,نبطية الفوقا,none,1,SAME_VILLAGE_OTHER_ACTION,سقوط مسيّرة; قصف مدفعي,,,,
30813,alichoeib1970,2026-09-01,2026-09-01 00:00:00+03:00,2026-09-01 23:58:12+03:00,غارات حربيه,قصف وغارات,القنطره,1228,قنطرة,none,1,NOT_IN_INCIDENTS,NEWS_FAILED,error,,29171;30633;30854;30855;30856;30859;30867;30999,
30813,alichoeib1970,2026-09-01,2026-09-01 00:00:00+03:00,2026-09-01 23:58:12+03:00,غارات حربيه,قصف وغارات,علي الطاهر,87,علي الطاهر,none,1,DUPLICATE_OF_NEWS,,,195ce3e0-b4cf-4c15-8307-1f330cb57786,,68
30813,alichoeib1970,2026-09-01,2026-09-01 00:00:00+03:00,2026-09-01 23:58:12+03:00,غارات حربيه,قصف وغارات,اطراف زوطر الشرقيه,1519,زوطر الشرقية,none,1,DUPLICATE_OF_NEWS,,,9e844580-cd0d-4c14-87d3-0b9073614635,,71
30813,alichoeib1970,2026-09-01,2026-09-01 00:00:00+03:00,2026-09-01 23:58:12+03:00,غارات حربيه,قصف وغارات,المنصوري,976,المنصوري,none,1,SAME_VILLAGE_OTHER_ACTION,عملية تمشيط; قصف مدفعي,,,,
30813,alichoeib1970,2026-09-01,2026-09-01 00:00:00+03:00,2026-09-01 23:58:12+03:00,القصف المدفعي,قصف مدفعي,المنصوري,976,المنصوري,none,1,DUPLICATE_OF_NEWS,,,05f4daf3-208f-47cf-bb0c-dc0e6762c8bc;3c31fefa-c979-40e7-91b5-253db57e2ce1;7fed5ade-9799-4bfb-ad61-d512efb6a5d3;54a51dbc-169d-4f65-b6e5-cf1a82b03a16,,167
30813,alichoeib1970,2026-09-01,2026-09-01 00:00:00+03:00,2026-09-01 23:58:12+03:00,القصف المدفعي,قصف مدفعي,حولا,701,حولا,none,1,DUPLICATE_OF_NEWS,,,b884612a-45c0-49da-9fbc-48be70e6bf07;5e2a7021-86b9-40d4-bfe9-feb8f132fc2f;d7bd0cf7-d350-4413-b270-8d2b02930815;08da1777-8978-423b-bd3e-d9cdc3195e13,,303
30813,alichoeib1970,2026-09-01,2026-09-01 00:00:00+03:00,2026-09-01 23:58:12+03:00,القصف المدفعي,قصف مدفعي,صربين,1412,صربين,none,1,DUPLICATE_OF_NEWS,,,2122744a-1957-441b-a503-6892a4493828,,294
30813,alichoeib1970,2026-09-01,2026-09-01 00:00:00+03:00,2026-09-01 23:58:12+03:00,القصف المدفعي,قصف مدفعي,ميس الجبل,1079,ميس الجبل,none,1,DUPLICATE_OF_NEWS,,,c8148600-30e6-4f6a-849a-80db28cab0b1,,204
30813,alichoeib1970,2026-09-01,2026-09-01 00:00:00+03:00,2026-09-01 23:58:12+03:00,القصف المدفعي,قصف مدفعي,حداثا,601,حداثا,none,1,NOT_IN_INCIDENTS,NEWS_FAILED,error,,29958;30887;30888;30895;30903;30904;30909,
30813,alichoeib1970,2026-09-01,2026-09-01 00:00:00+03:00,2026-09-01 23:58:12+03:00,القصف المدفعي,قصف مدفعي,بيت ليف لجهه ياطر,269,بيت ليف,none,1,DUPLICATE_OF_NEWS,,,0ce3a350-c872-4b86-86c0-7882c4aa289a,,317
30813,alichoeib1970,2026-09-01,2026-09-01 00:00:00+03:00,2026-09-01 23:58:12+03:00,القصف المدفعي,قصف مدفعي,بيت ياحون,273,بيت ياحون,none,1,DUPLICATE_OF_NEWS,,,861d08dd-543a-4f92-9a8f-111c904622f0;f592fa80-3b50-46be-8d7d-1f5e91d1f617,,168
30813,alichoeib1970,2026-09-01,2026-09-01 00:00:00+03:00,2026-09-01 23:58:12+03:00,القصف المدفعي,قصف مدفعي,النبطيه الفوقا,1153,نبطية الفوقا,none,1,DUPLICATE_OF_NEWS,,,23ead0b5-987f-46f0-bd41-b73719836456;fda3ab16-48c0-4b32-bd73-2df98fbff822;cfbb949c-b8bb-4f1f-9ed1-0202bf089548,,7
30813,alichoeib1970,2026-09-01,2026-09-01 00:00:00+03:00,2026-09-01 23:58:12+03:00,التفجيرات,تلغيم وتفجير,رشاف,1286,رشاف,none,1,NOT_IN_INCIDENTS,NEWS_FAILED,error,,30909,
30813,alichoeib1970,2026-09-01,2026-09-01 00:00:00+03:00,2026-09-01 23:58:12+03:00,التفجيرات,تلغيم وتفجير,المنصوري,976,المنصوري,none,1,SAME_VILLAGE_OTHER_ACTION,عملية تمشيط; قصف مدفعي,,,,
30813,alichoeib1970,2026-09-01,2026-09-01 00:00:00+03:00,2026-09-01 23:58:12+03:00,التفجيرات,تلغيم وتفجير,حولا,701,حولا,none,1,DUPLICATE_OF_NEWS,,,b8050293-d125-475c-acc7-f2543440a05d,,267
30813,alichoeib1970,2026-09-01,2026-09-01 00:00:00+03:00,2026-09-01 23:58:12+03:00,التفجيرات,تلغيم وتفجير,كفرتبنيت,857,كفر تبنيت,none,1,DUPLICATE_OF_NEWS,,,193543c6-a006-4046-93d4-11b399cd46c5,,267
30813,alichoeib1970,2026-09-01,2026-09-01 00:00:00+03:00,2026-09-01 23:58:12+03:00,التفجيرات,تلغيم وتفجير,ميس الجبل,1079,ميس الجبل,none,1,DUPLICATE_OF_NEWS,,,456cb865-9b5f-4352-b146-8947b6e25342,,236
30813,alichoeib1970,2026-09-01,2026-09-01 00:00:00+03:00,2026-09-01 23:58:12+03:00,التفجيرات,تلغيم وتفجير,حداثا,601,حداثا,none,1,NOT_IN_INCIDENTS,NEWS_FAILED,error,,29958;30887;30888;30895;30903;30904;30909,
30813,alichoeib1970,2026-09-01,2026-09-01 00:00:00+03:00,2026-09-01 23:58:12+03:00,محلقه معاديه القت قنبله صوتيه,قنابل صوتية,محلقه معاديه القت قنبله صوتيه علي حداثا,601,حداثا,none,1,NOT_IN_INCIDENTS,NEWS_FAILED,error,,29958;30887;30888;30895;30903;30904;30909,
30813,alichoeib1970,2026-09-01,2026-09-01 00:00:00+03:00,2026-09-01 23:58:12+03:00,التمشيط,عملية تمشيط,حداثا,601,حداثا,none,1,NOT_IN_INCIDENTS,NEWS_FAILED,error,,29958;30887;30888;30895;30903;30904;30909,
30813,alichoeib1970,2026-09-01,2026-09-01 00:00:00+03:00,2026-09-01 23:58:12+03:00,التمشيط,عملية تمشيط,رشاف,1286,رشاف,none,1,NOT_IN_INCIDENTS,NEWS_FAILED,error,,30909,
30813,alichoeib1970,2026-09-01,2026-09-01 00:00:00+03:00,2026-09-01 23:58:12+03:00,التمشيط,عملية تمشيط,زوطر الشرقيه,1519,زوطر الشرقية,none,1,SAME_VILLAGE_OTHER_ACTION,تلغيم وتفجير; قصف وغارات,,,,
30812,sameralhajali,2026-09-01,2026-09-01 00:00:00+03:00,2026-09-01 23:58:39+03:00,غارات حربيه,قصف وغارات,الدبشه,851,كفر رمان,none,1,DUPLICATE_OF_NEWS,,,919fecdd-8c42-4d74-9bed-3a1c31eb005c;c8070491-8a73-4510-a0ec-c66c9e4fbf3f;ddb9e7ac-2d03-4fb2-ae04-d09ee6c3dc14,,67
30812,sameralhajali,2026-09-01,2026-09-01 00:00:00+03:00,2026-09-01 23:58:39+03:00,غارات حربيه,قصف وغارات,اطراف النبطيه الفوقا | شقه سكنيه في النبطيه الفوقا,1153,نبطية الفوقا,none,1,SAME_VILLAGE_OTHER_ACTION,سقوط مسيّرة; قصف مدفعي,,,,
30812,sameralhajali,2026-09-01,2026-09-01 00:00:00+03:00,2026-09-01 23:58:39+03:00,غارات حربيه,قصف وغارات,القنطره,1228,قنطرة,none,1,NOT_IN_INCIDENTS,NEWS_FAILED,error,,29171;30633;30854;30855;30856;30859;30867;30999,
30812,sameralhajali,2026-09-01,2026-09-01 00:00:00+03:00,2026-09-01 23:58:39+03:00,غارات حربيه,قصف وغارات,علي الطاهر,87,علي الطاهر,none,1,DUPLICATE_OF_NEWS,,,195ce3e0-b4cf-4c15-8307-1f330cb57786,,69
30812,sameralhajali,2026-09-01,2026-09-01 00:00:00+03:00,2026-09-01 23:58:39+03:00,غارات حربيه,قصف وغارات,اطراف زوطر الشرقيه,1519,زوطر الشرقية,none,1,DUPLICATE_OF_NEWS,,,9e844580-cd0d-4c14-87d3-0b9073614635,,72
30812,sameralhajali,2026-09-01,2026-09-01 00:00:00+03:00,2026-09-01 23:58:39+03:00,غارات حربيه,قصف وغارات,المنصوري,976,المنصوري,none,1,SAME_VILLAGE_OTHER_ACTION,عملية تمشيط; قصف مدفعي,,,,
30812,sameralhajali,2026-09-01,2026-09-01 00:00:00+03:00,2026-09-01 23:58:39+03:00,القصف المدفعي,قصف مدفعي,المنصوري,976,المنصوري,none,1,DUPLICATE_OF_NEWS,,,05f4daf3-208f-47cf-bb0c-dc0e6762c8bc;3c31fefa-c979-40e7-91b5-253db57e2ce1;7fed5ade-9799-4bfb-ad61-d512efb6a5d3;54a51dbc-169d-4f65-b6e5-cf1a82b03a16,,167
30812,sameralhajali,2026-09-01,2026-09-01 00:00:00+03:00,2026-09-01 23:58:39+03:00,القصف المدفعي,قصف مدفعي,حولا,701,حولا,none,1,DUPLICATE_OF_NEWS,,,b884612a-45c0-49da-9fbc-48be70e6bf07;5e2a7021-86b9-40d4-bfe9-feb8f132fc2f;d7bd0cf7-d350-4413-b270-8d2b02930815;08da1777-8978-423b-bd3e-d9cdc3195e13,,304
30812,sameralhajali,2026-09-01,2026-09-01 00:00:00+03:00,2026-09-01 23:58:39+03:00,القصف المدفعي,قصف مدفعي,صربين,1412,صربين,none,1,DUPLICATE_OF_NEWS,,,2122744a-1957-441b-a503-6892a4493828,,294
30812,sameralhajali,2026-09-01,2026-09-01 00:00:00+03:00,2026-09-01 23:58:39+03:00,القصف المدفعي,قصف مدفعي,ميس الجبل,1079,ميس الجبل,none,1,DUPLICATE_OF_NEWS,,,c8148600-30e6-4f6a-849a-80db28cab0b1,,204
30812,sameralhajali,2026-09-01,2026-09-01 00:00:00+03:00,2026-09-01 23:58:39+03:00,القصف المدفعي,قصف مدفعي,حداثا,601,حداثا,none,1,NOT_IN_INCIDENTS,NEWS_FAILED,error,,29958;30887;30888;30895;30903;30904;30909,
30812,sameralhajali,2026-09-01,2026-09-01 00:00:00+03:00,2026-09-01 23:58:39+03:00,القصف المدفعي,قصف مدفعي,بيت ليف لجهه ياطر,269,بيت ليف,none,1,DUPLICATE_OF_NEWS,,,0ce3a350-c872-4b86-86c0-7882c4aa289a,,317
30812,sameralhajali,2026-09-01,2026-09-01 00:00:00+03:00,2026-09-01 23:58:39+03:00,القصف المدفعي,قصف مدفعي,بيت ياحون,273,بيت ياحون,none,1,DUPLICATE_OF_NEWS,,,861d08dd-543a-4f92-9a8f-111c904622f0;f592fa80-3b50-46be-8d7d-1f5e91d1f617,,168
30812,sameralhajali,2026-09-01,2026-09-01 00:00:00+03:00,2026-09-01 23:58:39+03:00,القصف المدفعي,قصف مدفعي,النبطيه الفوقا,1153,نبطية الفوقا,none,1,DUPLICATE_OF_NEWS,,,23ead0b5-987f-46f0-bd41-b73719836456;fda3ab16-48c0-4b32-bd73-2df98fbff822;cfbb949c-b8bb-4f1f-9ed1-0202bf089548,,7
30812,sameralhajali,2026-09-01,2026-09-01 00:00:00+03:00,2026-09-01 23:58:39+03:00,التفجيرات,تلغيم وتفجير,رشاف,1286,رشاف,none,1,NOT_IN_INCIDENTS,NEWS_FAILED,error,,30909,
30812,sameralhajali,2026-09-01,2026-09-01 00:00:00+03:00,2026-09-01 23:58:39+03:00,التفجيرات,تلغيم وتفجير,المنصوري,976,المنصوري,none,1,SAME_VILLAGE_OTHER_ACTION,عملية تمشيط; قصف مدفعي,,,,
30812,sameralhajali,2026-09-01,2026-09-01 00:00:00+03:00,2026-09-01 23:58:39+03:00,التفجيرات,تلغيم وتفجير,حولا,701,حولا,none,1,DUPLICATE_OF_NEWS,,,b8050293-d125-475c-acc7-f2543440a05d,,268
30812,sameralhajali,2026-09-01,2026-09-01 00:00:00+03:00,2026-09-01 23:58:39+03:00,التفجيرات,تلغيم وتفجير,كفرتبنيت,857,كفر تبنيت,none,1,DUPLICATE_OF_NEWS,,,193543c6-a006-4046-93d4-11b399cd46c5,,268
30812,sameralhajali,2026-09-01,2026-09-01 00:00:00+03:00,2026-09-01 23:58:39+03:00,التفجيرات,تلغيم وتفجير,ميس الجبل,1079,ميس الجبل,none,1,DUPLICATE_OF_NEWS,,,456cb865-9b5f-4352-b146-8947b6e25342,,237
30812,sameralhajali,2026-09-01,2026-09-01 00:00:00+03:00,2026-09-01 23:58:39+03:00,التفجيرات,تلغيم وتفجير,حداثا,601,حداثا,none,1,NOT_IN_INCIDENTS,NEWS_FAILED,error,,29958;30887;30888;30895;30903;30904;30909,
30812,sameralhajali,2026-09-01,2026-09-01 00:00:00+03:00,2026-09-01 23:58:39+03:00,محلقه معاديه القت قنبله صوتيه,قنابل صوتية,محلقه معاديه القت قنبله صوتيه علي حداثا,601,حداثا,none,1,NOT_IN_INCIDENTS,NEWS_FAILED,error,,29958;30887;30888;30895;30903;30904;30909,
30812,sameralhajali,2026-09-01,2026-09-01 00:00:00+03:00,2026-09-01 23:58:39+03:00,التمشيط,عملية تمشيط,حداثا,601,حداثا,none,1,NOT_IN_INCIDENTS,NEWS_FAILED,error,,29958;30887;30888;30895;30903;30904;30909,
30812,sameralhajali,2026-09-01,2026-09-01 00:00:00+03:00,2026-09-01 23:58:39+03:00,التمشيط,عملية تمشيط,رشاف,1286,رشاف,none,1,NOT_IN_INCIDENTS,NEWS_FAILED,error,,30909,
30812,sameralhajali,2026-09-01,2026-09-01 00:00:00+03:00,2026-09-01 23:58:39+03:00,التمشيط,عملية تمشيط,زوطر الشرقيه,1519,زوطر الشرقية,none,1,SAME_VILLAGE_OTHER_ACTION,تلغيم وتفجير; قصف وغارات,,,,
30814,mehwaralmokawma,2026-09-01,2026-09-01 00:00:00+03:00,2026-09-01 23:59:08+03:00,غارات حربيه,قصف وغارات,الدبشه,851,كفر رمان,none,1,DUPLICATE_OF_NEWS,,,919fecdd-8c42-4d74-9bed-3a1c31eb005c;c8070491-8a73-4510-a0ec-c66c9e4fbf3f;ddb9e7ac-2d03-4fb2-ae04-d09ee6c3dc14,,68
30814,mehwaralmokawma,2026-09-01,2026-09-01 00:00:00+03:00,2026-09-01 23:59:08+03:00,غارات حربيه,قصف وغارات,اطراف النبطيه الفوقا | شقه سكنيه في النبطيه الفوقا,1153,نبطية الفوقا,none,1,SAME_VILLAGE_OTHER_ACTION,سقوط مسيّرة; قصف مدفعي,,,,
30814,mehwaralmokawma,2026-09-01,2026-09-01 00:00:00+03:00,2026-09-01 23:59:08+03:00,غارات حربيه,قصف وغارات,القنطره,1228,قنطرة,none,1,NOT_IN_INCIDENTS,NEWS_FAILED,error,,29171;30633;30854;30855;30856;30859;30867;30999,
30814,mehwaralmokawma,2026-09-01,2026-09-01 00:00:00+03:00,2026-09-01 23:59:08+03:00,غارات حربيه,قصف وغارات,علي الطاهر,87,علي الطاهر,none,1,DUPLICATE_OF_NEWS,,,195ce3e0-b4cf-4c15-8307-1f330cb57786,,69
30814,mehwaralmokawma,2026-09-01,2026-09-01 00:00:00+03:00,2026-09-01 23:59:08+03:00,غارات حربيه,قصف وغارات,اطراف زوطر الشرقيه,1519,زوطر الشرقية,none,1,DUPLICATE_OF_NEWS,,,9e844580-cd0d-4c14-87d3-0b9073614635,,72
30814,mehwaralmokawma,2026-09-01,2026-09-01 00:00:00+03:00,2026-09-01 23:59:08+03:00,غارات حربيه,قصف وغارات,المنصوري,976,المنصوري,none,1,SAME_VILLAGE_OTHER_ACTION,عملية تمشيط; قصف مدفعي,,,,
30814,mehwaralmokawma,2026-09-01,2026-09-01 00:00:00+03:00,2026-09-01 23:59:08+03:00,القصف المدفعي,قصف مدفعي,المنصوري,976,المنصوري,none,1,DUPLICATE_OF_NEWS,,,05f4daf3-208f-47cf-bb0c-dc0e6762c8bc;3c31fefa-c979-40e7-91b5-253db57e2ce1;7fed5ade-9799-4bfb-ad61-d512efb6a5d3;54a51dbc-169d-4f65-b6e5-cf1a82b03a16,,168
30814,mehwaralmokawma,2026-09-01,2026-09-01 00:00:00+03:00,2026-09-01 23:59:08+03:00,القصف المدفعي,قصف مدفعي,حولا,701,حولا,none,1,DUPLICATE_OF_NEWS,,,b884612a-45c0-49da-9fbc-48be70e6bf07;5e2a7021-86b9-40d4-bfe9-feb8f132fc2f;d7bd0cf7-d350-4413-b270-8d2b02930815;08da1777-8978-423b-bd3e-d9cdc3195e13,,304
30814,mehwaralmokawma,2026-09-01,2026-09-01 00:00:00+03:00,2026-09-01 23:59:08+03:00,القصف المدفعي,قصف مدفعي,صربين,1412,صربين,none,1,DUPLICATE_OF_NEWS,,,2122744a-1957-441b-a503-6892a4493828,,295
30814,mehwaralmokawma,2026-09-01,2026-09-01 00:00:00+03:00,2026-09-01 23:59:08+03:00,القصف المدفعي,قصف مدفعي,ميس الجبل,1079,ميس الجبل,none,1,DUPLICATE_OF_NEWS,,,c8148600-30e6-4f6a-849a-80db28cab0b1,,205
30814,mehwaralmokawma,2026-09-01,2026-09-01 00:00:00+03:00,2026-09-01 23:59:08+03:00,القصف المدفعي,قصف مدفعي,حداثا,601,حداثا,none,1,NOT_IN_INCIDENTS,NEWS_FAILED,error,,29958;30887;30888;30895;30903;30904;30909,
30814,mehwaralmokawma,2026-09-01,2026-09-01 00:00:00+03:00,2026-09-01 23:59:08+03:00,القصف المدفعي,قصف مدفعي,بيت ليف لجهه ياطر,269,بيت ليف,none,1,DUPLICATE_OF_NEWS,,,0ce3a350-c872-4b86-86c0-7882c4aa289a,,318
30814,mehwaralmokawma,2026-09-01,2026-09-01 00:00:00+03:00,2026-09-01 23:59:08+03:00,القصف المدفعي,قصف مدفعي,بيت ياحون,273,بيت ياحون,none,1,DUPLICATE_OF_NEWS,,,861d08dd-543a-4f92-9a8f-111c904622f0;f592fa80-3b50-46be-8d7d-1f5e91d1f617,,169
30814,mehwaralmokawma,2026-09-01,2026-09-01 00:00:00+03:00,2026-09-01 23:59:08+03:00,القصف المدفعي,قصف مدفعي,النبطيه الفوقا,1153,نبطية الفوقا,none,1,DUPLICATE_OF_NEWS,,,23ead0b5-987f-46f0-bd41-b73719836456;fda3ab16-48c0-4b32-bd73-2df98fbff822;cfbb949c-b8bb-4f1f-9ed1-0202bf089548,,8
30814,mehwaralmokawma,2026-09-01,2026-09-01 00:00:00+03:00,2026-09-01 23:59:08+03:00,التفجيرات,تلغيم وتفجير,رشاف,1286,رشاف,none,1,NOT_IN_INCIDENTS,NEWS_FAILED,error,,30909,
30814,mehwaralmokawma,2026-09-01,2026-09-01 00:00:00+03:00,2026-09-01 23:59:08+03:00,التفجيرات,تلغيم وتفجير,المنصوري,976,المنصوري,none,1,SAME_VILLAGE_OTHER_ACTION,عملية تمشيط; قصف مدفعي,,,,
30814,mehwaralmokawma,2026-09-01,2026-09-01 00:00:00+03:00,2026-09-01 23:59:08+03:00,التفجيرات,تلغيم وتفجير,حولا,701,حولا,none,1,DUPLICATE_OF_NEWS,,,b8050293-d125-475c-acc7-f2543440a05d,,268
30814,mehwaralmokawma,2026-09-01,2026-09-01 00:00:00+03:00,2026-09-01 23:59:08+03:00,التفجيرات,تلغيم وتفجير,كفرتبنيت,857,كفر تبنيت,none,1,DUPLICATE_OF_NEWS,,,193543c6-a006-4046-93d4-11b399cd46c5,,268
30814,mehwaralmokawma,2026-09-01,2026-09-01 00:00:00+03:00,2026-09-01 23:59:08+03:00,التفجيرات,تلغيم وتفجير,ميس الجبل,1079,ميس الجبل,none,1,DUPLICATE_OF_NEWS,,,456cb865-9b5f-4352-b146-8947b6e25342,,237
30814,mehwaralmokawma,2026-09-01,2026-09-01 00:00:00+03:00,2026-09-01 23:59:08+03:00,التفجيرات,تلغيم وتفجير,حداثا,601,حداثا,none,1,NOT_IN_INCIDENTS,NEWS_FAILED,error,,29958;30887;30888;30895;30903;30904;30909,
30814,mehwaralmokawma,2026-09-01,2026-09-01 00:00:00+03:00,2026-09-01 23:59:08+03:00,محلقه معاديه القت قنبله صوتيه,قنابل صوتية,محلقه معاديه القت قنبله صوتيه علي حداثا,601,حداثا,none,1,NOT_IN_INCIDENTS,NEWS_FAILED,error,,29958;30887;30888;30895;30903;30904;30909,
30814,mehwaralmokawma,2026-09-01,2026-09-01 00:00:00+03:00,2026-09-01 23:59:08+03:00,التمشيط,عملية تمشيط,حداثا,601,حداثا,none,1,NOT_IN_INCIDENTS,NEWS_FAILED,error,,29958;30887;30888;30895;30903;30904;30909,
30814,mehwaralmokawma,2026-09-01,2026-09-01 00:00:00+03:00,2026-09-01 23:59:08+03:00,التمشيط,عملية تمشيط,رشاف,1286,رشاف,none,1,NOT_IN_INCIDENTS,NEWS_FAILED,error,,30909,
30814,mehwaralmokawma,2026-09-01,2026-09-01 00:00:00+03:00,2026-09-01 23:59:08+03:00,التمشيط,عملية تمشيط,زوطر الشرقيه,1519,زوطر الشرقية,none,1,SAME_VILLAGE_OTHER_ACTION,تلغيم وتفجير; قصف وغارات,,,,
30805,Janoubana; nabatiehchannel,2026-09-01,2026-09-01 00:00:00+03:00,2026-09-02 00:02:01+03:00,غارات حربيه,قصف وغارات,الدبشه,851,كفر رمان,none,1,DUPLICATE_OF_NEWS,,,919fecdd-8c42-4d74-9bed-3a1c31eb005c;c8070491-8a73-4510-a0ec-c66c9e4fbf3f;ddb9e7ac-2d03-4fb2-ae04-d09ee6c3dc14,,71
30805,Janoubana; nabatiehchannel,2026-09-01,2026-09-01 00:00:00+03:00,2026-09-02 00:02:01+03:00,غارات حربيه,قصف وغارات,اطراف النبطيه الفوقا | شقه سكنيه في النبطيه الفوقا,1153,نبطية الفوقا,none,1,SAME_VILLAGE_OTHER_ACTION,سقوط مسيّرة; قصف مدفعي,,,,
30805,Janoubana; nabatiehchannel,2026-09-01,2026-09-01 00:00:00+03:00,2026-09-02 00:02:01+03:00,غارات حربيه,قصف وغارات,القنطره,1228,قنطرة,none,1,NOT_IN_INCIDENTS,NEWS_FAILED,error,,29171;30633;30854;30855;30856;30859;30867;30999,
30805,Janoubana; nabatiehchannel,2026-09-01,2026-09-01 00:00:00+03:00,2026-09-02 00:02:01+03:00,غارات حربيه,قصف وغارات,علي الطاهر,87,علي الطاهر,none,1,DUPLICATE_OF_NEWS,,,195ce3e0-b4cf-4c15-8307-1f330cb57786,,72
30805,Janoubana; nabatiehchannel,2026-09-01,2026-09-01 00:00:00+03:00,2026-09-02 00:02:01+03:00,غارات حربيه,قصف وغارات,اطراف زوطر الشرقيه,1519,زوطر الشرقية,none,1,DUPLICATE_OF_NEWS,,,9e844580-cd0d-4c14-87d3-0b9073614635,,75
30805,Janoubana; nabatiehchannel,2026-09-01,2026-09-01 00:00:00+03:00,2026-09-02 00:02:01+03:00,غارات حربيه,قصف وغارات,المنصوري,976,المنصوري,none,1,SAME_VILLAGE_OTHER_ACTION,عملية تمشيط; قصف مدفعي,,,,
30805,Janoubana; nabatiehchannel,2026-09-01,2026-09-01 00:00:00+03:00,2026-09-02 00:02:01+03:00,القصف المدفعي,قصف مدفعي,المنصوري,976,المنصوري,none,1,DUPLICATE_OF_NEWS,,,05f4daf3-208f-47cf-bb0c-dc0e6762c8bc;3c31fefa-c979-40e7-91b5-253db57e2ce1;7fed5ade-9799-4bfb-ad61-d512efb6a5d3;54a51dbc-169d-4f65-b6e5-cf1a82b03a16,,170
30805,Janoubana; nabatiehchannel,2026-09-01,2026-09-01 00:00:00+03:00,2026-09-02 00:02:01+03:00,القصف المدفعي,قصف مدفعي,حولا,701,حولا,none,1,DUPLICATE_OF_NEWS,,,b884612a-45c0-49da-9fbc-48be70e6bf07;5e2a7021-86b9-40d4-bfe9-feb8f132fc2f;d7bd0cf7-d350-4413-b270-8d2b02930815;08da1777-8978-423b-bd3e-d9cdc3195e13,,307
30805,Janoubana; nabatiehchannel,2026-09-01,2026-09-01 00:00:00+03:00,2026-09-02 00:02:01+03:00,القصف المدفعي,قصف مدفعي,صربين,1412,صربين,none,1,DUPLICATE_OF_NEWS,,,2122744a-1957-441b-a503-6892a4493828,,298
30805,Janoubana; nabatiehchannel,2026-09-01,2026-09-01 00:00:00+03:00,2026-09-02 00:02:01+03:00,القصف المدفعي,قصف مدفعي,ميس الجبل,1079,ميس الجبل,none,1,DUPLICATE_OF_NEWS,,,c8148600-30e6-4f6a-849a-80db28cab0b1,,208
30805,Janoubana; nabatiehchannel,2026-09-01,2026-09-01 00:00:00+03:00,2026-09-02 00:02:01+03:00,القصف المدفعي,قصف مدفعي,حداثا,601,حداثا,none,1,NOT_IN_INCIDENTS,NEWS_FAILED,error,,29958;30887;30888;30895;30903;30904;30909,
30805,Janoubana; nabatiehchannel,2026-09-01,2026-09-01 00:00:00+03:00,2026-09-02 00:02:01+03:00,القصف المدفعي,قصف مدفعي,بيت ليف لجهه ياطر,269,بيت ليف,none,1,DUPLICATE_OF_NEWS,,,0ce3a350-c872-4b86-86c0-7882c4aa289a,,320
30805,Janoubana; nabatiehchannel,2026-09-01,2026-09-01 00:00:00+03:00,2026-09-02 00:02:01+03:00,القصف المدفعي,قصف مدفعي,بيت ياحون,273,بيت ياحون,none,1,DUPLICATE_OF_NEWS,,,861d08dd-543a-4f92-9a8f-111c904622f0;f592fa80-3b50-46be-8d7d-1f5e91d1f617,,172
30805,Janoubana; nabatiehchannel,2026-09-01,2026-09-01 00:00:00+03:00,2026-09-02 00:02:01+03:00,القصف المدفعي,قصف مدفعي,النبطيه الفوقا,1153,نبطية الفوقا,none,1,DUPLICATE_OF_NEWS,,,23ead0b5-987f-46f0-bd41-b73719836456;fda3ab16-48c0-4b32-bd73-2df98fbff822;cfbb949c-b8bb-4f1f-9ed1-0202bf089548,,11
30805,Janoubana; nabatiehchannel,2026-09-01,2026-09-01 00:00:00+03:00,2026-09-02 00:02:01+03:00,التفجيرات,تلغيم وتفجير,رشاف,1286,رشاف,none,1,NOT_IN_INCIDENTS,NEWS_FAILED,error,,30909,
30805,Janoubana; nabatiehchannel,2026-09-01,2026-09-01 00:00:00+03:00,2026-09-02 00:02:01+03:00,التفجيرات,تلغيم وتفجير,المنصوري,976,المنصوري,none,1,SAME_VILLAGE_OTHER_ACTION,عملية تمشيط; قصف مدفعي,,,,
30805,Janoubana; nabatiehchannel,2026-09-01,2026-09-01 00:00:00+03:00,2026-09-02 00:02:01+03:00,التفجيرات,تلغيم وتفجير,حولا,701,حولا,none,1,DUPLICATE_OF_NEWS,,,b8050293-d125-475c-acc7-f2543440a05d,,271
30805,Janoubana; nabatiehchannel,2026-09-01,2026-09-01 00:00:00+03:00,2026-09-02 00:02:01+03:00,التفجيرات,تلغيم وتفجير,كفرتبنيت,857,كفر تبنيت,none,1,DUPLICATE_OF_NEWS,,,193543c6-a006-4046-93d4-11b399cd46c5,,271
30805,Janoubana; nabatiehchannel,2026-09-01,2026-09-01 00:00:00+03:00,2026-09-02 00:02:01+03:00,التفجيرات,تلغيم وتفجير,ميس الجبل,1079,ميس الجبل,none,1,DUPLICATE_OF_NEWS,,,456cb865-9b5f-4352-b146-8947b6e25342,,240
30805,Janoubana; nabatiehchannel,2026-09-01,2026-09-01 00:00:00+03:00,2026-09-02 00:02:01+03:00,التفجيرات,تلغيم وتفجير,حداثا,601,حداثا,none,1,NOT_IN_INCIDENTS,NEWS_FAILED,error,,29958;30887;30888;30895;30903;30904;30909,
30805,Janoubana; nabatiehchannel,2026-09-01,2026-09-01 00:00:00+03:00,2026-09-02 00:02:01+03:00,محلقه معاديه القت قنبله صوتيه,قنابل صوتية,محلقه معاديه القت قنبله صوتيه علي حداثا,601,حداثا,none,1,NOT_IN_INCIDENTS,NEWS_FAILED,error,,29958;30887;30888;30895;30903;30904;30909,
30805,Janoubana; nabatiehchannel,2026-09-01,2026-09-01 00:00:00+03:00,2026-09-02 00:02:01+03:00,التمشيط,عملية تمشيط,حداثا,601,حداثا,none,1,NOT_IN_INCIDENTS,NEWS_FAILED,error,,29958;30887;30888;30895;30903;30904;30909,
30805,Janoubana; nabatiehchannel,2026-09-01,2026-09-01 00:00:00+03:00,2026-09-02 00:02:01+03:00,التمشيط,عملية تمشيط,رشاف,1286,رشاف,none,1,NOT_IN_INCIDENTS,NEWS_FAILED,error,,30909,
30805,Janoubana; nabatiehchannel,2026-09-01,2026-09-01 00:00:00+03:00,2026-09-02 00:02:01+03:00,التمشيط,عملية تمشيط,زوطر الشرقيه,1519,زوطر الشرقية,none,1,SAME_VILLAGE_OTHER_ACTION,تلغيم وتفجير; قصف وغارات,,,,
30784,alichoeib1970,2026-09-02,2026-09-02 00:00:00+03:00,2026-09-02 08:17:15+03:00,الغارات الحربيه,قصف وغارات,محيط علي الطاهر,87,علي الطاهر,none,1,DUPLICATE_OF_NEWS,,,0fd42632-a93a-45b2-aa40-a20a37ed2651;2e313039-a601-4c52-ac51-46620d082113,,220
30784,alichoeib1970,2026-09-02,2026-09-02 00:00:00+03:00,2026-09-02 08:17:15+03:00,الغارات الحربيه,قصف وغارات,النبطيه الفوقا-حي الرويس,1152,نبطية التحتا,none,1,SAME_VILLAGE_OTHER_ACTION,سقوط مسيّرة,,,,
30784,alichoeib1970,2026-09-02,2026-09-02 00:00:00+03:00,2026-09-02 08:17:15+03:00,الغارات الحربيه,قصف وغارات,اطراف عربصاليم(استهداف غرفه قرب الجبانه),118,عرب صاليم,none,1,NOT_IN_INCIDENTS,NEWS_NEVER_ARRIVED,,,,
30784,alichoeib1970,2026-09-02,2026-09-02 00:00:00+03:00,2026-09-02 08:17:15+03:00,القصف المدفعي و الفوسفوري,قصف مدفعي,وادي الحجير,1219,قبريخا,none,1,NOT_IN_INCIDENTS,NEWS_WRONG_VILLAGE,وادي الدير,,32151,
30784,alichoeib1970,2026-09-02,2026-09-02 00:00:00+03:00,2026-09-02 08:17:15+03:00,القصف المدفعي و الفوسفوري,قذائف فوسفورية,وادي الحجير,1219,قبريخا,none,1,NOT_IN_INCIDENTS,NEWS_WRONG_VILLAGE,وادي الدير,,32151,
30784,alichoeib1970,2026-09-02,2026-09-02 00:00:00+03:00,2026-09-02 08:17:15+03:00,القصف المدفعي و الفوسفوري,قصف مدفعي,دوحه كفررمان,851,كفر رمان,none,1,DUPLICATE_OF_NEWS,,,016589a5-5f09-4d9f-b325-b0b86b647d2d;0bff07ba-1445-4193-8c02-cd680ffb4e21;24cbddf7-de30-453a-94d4-f2a73e3c2930;75495254-3e2b-431e-a09f-e3e872fb8bbd;9df5678f-701f-47c5-a133-3c3555f94884;b8358cda-d603-4c73-b71e-23b68f64c25a;ebf78cec-17b3-424c-9d94-7e5ba907c1fb,,95
30784,alichoeib1970,2026-09-02,2026-09-02 00:00:00+03:00,2026-09-02 08:17:15+03:00,القصف المدفعي و الفوسفوري,قذائف فوسفورية,دوحه كفررمان,851,كفر رمان,none,1,DUPLICATE_OF_NEWS,,,016589a5-5f09-4d9f-b325-b0b86b647d2d;0bff07ba-1445-4193-8c02-cd680ffb4e21;24cbddf7-de30-453a-94d4-f2a73e3c2930;75495254-3e2b-431e-a09f-e3e872fb8bbd;9df5678f-701f-47c5-a133-3c3555f94884;b8358cda-d603-4c73-b71e-23b68f64c25a;ebf78cec-17b3-424c-9d94-7e5ba907c1fb,,95
30784,alichoeib1970,2026-09-02,2026-09-02 00:00:00+03:00,2026-09-02 08:17:15+03:00,القصف المدفعي و الفوسفوري,قذائف فوسفورية,علي الطاهر مدفعي+فوسفوري,87,علي الطاهر,none,1,DUPLICATE_OF_NEWS,,,3b3e2232-1da9-4701-9d4e-8d7c98b31a03;85a99cd8-b993-4bc2-9aa0-f1a1910f1082;b6a5f170-b8f3-4a48-98f8-4682ea929062;5eb5d96c-e854-4a74-a890-405cb34bd4c6,,342
30784,alichoeib1970,2026-09-02,2026-09-02 00:00:00+03:00,2026-09-02 08:17:15+03:00,القصف المدفعي و الفوسفوري,قصف مدفعي,علي الطاهر مدفعي+فوسفوري,87,علي الطاهر,none,1,DUPLICATE_OF_NEWS,,,3b3e2232-1da9-4701-9d4e-8d7c98b31a03;85a99cd8-b993-4bc2-9aa0-f1a1910f1082;b6a5f170-b8f3-4a48-98f8-4682ea929062;5eb5d96c-e854-4a74-a890-405cb34bd4c6,,342
30784,alichoeib1970,2026-09-02,2026-09-02 00:00:00+03:00,2026-09-02 08:17:15+03:00,القصف المدفعي و الفوسفوري,قذائف فوسفورية,النبطيه الفوقا مدفعي+فوسفوري,1153,نبطية الفوقا,none,1,DUPLICATE_OF_NEWS,,,23ead0b5-987f-46f0-bd41-b73719836456;fda3ab16-48c0-4b32-bd73-2df98fbff822;cfbb949c-b8bb-4f1f-9ed1-0202bf089548,,506
30784,alichoeib1970,2026-09-02,2026-09-02 00:00:00+03:00,2026-09-02 08:17:15+03:00,القصف المدفعي و الفوسفوري,قصف مدفعي,النبطيه الفوقا مدفعي+فوسفوري,1153,نبطية الفوقا,none,1,DUPLICATE_OF_NEWS,,,23ead0b5-987f-46f0-bd41-b73719836456;fda3ab16-48c0-4b32-bd73-2df98fbff822;cfbb949c-b8bb-4f1f-9ed1-0202bf089548,,506
30784,alichoeib1970,2026-09-02,2026-09-02 00:00:00+03:00,2026-09-02 08:17:15+03:00,القصف المدفعي و الفوسفوري,قصف مدفعي,ديرسريان,524,دير سريان,none,1,NOT_IN_INCIDENTS,NEWS_NEVER_ARRIVED,,,,
30784,alichoeib1970,2026-09-02,2026-09-02 00:00:00+03:00,2026-09-02 08:17:15+03:00,القصف المدفعي و الفوسفوري,قذائف فوسفورية,ديرسريان,524,دير سريان,none,1,NOT_IN_INCIDENTS,NEWS_NEVER_ARRIVED,,,,
30791,mehwaralmokawma,2026-09-02,2026-09-02 00:00:00+03:00,2026-09-02 08:27:30+03:00,الغارات الحربيه,قصف وغارات,محيط علي الطاهر,87,علي الطاهر,none,1,DUPLICATE_OF_NEWS,,,0fd42632-a93a-45b2-aa40-a20a37ed2651;2e313039-a601-4c52-ac51-46620d082113,,230
30791,mehwaralmokawma,2026-09-02,2026-09-02 00:00:00+03:00,2026-09-02 08:27:30+03:00,الغارات الحربيه,قصف وغارات,النبطيه الفوقا-حي الرويس,1152,نبطية التحتا,none,1,SAME_VILLAGE_OTHER_ACTION,سقوط مسيّرة,,,,
30791,mehwaralmokawma,2026-09-02,2026-09-02 00:00:00+03:00,2026-09-02 08:27:30+03:00,الغارات الحربيه,قصف وغارات,اطراف عربصاليم(استهداف غرفه قرب الجبانه),118,عرب صاليم,none,1,NOT_IN_INCIDENTS,NEWS_NEVER_ARRIVED,,,,
30791,mehwaralmokawma,2026-09-02,2026-09-02 00:00:00+03:00,2026-09-02 08:27:30+03:00,القصف المدفعي و الفوسفوري,قصف مدفعي,وادي الحجير,1219,قبريخا,none,1,NOT_IN_INCIDENTS,NEWS_WRONG_VILLAGE,وادي الدير,,32151,
30791,mehwaralmokawma,2026-09-02,2026-09-02 00:00:00+03:00,2026-09-02 08:27:30+03:00,القصف المدفعي و الفوسفوري,قذائف فوسفورية,وادي الحجير,1219,قبريخا,none,1,NOT_IN_INCIDENTS,NEWS_WRONG_VILLAGE,وادي الدير,,32151,
30791,mehwaralmokawma,2026-09-02,2026-09-02 00:00:00+03:00,2026-09-02 08:27:30+03:00,القصف المدفعي و الفوسفوري,قصف مدفعي,دوحه كفررمان,851,كفر رمان,none,1,DUPLICATE_OF_NEWS,,,016589a5-5f09-4d9f-b325-b0b86b647d2d;0bff07ba-1445-4193-8c02-cd680ffb4e21;24cbddf7-de30-453a-94d4-f2a73e3c2930;75495254-3e2b-431e-a09f-e3e872fb8bbd;9df5678f-701f-47c5-a133-3c3555f94884;b8358cda-d603-4c73-b71e-23b68f64c25a;ebf78cec-17b3-424c-9d94-7e5ba907c1fb,,105
30791,mehwaralmokawma,2026-09-02,2026-09-02 00:00:00+03:00,2026-09-02 08:27:30+03:00,القصف المدفعي و الفوسفوري,قذائف فوسفورية,دوحه كفررمان,851,كفر رمان,none,1,DUPLICATE_OF_NEWS,,,016589a5-5f09-4d9f-b325-b0b86b647d2d;0bff07ba-1445-4193-8c02-cd680ffb4e21;24cbddf7-de30-453a-94d4-f2a73e3c2930;75495254-3e2b-431e-a09f-e3e872fb8bbd;9df5678f-701f-47c5-a133-3c3555f94884;b8358cda-d603-4c73-b71e-23b68f64c25a;ebf78cec-17b3-424c-9d94-7e5ba907c1fb,,105
30791,mehwaralmokawma,2026-09-02,2026-09-02 00:00:00+03:00,2026-09-02 08:27:30+03:00,القصف المدفعي و الفوسفوري,قذائف فوسفورية,علي الطاهر مدفعي+فوسفوري,87,علي الطاهر,none,1,DUPLICATE_OF_NEWS,,,3b3e2232-1da9-4701-9d4e-8d7c98b31a03;85a99cd8-b993-4bc2-9aa0-f1a1910f1082;b6a5f170-b8f3-4a48-98f8-4682ea929062;5eb5d96c-e854-4a74-a890-405cb34bd4c6,,352
30791,mehwaralmokawma,2026-09-02,2026-09-02 00:00:00+03:00,2026-09-02 08:27:30+03:00,القصف المدفعي و الفوسفوري,قصف مدفعي,علي الطاهر مدفعي+فوسفوري,87,علي الطاهر,none,1,DUPLICATE_OF_NEWS,,,3b3e2232-1da9-4701-9d4e-8d7c98b31a03;85a99cd8-b993-4bc2-9aa0-f1a1910f1082;b6a5f170-b8f3-4a48-98f8-4682ea929062;5eb5d96c-e854-4a74-a890-405cb34bd4c6,,352
30791,mehwaralmokawma,2026-09-02,2026-09-02 00:00:00+03:00,2026-09-02 08:27:30+03:00,القصف المدفعي و الفوسفوري,قذائف فوسفورية,النبطيه الفوقا مدفعي+فوسفوري,1153,نبطية الفوقا,none,1,DUPLICATE_OF_NEWS,,,23ead0b5-987f-46f0-bd41-b73719836456;fda3ab16-48c0-4b32-bd73-2df98fbff822;cfbb949c-b8bb-4f1f-9ed1-0202bf089548,,516
30791,mehwaralmokawma,2026-09-02,2026-09-02 00:00:00+03:00,2026-09-02 08:27:30+03:00,القصف المدفعي و الفوسفوري,قصف مدفعي,النبطيه الفوقا مدفعي+فوسفوري,1153,نبطية الفوقا,none,1,DUPLICATE_OF_NEWS,,,23ead0b5-987f-46f0-bd41-b73719836456;fda3ab16-48c0-4b32-bd73-2df98fbff822;cfbb949c-b8bb-4f1f-9ed1-0202bf089548,,516
30791,mehwaralmokawma,2026-09-02,2026-09-02 00:00:00+03:00,2026-09-02 08:27:30+03:00,القصف المدفعي و الفوسفوري,قصف مدفعي,ديرسريان,524,دير سريان,none,1,NOT_IN_INCIDENTS,NEWS_NEVER_ARRIVED,,,,
30791,mehwaralmokawma,2026-09-02,2026-09-02 00:00:00+03:00,2026-09-02 08:27:30+03:00,القصف المدفعي و الفوسفوري,قذائف فوسفورية,ديرسريان,524,دير سريان,none,1,NOT_IN_INCIDENTS,NEWS_NEVER_ARRIVED,,,,
31274,nabatiehchannel,2026-09-02,2026-09-02 00:00:00+03:00,2026-09-02 12:09:54+03:00,الغارات الحربيه,قصف وغارات,محيط علي الطاهر,87,علي الطاهر,none,1,DUPLICATE_OF_NEWS,,,0fd42632-a93a-45b2-aa40-a20a37ed2651;2e313039-a601-4c52-ac51-46620d082113,,452
31274,nabatiehchannel,2026-09-02,2026-09-02 00:00:00+03:00,2026-09-02 12:09:54+03:00,الغارات الحربيه,قصف وغارات,النبطيه الفوقا-حي الرويس,1152,نبطية التحتا,none,1,SAME_VILLAGE_OTHER_ACTION,سقوط مسيّرة,,,,
31274,nabatiehchannel,2026-09-02,2026-09-02 00:00:00+03:00,2026-09-02 12:09:54+03:00,الغارات الحربيه,قصف وغارات,اطراف عربصاليم(استهداف غرفه قرب الجبانه),118,عرب صاليم,none,1,NOT_IN_INCIDENTS,NEWS_NEVER_ARRIVED,,,,
31274,nabatiehchannel,2026-09-02,2026-09-02 00:00:00+03:00,2026-09-02 12:09:54+03:00,القصف المدفعي و الفوسفوري,قصف مدفعي,وادي الحجير,1219,قبريخا,none,1,NOT_IN_INCIDENTS,NEWS_WRONG_VILLAGE,وادي الدير,,32151,
31274,nabatiehchannel,2026-09-02,2026-09-02 00:00:00+03:00,2026-09-02 12:09:54+03:00,القصف المدفعي و الفوسفوري,قذائف فوسفورية,وادي الحجير,1219,قبريخا,none,1,NOT_IN_INCIDENTS,NEWS_WRONG_VILLAGE,وادي الدير,,32151,
31274,nabatiehchannel,2026-09-02,2026-09-02 00:00:00+03:00,2026-09-02 12:09:54+03:00,القصف المدفعي و الفوسفوري,قصف مدفعي,دوحه كفررمان,851,كفر رمان,none,1,DUPLICATE_OF_NEWS,,,016589a5-5f09-4d9f-b325-b0b86b647d2d;0bff07ba-1445-4193-8c02-cd680ffb4e21;24cbddf7-de30-453a-94d4-f2a73e3c2930;75495254-3e2b-431e-a09f-e3e872fb8bbd;9df5678f-701f-47c5-a133-3c3555f94884;b8358cda-d603-4c73-b71e-23b68f64c25a;ebf78cec-17b3-424c-9d94-7e5ba907c1fb,,327
31274,nabatiehchannel,2026-09-02,2026-09-02 00:00:00+03:00,2026-09-02 12:09:54+03:00,القصف المدفعي و الفوسفوري,قذائف فوسفورية,دوحه كفررمان,851,كفر رمان,none,1,DUPLICATE_OF_NEWS,,,016589a5-5f09-4d9f-b325-b0b86b647d2d;0bff07ba-1445-4193-8c02-cd680ffb4e21;24cbddf7-de30-453a-94d4-f2a73e3c2930;75495254-3e2b-431e-a09f-e3e872fb8bbd;9df5678f-701f-47c5-a133-3c3555f94884;b8358cda-d603-4c73-b71e-23b68f64c25a;ebf78cec-17b3-424c-9d94-7e5ba907c1fb,,327
31274,nabatiehchannel,2026-09-02,2026-09-02 00:00:00+03:00,2026-09-02 12:09:54+03:00,القصف المدفعي و الفوسفوري,قصف مدفعي,المنصوري,976,المنصوري,none,1,DUPLICATE_OF_NEWS,,,8e8a7239-6862-4976-8724-76c6ae6597e1;d52b4d85-789a-4afe-a4a5-3b0907df9921,,3
31274,nabatiehchannel,2026-09-02,2026-09-02 00:00:00+03:00,2026-09-02 12:09:54+03:00,القصف المدفعي و الفوسفوري,قذائف فوسفورية,المنصوري,976,المنصوري,none,1,DUPLICATE_OF_NEWS,,,8e8a7239-6862-4976-8724-76c6ae6597e1;d52b4d85-789a-4afe-a4a5-3b0907df9921,,3
31274,nabatiehchannel,2026-09-02,2026-09-02 00:00:00+03:00,2026-09-02 12:09:54+03:00,القصف المدفعي و الفوسفوري,قذائف فوسفورية,علي الطاهر مدفعي+فوسفوري,87,علي الطاهر,none,1,DUPLICATE_OF_NEWS,,,3b3e2232-1da9-4701-9d4e-8d7c98b31a03;85a99cd8-b993-4bc2-9aa0-f1a1910f1082;b6a5f170-b8f3-4a48-98f8-4682ea929062;5eb5d96c-e854-4a74-a890-405cb34bd4c6,,575
31274,nabatiehchannel,2026-09-02,2026-09-02 00:00:00+03:00,2026-09-02 12:09:54+03:00,القصف المدفعي و الفوسفوري,قصف مدفعي,علي الطاهر مدفعي+فوسفوري,87,علي الطاهر,none,1,DUPLICATE_OF_NEWS,,,3b3e2232-1da9-4701-9d4e-8d7c98b31a03;85a99cd8-b993-4bc2-9aa0-f1a1910f1082;b6a5f170-b8f3-4a48-98f8-4682ea929062;5eb5d96c-e854-4a74-a890-405cb34bd4c6,,575
31274,nabatiehchannel,2026-09-02,2026-09-02 00:00:00+03:00,2026-09-02 12:09:54+03:00,القصف المدفعي و الفوسفوري,قذائف فوسفورية,النبطيه الفوقا مدفعي+فوسفوري,1153,نبطية الفوقا,none,1,DUPLICATE_OF_NEWS,,,23ead0b5-987f-46f0-bd41-b73719836456;fda3ab16-48c0-4b32-bd73-2df98fbff822;cfbb949c-b8bb-4f1f-9ed1-0202bf089548,,739
31274,nabatiehchannel,2026-09-02,2026-09-02 00:00:00+03:00,2026-09-02 12:09:54+03:00,القصف المدفعي و الفوسفوري,قصف مدفعي,النبطيه الفوقا مدفعي+فوسفوري,1153,نبطية الفوقا,none,1,DUPLICATE_OF_NEWS,,,23ead0b5-987f-46f0-bd41-b73719836456;fda3ab16-48c0-4b32-bd73-2df98fbff822;cfbb949c-b8bb-4f1f-9ed1-0202bf089548,,739
31274,nabatiehchannel,2026-09-02,2026-09-02 00:00:00+03:00,2026-09-02 12:09:54+03:00,القصف المدفعي و الفوسفوري,قصف مدفعي,ديرسريان,524,دير سريان,none,1,NOT_IN_INCIDENTS,NEWS_NEVER_ARRIVED,,,,
31274,nabatiehchannel,2026-09-02,2026-09-02 00:00:00+03:00,2026-09-02 12:09:54+03:00,القصف المدفعي و الفوسفوري,قذائف فوسفورية,ديرسريان,524,دير سريان,none,1,NOT_IN_INCIDENTS,NEWS_NEVER_ARRIVED,,,,
31274,nabatiehchannel,2026-09-02,2026-09-02 00:00:00+03:00,2026-09-02 12:09:54+03:00,التمشيط,عملية تمشيط,المنصوري,976,المنصوري,none,1,SAME_VILLAGE_OTHER_ACTION,تلغيم وتفجير; قصف مدفعي; قنابل صوتية,,,,
31274,nabatiehchannel,2026-09-02,2026-09-02 00:00:00+03:00,2026-09-02 12:09:54+03:00,التمشيط,عملية تمشيط,زوطر الشرقيه,1519,زوطر الشرقية,none,1,SAME_VILLAGE_OTHER_ACTION,تلغيم وتفجير; قصف مدفعي; قنابل صوتية,,,,
31274,nabatiehchannel,2026-09-02,2026-09-02 00:00:00+03:00,2026-09-02 12:09:54+03:00,التمشيط,عملية تمشيط,بيت ياحون,273,بيت ياحون,none,1,SAME_VILLAGE_OTHER_ACTION,قصف مدفعي,,,,
31274,nabatiehchannel,2026-09-02,2026-09-02 00:00:00+03:00,2026-09-02 12:09:54+03:00,التمشيط,قصف مدفعي,قصف مدفعي معاد يستهدف بلده القنطره,1228,قنطرة,none,1,DUPLICATE_OF_NEWS,,,75b02192-8a18-47ad-b529-797b19a48b7f,,3
31274,nabatiehchannel,2026-09-02,2026-09-02 00:00:00+03:00,2026-09-02 12:09:54+03:00,التمشيط,قصف مدفعي,قصف مدفعي معاد يستهدف بلده زوطر الشرقيه,1519,زوطر الشرقية,none,1,DUPLICATE_OF_NEWS,,,22f28510-2109-4766-93d8-7dd54992b3d1;8aafe6d8-42b4-4ab0-884b-141092960626,,8
28655,Janoubana,2026-09-02,2026-09-02 00:00:00+03:00,2026-09-02 12:18:55+03:00,الغارات الحربيه,قصف وغارات,محيط علي الطاهر,87,علي الطاهر,none,1,DUPLICATE_OF_NEWS,,,0fd42632-a93a-45b2-aa40-a20a37ed2651;2e313039-a601-4c52-ac51-46620d082113,,461
28655,Janoubana,2026-09-02,2026-09-02 00:00:00+03:00,2026-09-02 12:18:55+03:00,الغارات الحربيه,قصف وغارات,النبطيه الفوقا-حي الرويس,1152,نبطية التحتا,none,1,SAME_VILLAGE_OTHER_ACTION,سقوط مسيّرة,,,,
28655,Janoubana,2026-09-02,2026-09-02 00:00:00+03:00,2026-09-02 12:18:55+03:00,الغارات الحربيه,قصف وغارات,اطراف عربصاليم(استهداف غرفه قرب الجبانه),118,عرب صاليم,none,1,NOT_IN_INCIDENTS,NEWS_NEVER_ARRIVED,,,,
28655,Janoubana,2026-09-02,2026-09-02 00:00:00+03:00,2026-09-02 12:18:55+03:00,القصف المدفعي و الفوسفوري,قصف مدفعي,وادي الحجير,1219,قبريخا,none,1,NOT_IN_INCIDENTS,NEWS_WRONG_VILLAGE,وادي الدير,,32151,
28655,Janoubana,2026-09-02,2026-09-02 00:00:00+03:00,2026-09-02 12:18:55+03:00,القصف المدفعي و الفوسفوري,قذائف فوسفورية,وادي الحجير,1219,قبريخا,none,1,NOT_IN_INCIDENTS,NEWS_WRONG_VILLAGE,وادي الدير,,32151,
28655,Janoubana,2026-09-02,2026-09-02 00:00:00+03:00,2026-09-02 12:18:55+03:00,القصف المدفعي و الفوسفوري,قصف مدفعي,دوحه كفررمان,851,كفر رمان,none,1,DUPLICATE_OF_NEWS,,,016589a5-5f09-4d9f-b325-b0b86b647d2d;0bff07ba-1445-4193-8c02-cd680ffb4e21;24cbddf7-de30-453a-94d4-f2a73e3c2930;75495254-3e2b-431e-a09f-e3e872fb8bbd;9df5678f-701f-47c5-a133-3c3555f94884;b8358cda-d603-4c73-b71e-23b68f64c25a;ebf78cec-17b3-424c-9d94-7e5ba907c1fb,,336
28655,Janoubana,2026-09-02,2026-09-02 00:00:00+03:00,2026-09-02 12:18:55+03:00,القصف المدفعي و الفوسفوري,قذائف فوسفورية,دوحه كفررمان,851,كفر رمان,none,1,DUPLICATE_OF_NEWS,,,016589a5-5f09-4d9f-b325-b0b86b647d2d;0bff07ba-1445-4193-8c02-cd680ffb4e21;24cbddf7-de30-453a-94d4-f2a73e3c2930;75495254-3e2b-431e-a09f-e3e872fb8bbd;9df5678f-701f-47c5-a133-3c3555f94884;b8358cda-d603-4c73-b71e-23b68f64c25a;ebf78cec-17b3-424c-9d94-7e5ba907c1fb,,336
28655,Janoubana,2026-09-02,2026-09-02 00:00:00+03:00,2026-09-02 12:18:55+03:00,القصف المدفعي و الفوسفوري,قصف مدفعي,المنصوري,976,المنصوري,none,1,DUPLICATE_OF_NEWS,,,8e8a7239-6862-4976-8724-76c6ae6597e1;d52b4d85-789a-4afe-a4a5-3b0907df9921,,12
28655,Janoubana,2026-09-02,2026-09-02 00:00:00+03:00,2026-09-02 12:18:55+03:00,القصف المدفعي و الفوسفوري,قذائف فوسفورية,المنصوري,976,المنصوري,none,1,DUPLICATE_OF_NEWS,,,8e8a7239-6862-4976-8724-76c6ae6597e1;d52b4d85-789a-4afe-a4a5-3b0907df9921,,12
28655,Janoubana,2026-09-02,2026-09-02 00:00:00+03:00,2026-09-02 12:18:55+03:00,القصف المدفعي و الفوسفوري,قذائف فوسفورية,علي الطاهر مدفعي+فوسفوري,87,علي الطاهر,none,1,DUPLICATE_OF_NEWS,,,3b3e2232-1da9-4701-9d4e-8d7c98b31a03;85a99cd8-b993-4bc2-9aa0-f1a1910f1082;b6a5f170-b8f3-4a48-98f8-4682ea929062;5eb5d96c-e854-4a74-a890-405cb34bd4c6,,584
28655,Janoubana,2026-09-02,2026-09-02 00:00:00+03:00,2026-09-02 12:18:55+03:00,القصف المدفعي و الفوسفوري,قصف مدفعي,علي الطاهر مدفعي+فوسفوري,87,علي الطاهر,none,1,DUPLICATE_OF_NEWS,,,3b3e2232-1da9-4701-9d4e-8d7c98b31a03;85a99cd8-b993-4bc2-9aa0-f1a1910f1082;b6a5f170-b8f3-4a48-98f8-4682ea929062;5eb5d96c-e854-4a74-a890-405cb34bd4c6,,584
28655,Janoubana,2026-09-02,2026-09-02 00:00:00+03:00,2026-09-02 12:18:55+03:00,القصف المدفعي و الفوسفوري,قذائف فوسفورية,النبطيه الفوقا مدفعي+فوسفوري,1153,نبطية الفوقا,none,1,DUPLICATE_OF_NEWS,,,23ead0b5-987f-46f0-bd41-b73719836456;fda3ab16-48c0-4b32-bd73-2df98fbff822;cfbb949c-b8bb-4f1f-9ed1-0202bf089548,,748
28655,Janoubana,2026-09-02,2026-09-02 00:00:00+03:00,2026-09-02 12:18:55+03:00,القصف المدفعي و الفوسفوري,قصف مدفعي,النبطيه الفوقا مدفعي+فوسفوري,1153,نبطية الفوقا,none,1,DUPLICATE_OF_NEWS,,,23ead0b5-987f-46f0-bd41-b73719836456;fda3ab16-48c0-4b32-bd73-2df98fbff822;cfbb949c-b8bb-4f1f-9ed1-0202bf089548,,748
28655,Janoubana,2026-09-02,2026-09-02 00:00:00+03:00,2026-09-02 12:18:55+03:00,القصف المدفعي و الفوسفوري,قصف مدفعي,ديرسريان,524,دير سريان,none,1,NOT_IN_INCIDENTS,NEWS_NEVER_ARRIVED,,,,
28655,Janoubana,2026-09-02,2026-09-02 00:00:00+03:00,2026-09-02 12:18:55+03:00,القصف المدفعي و الفوسفوري,قذائف فوسفورية,ديرسريان,524,دير سريان,none,1,NOT_IN_INCIDENTS,NEWS_NEVER_ARRIVED,,,,
28655,Janoubana,2026-09-02,2026-09-02 00:00:00+03:00,2026-09-02 12:18:55+03:00,التمشيط,عملية تمشيط,المنصوري,976,المنصوري,none,1,SAME_VILLAGE_OTHER_ACTION,تلغيم وتفجير; قصف مدفعي; قنابل صوتية,,,,
28655,Janoubana,2026-09-02,2026-09-02 00:00:00+03:00,2026-09-02 12:18:55+03:00,التمشيط,عملية تمشيط,زوطر الشرقيه,1519,زوطر الشرقية,none,1,SAME_VILLAGE_OTHER_ACTION,تلغيم وتفجير; قصف مدفعي; قنابل صوتية,,,,
28655,Janoubana,2026-09-02,2026-09-02 00:00:00+03:00,2026-09-02 12:18:55+03:00,التمشيط,عملية تمشيط,بيت ياحون,273,بيت ياحون,none,1,SAME_VILLAGE_OTHER_ACTION,قصف مدفعي,,,,
28655,Janoubana,2026-09-02,2026-09-02 00:00:00+03:00,2026-09-02 12:18:55+03:00,التمشيط,قصف مدفعي,قصف مدفعي معاد يستهدف بلده القنطره,1228,قنطرة,none,1,DUPLICATE_OF_NEWS,,,75b02192-8a18-47ad-b529-797b19a48b7f,,12
28655,Janoubana,2026-09-02,2026-09-02 00:00:00+03:00,2026-09-02 12:18:55+03:00,التمشيط,قصف مدفعي,قصف مدفعي معاد يستهدف بلده زوطر الشرقيه,1519,زوطر الشرقية,none,1,DUPLICATE_OF_NEWS,,,22f28510-2109-4766-93d8-7dd54992b3d1;8aafe6d8-42b4-4ab0-884b-141092960626,,17
28453,alichoeib1970; sameralhajali,2026-09-02,2026-09-02 00:00:00+03:00,2026-09-03 00:00:00+03:00,الغارات التي نفذها الطيران الحربي المعادي,قصف وغارات,محيط علي الطاهر,87,علي الطاهر,none,1,DUPLICATE_OF_NEWS,,,0fd42632-a93a-45b2-aa40-a20a37ed2651;424df891-9278-4cbc-b794-b5b00e6b82f1;2e313039-a601-4c52-ac51-46620d082113,,-25
28453,alichoeib1970; sameralhajali,2026-09-02,2026-09-02 00:00:00+03:00,2026-09-03 00:00:00+03:00,الغارات التي نفذها الطيران الحربي المعادي,قصف وغارات,النبطيه الفوقا,1153,نبطية الفوقا,none,1,DUPLICATE_OF_NEWS,,,98c9a6cb-331b-42b5-b162-47e2810f86fe;70b0dd57-3388-4045-911a-6d5280856265,,195
28453,alichoeib1970; sameralhajali,2026-09-02,2026-09-02 00:00:00+03:00,2026-09-03 00:00:00+03:00,الغارات التي نفذها الطيران الحربي المعادي,قصف وغارات,عربصاليم,118,عرب صاليم,none,1,NOT_IN_INCIDENTS,NEWS_NEVER_ARRIVED,,,,
28453,alichoeib1970; sameralhajali,2026-09-02,2026-09-02 00:00:00+03:00,2026-09-03 00:00:00+03:00,الغارات التي نفذها الطيران الحربي المعادي,قصف وغارات,المنصوري,976,المنصوري,none,1,SAME_VILLAGE_OTHER_ACTION,تلغيم وتفجير; قصف مدفعي; قنابل صوتية,,,,
28453,alichoeib1970; sameralhajali,2026-09-02,2026-09-02 00:00:00+03:00,2026-09-03 00:00:00+03:00,الغارات التي نفذها الطيران الحربي المعادي,قصف وغارات,حاريص,650,حاريص,none,1,SAME_VILLAGE_OTHER_ACTION,قنابل صوتية,,,,
28453,alichoeib1970; sameralhajali,2026-09-02,2026-09-02 00:00:00+03:00,2026-09-03 00:00:00+03:00,الغارات التي نفذها الطيران الحربي المعادي,قصف وغارات,القنطره,1228,قنطرة,none,1,SAME_VILLAGE_OTHER_ACTION,قصف مدفعي,,,,
28453,alichoeib1970; sameralhajali,2026-09-02,2026-09-02 00:00:00+03:00,2026-09-03 00:00:00+03:00,القصف المدفعي و الفوسفوري,قصف مدفعي,وادي الحجير,1219,قبريخا,none,1,NOT_IN_INCIDENTS,NEWS_WRONG_VILLAGE,المسعودية; بيت ليف; زوطر الشرقية; عرقا; مجيدية حاصبيا; مزرعة; مزرعة العرقوب; نبطية الفوقا; وادي الدير,,29441;32302;29441;32151;29407;29407;32302;29441;29407;29407,
28453,alichoeib1970; sameralhajali,2026-09-02,2026-09-02 00:00:00+03:00,2026-09-03 00:00:00+03:00,القصف المدفعي و الفوسفوري,قذائف فوسفورية,وادي الحجير,1219,قبريخا,none,1,NOT_IN_INCIDENTS,NEWS_WRONG_VILLAGE,المسعودية; بيت ليف; زوطر الشرقية; عرقا; مجيدية حاصبيا; مزرعة; مزرعة العرقوب; نبطية الفوقا; وادي الدير,,29441;32302;29441;32151;29407;29407;32302;29441;29407;29407,
28453,alichoeib1970; sameralhajali,2026-09-02,2026-09-02 00:00:00+03:00,2026-09-03 00:00:00+03:00,القصف المدفعي و الفوسفوري,قصف مدفعي,دوحه كفررمان,851,كفر رمان,none,1,DUPLICATE_OF_NEWS,,,016589a5-5f09-4d9f-b325-b0b86b647d2d;0bff07ba-1445-4193-8c02-cd680ffb4e21;10bc1c43-6fd7-40d2-bbb1-efcae8f8aa26;24cbddf7-de30-453a-94d4-f2a73e3c2930;44c6083a-7e27-43b8-9888-c4a424dcde85;75495254-3e2b-431e-a09f-e3e872fb8bbd;7bb29ca0-9b46-48f0-862b-7a86e669c794;9a192a8a-c089-4c11-808b-67a39001d0c4;9df5678f-701f-47c5-a133-3c3555f94884;b8358cda-d603-4c73-b71e-23b68f64c25a;ebf78cec-17b3-424c-9d94-7e5ba907c1fb;699f94d7-28ed-43f1-ac9e-e73615dd9994,,-14
28453,alichoeib1970; sameralhajali,2026-09-02,2026-09-02 00:00:00+03:00,2026-09-03 00:00:00+03:00,القصف المدفعي و الفوسفوري,قذائف فوسفورية,دوحه كفررمان,851,كفر رمان,none,1,DUPLICATE_OF_NEWS,,,016589a5-5f09-4d9f-b325-b0b86b647d2d;0bff07ba-1445-4193-8c02-cd680ffb4e21;10bc1c43-6fd7-40d2-bbb1-efcae8f8aa26;24cbddf7-de30-453a-94d4-f2a73e3c2930;44c6083a-7e27-43b8-9888-c4a424dcde85;75495254-3e2b-431e-a09f-e3e872fb8bbd;7bb29ca0-9b46-48f0-862b-7a86e669c794;9a192a8a-c089-4c11-808b-67a39001d0c4;9df5678f-701f-47c5-a133-3c3555f94884;b8358cda-d603-4c73-b71e-23b68f64c25a;ebf78cec-17b3-424c-9d94-7e5ba907c1fb;699f94d7-28ed-43f1-ac9e-e73615dd9994,,-14
28453,alichoeib1970; sameralhajali,2026-09-02,2026-09-02 00:00:00+03:00,2026-09-03 00:00:00+03:00,القصف المدفعي و الفوسفوري,قصف مدفعي,المنصوري,976,المنصوري,none,1,DUPLICATE_OF_NEWS,,,8e8a7239-6862-4976-8724-76c6ae6597e1;f6dfd934-ec02-40d7-9e80-83de930f3dee;d52b4d85-789a-4afe-a4a5-3b0907df9921,,342
28453,alichoeib1970; sameralhajali,2026-09-02,2026-09-02 00:00:00+03:00,2026-09-03 00:00:00+03:00,القصف المدفعي و الفوسفوري,قذائف فوسفورية,المنصوري,976,المنصوري,none,1,DUPLICATE_OF_NEWS,,,8e8a7239-6862-4976-8724-76c6ae6597e1;f6dfd934-ec02-40d7-9e80-83de930f3dee;d52b4d85-789a-4afe-a4a5-3b0907df9921,,342
28453,alichoeib1970; sameralhajali,2026-09-02,2026-09-02 00:00:00+03:00,2026-09-03 00:00:00+03:00,القصف المدفعي و الفوسفوري,قذائف فوسفورية,علي الطاهر مدفعي+فوسفوري,87,علي الطاهر,none,1,DUPLICATE_OF_NEWS,,,3b3e2232-1da9-4701-9d4e-8d7c98b31a03;e22623a7-3ead-41f7-b6e3-e3a0f7847b21;85a99cd8-b993-4bc2-9aa0-f1a1910f1082;b6a5f170-b8f3-4a48-98f8-4682ea929062;5eb5d96c-e854-4a74-a890-405cb34bd4c6,,146
28453,alichoeib1970; sameralhajali,2026-09-02,2026-09-02 00:00:00+03:00,2026-09-03 00:00:00+03:00,القصف المدفعي و الفوسفوري,قصف مدفعي,علي الطاهر مدفعي+فوسفوري,87,علي الطاهر,none,1,DUPLICATE_OF_NEWS,,,3b3e2232-1da9-4701-9d4e-8d7c98b31a03;e22623a7-3ead-41f7-b6e3-e3a0f7847b21;85a99cd8-b993-4bc2-9aa0-f1a1910f1082;b6a5f170-b8f3-4a48-98f8-4682ea929062;5eb5d96c-e854-4a74-a890-405cb34bd4c6,,146
28453,alichoeib1970; sameralhajali,2026-09-02,2026-09-02 00:00:00+03:00,2026-09-03 00:00:00+03:00,القصف المدفعي و الفوسفوري,قذائف فوسفورية,النبطيه الفوقا مدفعي+فوسفوري,1153,نبطية الفوقا,none,1,DUPLICATE_OF_NEWS,,,23ead0b5-987f-46f0-bd41-b73719836456;fda3ab16-48c0-4b32-bd73-2df98fbff822;cfbb949c-b8bb-4f1f-9ed1-0202bf089548;1ce2b210-36bf-4edf-8bdd-31e12732dbb6,,109
28453,alichoeib1970; sameralhajali,2026-09-02,2026-09-02 00:00:00+03:00,2026-09-03 00:00:00+03:00,القصف المدفعي و الفوسفوري,قصف مدفعي,النبطيه الفوقا مدفعي+فوسفوري,1153,نبطية الفوقا,none,1,DUPLICATE_OF_NEWS,,,23ead0b5-987f-46f0-bd41-b73719836456;fda3ab16-48c0-4b32-bd73-2df98fbff822;cfbb949c-b8bb-4f1f-9ed1-0202bf089548;1ce2b210-36bf-4edf-8bdd-31e12732dbb6,,109
28453,alichoeib1970; sameralhajali,2026-09-02,2026-09-02 00:00:00+03:00,2026-09-03 00:00:00+03:00,القصف المدفعي و الفوسفوري,قصف مدفعي,ديرسريان,524,دير سريان,none,1,NOT_IN_INCIDENTS,NEWS_NEVER_ARRIVED,,,,
28453,alichoeib1970; sameralhajali,2026-09-02,2026-09-02 00:00:00+03:00,2026-09-03 00:00:00+03:00,القصف المدفعي و الفوسفوري,قذائف فوسفورية,ديرسريان,524,دير سريان,none,1,NOT_IN_INCIDENTS,NEWS_NEVER_ARRIVED,,,,
28453,alichoeib1970; sameralhajali,2026-09-02,2026-09-02 00:00:00+03:00,2026-09-03 00:00:00+03:00,القصف المدفعي و الفوسفوري,قصف مدفعي,وادي زبقين,1523,زبقين,none,1,DUPLICATE_OF_NEWS,,,b3b3251f-61fd-49d5-b437-9233f422f2d9,,202
28453,alichoeib1970; sameralhajali,2026-09-02,2026-09-02 00:00:00+03:00,2026-09-03 00:00:00+03:00,القصف المدفعي و الفوسفوري,قذائف فوسفورية,وادي زبقين,1523,زبقين,none,1,DUPLICATE_OF_NEWS,,,b3b3251f-61fd-49d5-b437-9233f422f2d9,,202
28453,alichoeib1970; sameralhajali,2026-09-02,2026-09-02 00:00:00+03:00,2026-09-03 00:00:00+03:00,القصف المدفعي و الفوسفوري,قصف مدفعي,القنطره,1228,قنطرة,none,1,DUPLICATE_OF_NEWS,,,75b02192-8a18-47ad-b529-797b19a48b7f,,714
28453,alichoeib1970; sameralhajali,2026-09-02,2026-09-02 00:00:00+03:00,2026-09-03 00:00:00+03:00,القصف المدفعي و الفوسفوري,قذائف فوسفورية,القنطره,1228,قنطرة,none,1,DUPLICATE_OF_NEWS,,,75b02192-8a18-47ad-b529-797b19a48b7f,,714
28453,alichoeib1970; sameralhajali,2026-09-02,2026-09-02 00:00:00+03:00,2026-09-03 00:00:00+03:00,القصف المدفعي و الفوسفوري,قصف مدفعي,الخيام,901,الخيام,none,1,DUPLICATE_OF_NEWS,,,59d40f40-273a-41dc-8bd7-a3167115affe,,425
28453,alichoeib1970; sameralhajali,2026-09-02,2026-09-02 00:00:00+03:00,2026-09-03 00:00:00+03:00,القصف المدفعي و الفوسفوري,قذائف فوسفورية,الخيام,901,الخيام,none,1,DUPLICATE_OF_NEWS,,,59d40f40-273a-41dc-8bd7-a3167115affe,,425
28453,alichoeib1970; sameralhajali,2026-09-02,2026-09-02 00:00:00+03:00,2026-09-03 00:00:00+03:00,القصف المدفعي و الفوسفوري,قصف مدفعي,كفرشوبا,813,كفر شوبا,none,1,DUPLICATE_OF_NEWS,,,566bc2c9-2665-4b8d-b9d3-8bf71014d8aa,,78
28453,alichoeib1970; sameralhajali,2026-09-02,2026-09-02 00:00:00+03:00,2026-09-03 00:00:00+03:00,القصف المدفعي و الفوسفوري,قذائف فوسفورية,كفرشوبا,813,كفر شوبا,none,1,DUPLICATE_OF_NEWS,,,566bc2c9-2665-4b8d-b9d3-8bf71014d8aa,,78
28453,alichoeib1970; sameralhajali,2026-09-02,2026-09-02 00:00:00+03:00,2026-09-03 00:00:00+03:00,القصف المدفعي و الفوسفوري,قصف مدفعي,حولا,701,حولا,none,1,DUPLICATE_OF_NEWS,,,a70f2567-1347-475c-b571-5278c70e160e;ca9bce37-1dd0-4e85-be74-5d0e957f66b0,,434
28453,alichoeib1970; sameralhajali,2026-09-02,2026-09-02 00:00:00+03:00,2026-09-03 00:00:00+03:00,القصف المدفعي و الفوسفوري,قذائف فوسفورية,حولا,701,حولا,none,1,DUPLICATE_OF_NEWS,,,a70f2567-1347-475c-b571-5278c70e160e;ca9bce37-1dd0-4e85-be74-5d0e957f66b0,,434
28453,alichoeib1970; sameralhajali,2026-09-02,2026-09-02 00:00:00+03:00,2026-09-03 00:00:00+03:00,القصف المدفعي و الفوسفوري,قصف مدفعي,بني حيان,205,بني حيان,none,1,DUPLICATE_OF_NEWS,,,80b168c4-e34f-4018-8083-bee6c693eb0a,,187
28453,alichoeib1970; sameralhajali,2026-09-02,2026-09-02 00:00:00+03:00,2026-09-03 00:00:00+03:00,القصف المدفعي و الفوسفوري,قذائف فوسفورية,بني حيان,205,بني حيان,none,1,DUPLICATE_OF_NEWS,,,80b168c4-e34f-4018-8083-bee6c693eb0a,,187
28453,alichoeib1970; sameralhajali,2026-09-02,2026-09-02 00:00:00+03:00,2026-09-03 00:00:00+03:00,القصف المدفعي و الفوسفوري,قصف مدفعي,وادي السلوقي,1464,تولين,none,1,NOT_IN_INCIDENTS,NEWS_FAILED,error,,30728;30729;30730;30732;30748;30794,
28453,alichoeib1970; sameralhajali,2026-09-02,2026-09-02 00:00:00+03:00,2026-09-03 00:00:00+03:00,القصف المدفعي و الفوسفوري,قذائف فوسفورية,وادي السلوقي,1464,تولين,none,1,NOT_IN_INCIDENTS,NEWS_FAILED,error,,30728;30729;30730;30732;30748;30794,
28453,alichoeib1970; sameralhajali,2026-09-02,2026-09-02 00:00:00+03:00,2026-09-03 00:00:00+03:00,القصف المدفعي و الفوسفوري,قصف مدفعي,زوطر الشرقيه,1519,زوطر الشرقية,none,1,DUPLICATE_OF_NEWS,,,ffb3d835-b0bb-40b8-b36b-59f9b4dce597;22f28510-2109-4766-93d8-7dd54992b3d1;8aafe6d8-42b4-4ab0-884b-141092960626;79fd34de-037e-429e-ae25-9deee1db2135,,109
28453,alichoeib1970; sameralhajali,2026-09-02,2026-09-02 00:00:00+03:00,2026-09-03 00:00:00+03:00,القصف المدفعي و الفوسفوري,قذائف فوسفورية,زوطر الشرقيه,1519,زوطر الشرقية,none,1,DUPLICATE_OF_NEWS,,,ffb3d835-b0bb-40b8-b36b-59f9b4dce597;22f28510-2109-4766-93d8-7dd54992b3d1;8aafe6d8-42b4-4ab0-884b-141092960626;79fd34de-037e-429e-ae25-9deee1db2135,,109
28453,alichoeib1970; sameralhajali,2026-09-02,2026-09-02 00:00:00+03:00,2026-09-03 00:00:00+03:00,الغارات التي نفذها الطيران المسير المعادي,قصف وغارات,حي المسلخ- النبطيه,1152,نبطية التحتا,none,1,SAME_VILLAGE_OTHER_ACTION,سقوط مسيّرة,,,,
28453,alichoeib1970; sameralhajali,2026-09-02,2026-09-02 00:00:00+03:00,2026-09-03 00:00:00+03:00,التفجيرات التي نفذها العدو في البلدات الجنوبيه,تلغيم وتفجير,المنصوري,976,المنصوري,none,1,DUPLICATE_OF_NEWS,,,020365db-8e6d-4699-883f-3141a491a4d6;b58bfa70-f97c-4131-92d5-1e220b1a7879;48569092-c430-426d-82de-3f3c3df496d1,,520
28453,alichoeib1970; sameralhajali,2026-09-02,2026-09-02 00:00:00+03:00,2026-09-03 00:00:00+03:00,التفجيرات التي نفذها العدو في البلدات الجنوبيه,تلغيم وتفجير,كفرتبنيت,857,كفر تبنيت,none,1,DUPLICATE_OF_NEWS,,,a2c91f3a-eab0-4354-a9b1-cd9a1022e63d;20b3f97b-c623-4478-973a-30a34a5c6cb0,,-41
28453,alichoeib1970; sameralhajali,2026-09-02,2026-09-02 00:00:00+03:00,2026-09-03 00:00:00+03:00,التفجيرات التي نفذها العدو في البلدات الجنوبيه,تلغيم وتفجير,بيت ليف,269,بيت ليف,none,1,DUPLICATE_OF_NEWS,,,f2bcb1ed-7671-45d3-8b16-aeb1c2a4e5bd,,501
28453,alichoeib1970; sameralhajali,2026-09-02,2026-09-02 00:00:00+03:00,2026-09-03 00:00:00+03:00,التفجيرات التي نفذها العدو في البلدات الجنوبيه,تلغيم وتفجير,حولا,701,حولا,none,1,DUPLICATE_OF_NEWS,,,f7c5f740-4f61-49e6-9a01-35c65adbacc9;9d31ce64-dc0d-44ba-94fd-0f33ae4c137b,,308
28453,alichoeib1970; sameralhajali,2026-09-02,2026-09-02 00:00:00+03:00,2026-09-03 00:00:00+03:00,التفجيرات التي نفذها العدو في البلدات الجنوبيه,تلغيم وتفجير,حداثا,601,حداثا,none,1,SAME_VILLAGE_OTHER_ACTION,قصف مدفعي; قنابل صوتية,,,,
28453,alichoeib1970; sameralhajali,2026-09-02,2026-09-02 00:00:00+03:00,2026-09-03 00:00:00+03:00,التفجيرات التي نفذها العدو في البلدات الجنوبيه,تلغيم وتفجير,وادي السلوقي,1464,تولين,none,1,NOT_IN_INCIDENTS,NEWS_FAILED,error,,30728;30729;30730;30732;30748;30794,
28453,alichoeib1970; sameralhajali,2026-09-02,2026-09-02 00:00:00+03:00,2026-09-03 00:00:00+03:00,التفجيرات التي نفذها العدو في البلدات الجنوبيه,تلغيم وتفجير,مركبا,991,مركبا,none,1,NOT_IN_INCIDENTS,NEWS_FAILED,error,,30741,
28453,alichoeib1970; sameralhajali,2026-09-02,2026-09-02 00:00:00+03:00,2026-09-03 00:00:00+03:00,احراق المنازل,احراق ممتلكات,ارنون,176,أرنون,none,1,DUPLICATE_OF_NEWS,,,28dc919c-e217-44e4-8c99-2e001635abd1,,382
28453,alichoeib1970; sameralhajali,2026-09-02,2026-09-02 00:00:00+03:00,2026-09-03 00:00:00+03:00,احراق المنازل,احراق ممتلكات,طلوسه,1431,طلوسة,none,1,SAME_VILLAGE_OTHER_ACTION,قصف مدفعي; قنابل صوتية,,,,
28453,alichoeib1970; sameralhajali,2026-09-02,2026-09-02 00:00:00+03:00,2026-09-03 00:00:00+03:00,تمشيط بالاسلحهالرشاشه,عملية تمشيط,المنصوري,976,المنصوري,none,1,SAME_VILLAGE_OTHER_ACTION,تلغيم وتفجير; قصف مدفعي; قنابل صوتية,,,,
28453,alichoeib1970; sameralhajali,2026-09-02,2026-09-02 00:00:00+03:00,2026-09-03 00:00:00+03:00,تمشيط بالاسلحهالرشاشه,عملية تمشيط,زوطر الشرقيه,1519,زوطر الشرقية,none,1,SAME_VILLAGE_OTHER_ACTION,تلغيم وتفجير; قصف مدفعي; قنابل صوتية,,,,
28453,alichoeib1970; sameralhajali,2026-09-02,2026-09-02 00:00:00+03:00,2026-09-03 00:00:00+03:00,تمشيط بالاسلحهالرشاشه,عملية تمشيط,بيت ياحون,273,بيت ياحون,none,1,SAME_VILLAGE_OTHER_ACTION,قصف مدفعي,,,,
28453,alichoeib1970; sameralhajali,2026-09-02,2026-09-02 00:00:00+03:00,2026-09-03 00:00:00+03:00,تمشيط بالاسلحهالرشاشه,عملية تمشيط,كفرتبنيت,857,كفر تبنيت,none,1,SAME_VILLAGE_OTHER_ACTION,تلغيم وتفجير,,,,
28453,alichoeib1970; sameralhajali,2026-09-02,2026-09-02 00:00:00+03:00,2026-09-03 00:00:00+03:00,تمشيط بالاسلحهالرشاشه,عملية تمشيط,حداثا,601,حداثا,none,1,SAME_VILLAGE_OTHER_ACTION,قصف مدفعي; قنابل صوتية,,,,
28453,alichoeib1970; sameralhajali,2026-09-02,2026-09-02 00:00:00+03:00,2026-09-03 00:00:00+03:00,تمشيط بالاسلحهالرشاشه,عملية تمشيط,ميس الجبل,1079,ميس الجبل,none,1,SAME_VILLAGE_OTHER_ACTION,توغل بري,,,,
28640,nabatiehchannel,2026-09-02,2026-09-02 00:00:00+03:00,2026-09-03 00:00:00+03:00,-الغارات التي نفذها الطيران الحربي المعادي,قصف وغارات,محيط علي الطاهر,87,علي الطاهر,none,1,DUPLICATE_OF_NEWS,,,0fd42632-a93a-45b2-aa40-a20a37ed2651;424df891-9278-4cbc-b794-b5b00e6b82f1;2e313039-a601-4c52-ac51-46620d082113,,-24
28640,nabatiehchannel,2026-09-02,2026-09-02 00:00:00+03:00,2026-09-03 00:00:00+03:00,-الغارات التي نفذها الطيران الحربي المعادي,قصف وغارات,النبطيه الفوقا,1153,نبطية الفوقا,none,1,DUPLICATE_OF_NEWS,,,98c9a6cb-331b-42b5-b162-47e2810f86fe;70b0dd57-3388-4045-911a-6d5280856265,,197
28640,nabatiehchannel,2026-09-02,2026-09-02 00:00:00+03:00,2026-09-03 00:00:00+03:00,-الغارات التي نفذها الطيران الحربي المعادي,قصف وغارات,عربصاليم,118,عرب صاليم,none,1,NOT_IN_INCIDENTS,NEWS_NEVER_ARRIVED,,,,
28640,nabatiehchannel,2026-09-02,2026-09-02 00:00:00+03:00,2026-09-03 00:00:00+03:00,-الغارات التي نفذها الطيران الحربي المعادي,قصف وغارات,المنصوري,976,المنصوري,none,1,SAME_VILLAGE_OTHER_ACTION,تلغيم وتفجير; قصف مدفعي; قنابل صوتية,,,,
28640,nabatiehchannel,2026-09-02,2026-09-02 00:00:00+03:00,2026-09-03 00:00:00+03:00,-الغارات التي نفذها الطيران الحربي المعادي,قصف وغارات,حاريص,650,حاريص,none,1,SAME_VILLAGE_OTHER_ACTION,قنابل صوتية,,,,
28640,nabatiehchannel,2026-09-02,2026-09-02 00:00:00+03:00,2026-09-03 00:00:00+03:00,-الغارات التي نفذها الطيران الحربي المعادي,قصف وغارات,القنطره,1228,قنطرة,none,1,SAME_VILLAGE_OTHER_ACTION,قصف مدفعي,,,,
28640,nabatiehchannel,2026-09-02,2026-09-02 00:00:00+03:00,2026-09-03 00:00:00+03:00,-القصف المدفعي و الفوسفوري,قصف مدفعي,وادي الحجير,1219,قبريخا,none,1,NOT_IN_INCIDENTS,NEWS_WRONG_VILLAGE,المسعودية; بيت ليف; زوطر الشرقية; عرقا; مجيدية حاصبيا; مزرعة; مزرعة العرقوب; نبطية الفوقا; وادي الدير,,29441;32302;29441;32151;29407;29407;32302;29441;29407;29407,
28640,nabatiehchannel,2026-09-02,2026-09-02 00:00:00+03:00,2026-09-03 00:00:00+03:00,-القصف المدفعي و الفوسفوري,قذائف فوسفورية,وادي الحجير,1219,قبريخا,none,1,NOT_IN_INCIDENTS,NEWS_WRONG_VILLAGE,المسعودية; بيت ليف; زوطر الشرقية; عرقا; مجيدية حاصبيا; مزرعة; مزرعة العرقوب; نبطية الفوقا; وادي الدير,,29441;32302;29441;32151;29407;29407;32302;29441;29407;29407,
28640,nabatiehchannel,2026-09-02,2026-09-02 00:00:00+03:00,2026-09-03 00:00:00+03:00,-القصف المدفعي و الفوسفوري,قصف مدفعي,دوحه كفررمان,851,كفر رمان,none,1,DUPLICATE_OF_NEWS,,,016589a5-5f09-4d9f-b325-b0b86b647d2d;0bff07ba-1445-4193-8c02-cd680ffb4e21;10bc1c43-6fd7-40d2-bbb1-efcae8f8aa26;24cbddf7-de30-453a-94d4-f2a73e3c2930;44c6083a-7e27-43b8-9888-c4a424dcde85;75495254-3e2b-431e-a09f-e3e872fb8bbd;7bb29ca0-9b46-48f0-862b-7a86e669c794;9a192a8a-c089-4c11-808b-67a39001d0c4;9df5678f-701f-47c5-a133-3c3555f94884;b8358cda-d603-4c73-b71e-23b68f64c25a;ebf78cec-17b3-424c-9d94-7e5ba907c1fb;699f94d7-28ed-43f1-ac9e-e73615dd9994,,-13
28640,nabatiehchannel,2026-09-02,2026-09-02 00:00:00+03:00,2026-09-03 00:00:00+03:00,-القصف المدفعي و الفوسفوري,قذائف فوسفورية,دوحه كفررمان,851,كفر رمان,none,1,DUPLICATE_OF_NEWS,,,016589a5-5f09-4d9f-b325-b0b86b647d2d;0bff07ba-1445-4193-8c02-cd680ffb4e21;10bc1c43-6fd7-40d2-bbb1-efcae8f8aa26;24cbddf7-de30-453a-94d4-f2a73e3c2930;44c6083a-7e27-43b8-9888-c4a424dcde85;75495254-3e2b-431e-a09f-e3e872fb8bbd;7bb29ca0-9b46-48f0-862b-7a86e669c794;9a192a8a-c089-4c11-808b-67a39001d0c4;9df5678f-701f-47c5-a133-3c3555f94884;b8358cda-d603-4c73-b71e-23b68f64c25a;ebf78cec-17b3-424c-9d94-7e5ba907c1fb;699f94d7-28ed-43f1-ac9e-e73615dd9994,,-13
28640,nabatiehchannel,2026-09-02,2026-09-02 00:00:00+03:00,2026-09-03 00:00:00+03:00,-القصف المدفعي و الفوسفوري,قصف مدفعي,المنصوري,976,المنصوري,none,1,DUPLICATE_OF_NEWS,,,8e8a7239-6862-4976-8724-76c6ae6597e1;f6dfd934-ec02-40d7-9e80-83de930f3dee;d52b4d85-789a-4afe-a4a5-3b0907df9921,,344
28640,nabatiehchannel,2026-09-02,2026-09-02 00:00:00+03:00,2026-09-03 00:00:00+03:00,-القصف المدفعي و الفوسفوري,قذائف فوسفورية,المنصوري,976,المنصوري,none,1,DUPLICATE_OF_NEWS,,,8e8a7239-6862-4976-8724-76c6ae6597e1;f6dfd934-ec02-40d7-9e80-83de930f3dee;d52b4d85-789a-4afe-a4a5-3b0907df9921,,344
28640,nabatiehchannel,2026-09-02,2026-09-02 00:00:00+03:00,2026-09-03 00:00:00+03:00,-القصف المدفعي و الفوسفوري,قذائف فوسفورية,علي الطاهر مدفعي+فوسفوري,87,علي الطاهر,none,1,DUPLICATE_OF_NEWS,,,3b3e2232-1da9-4701-9d4e-8d7c98b31a03;e22623a7-3ead-41f7-b6e3-e3a0f7847b21;85a99cd8-b993-4bc2-9aa0-f1a1910f1082;b6a5f170-b8f3-4a48-98f8-4682ea929062;5eb5d96c-e854-4a74-a890-405cb34bd4c6,,147
28640,nabatiehchannel,2026-09-02,2026-09-02 00:00:00+03:00,2026-09-03 00:00:00+03:00,-القصف المدفعي و الفوسفوري,قصف مدفعي,علي الطاهر مدفعي+فوسفوري,87,علي الطاهر,none,1,DUPLICATE_OF_NEWS,,,3b3e2232-1da9-4701-9d4e-8d7c98b31a03;e22623a7-3ead-41f7-b6e3-e3a0f7847b21;85a99cd8-b993-4bc2-9aa0-f1a1910f1082;b6a5f170-b8f3-4a48-98f8-4682ea929062;5eb5d96c-e854-4a74-a890-405cb34bd4c6,,147
28640,nabatiehchannel,2026-09-02,2026-09-02 00:00:00+03:00,2026-09-03 00:00:00+03:00,-القصف المدفعي و الفوسفوري,قذائف فوسفورية,النبطيه الفوقا مدفعي+فوسفوري,1153,نبطية الفوقا,none,1,DUPLICATE_OF_NEWS,,,23ead0b5-987f-46f0-bd41-b73719836456;fda3ab16-48c0-4b32-bd73-2df98fbff822;cfbb949c-b8bb-4f1f-9ed1-0202bf089548;1ce2b210-36bf-4edf-8bdd-31e12732dbb6,,111
28640,nabatiehchannel,2026-09-02,2026-09-02 00:00:00+03:00,2026-09-03 00:00:00+03:00,-القصف المدفعي و الفوسفوري,قصف مدفعي,النبطيه الفوقا مدفعي+فوسفوري,1153,نبطية الفوقا,none,1,DUPLICATE_OF_NEWS,,,23ead0b5-987f-46f0-bd41-b73719836456;fda3ab16-48c0-4b32-bd73-2df98fbff822;cfbb949c-b8bb-4f1f-9ed1-0202bf089548;1ce2b210-36bf-4edf-8bdd-31e12732dbb6,,111
28640,nabatiehchannel,2026-09-02,2026-09-02 00:00:00+03:00,2026-09-03 00:00:00+03:00,-القصف المدفعي و الفوسفوري,قصف مدفعي,ديرسريان,524,دير سريان,none,1,NOT_IN_INCIDENTS,NEWS_NEVER_ARRIVED,,,,
28640,nabatiehchannel,2026-09-02,2026-09-02 00:00:00+03:00,2026-09-03 00:00:00+03:00,-القصف المدفعي و الفوسفوري,قذائف فوسفورية,ديرسريان,524,دير سريان,none,1,NOT_IN_INCIDENTS,NEWS_NEVER_ARRIVED,,,,
28640,nabatiehchannel,2026-09-02,2026-09-02 00:00:00+03:00,2026-09-03 00:00:00+03:00,-القصف المدفعي و الفوسفوري,قصف مدفعي,وادي زبقين,1523,زبقين,none,1,DUPLICATE_OF_NEWS,,,b3b3251f-61fd-49d5-b437-9233f422f2d9,,204
28640,nabatiehchannel,2026-09-02,2026-09-02 00:00:00+03:00,2026-09-03 00:00:00+03:00,-القصف المدفعي و الفوسفوري,قذائف فوسفورية,وادي زبقين,1523,زبقين,none,1,DUPLICATE_OF_NEWS,,,b3b3251f-61fd-49d5-b437-9233f422f2d9,,204
28640,nabatiehchannel,2026-09-02,2026-09-02 00:00:00+03:00,2026-09-03 00:00:00+03:00,-القصف المدفعي و الفوسفوري,قصف مدفعي,القنطره,1228,قنطرة,none,1,DUPLICATE_OF_NEWS,,,75b02192-8a18-47ad-b529-797b19a48b7f,,715
28640,nabatiehchannel,2026-09-02,2026-09-02 00:00:00+03:00,2026-09-03 00:00:00+03:00,-القصف المدفعي و الفوسفوري,قذائف فوسفورية,القنطره,1228,قنطرة,none,1,DUPLICATE_OF_NEWS,,,75b02192-8a18-47ad-b529-797b19a48b7f,,715
28640,nabatiehchannel,2026-09-02,2026-09-02 00:00:00+03:00,2026-09-03 00:00:00+03:00,-القصف المدفعي و الفوسفوري,قصف مدفعي,الخيام,901,الخيام,none,1,DUPLICATE_OF_NEWS,,,59d40f40-273a-41dc-8bd7-a3167115affe,,426
28640,nabatiehchannel,2026-09-02,2026-09-02 00:00:00+03:00,2026-09-03 00:00:00+03:00,-القصف المدفعي و الفوسفوري,قذائف فوسفورية,الخيام,901,الخيام,none,1,DUPLICATE_OF_NEWS,,,59d40f40-273a-41dc-8bd7-a3167115affe,,426
28640,nabatiehchannel,2026-09-02,2026-09-02 00:00:00+03:00,2026-09-03 00:00:00+03:00,-القصف المدفعي و الفوسفوري,قصف مدفعي,كفرشوبا,813,كفر شوبا,none,1,DUPLICATE_OF_NEWS,,,566bc2c9-2665-4b8d-b9d3-8bf71014d8aa,,79
28640,nabatiehchannel,2026-09-02,2026-09-02 00:00:00+03:00,2026-09-03 00:00:00+03:00,-القصف المدفعي و الفوسفوري,قذائف فوسفورية,كفرشوبا,813,كفر شوبا,none,1,DUPLICATE_OF_NEWS,,,566bc2c9-2665-4b8d-b9d3-8bf71014d8aa,,79
28640,nabatiehchannel,2026-09-02,2026-09-02 00:00:00+03:00,2026-09-03 00:00:00+03:00,-القصف المدفعي و الفوسفوري,قصف مدفعي,حولا,701,حولا,none,1,DUPLICATE_OF_NEWS,,,a70f2567-1347-475c-b571-5278c70e160e;ca9bce37-1dd0-4e85-be74-5d0e957f66b0,,435
28640,nabatiehchannel,2026-09-02,2026-09-02 00:00:00+03:00,2026-09-03 00:00:00+03:00,-القصف المدفعي و الفوسفوري,قذائف فوسفورية,حولا,701,حولا,none,1,DUPLICATE_OF_NEWS,,,a70f2567-1347-475c-b571-5278c70e160e;ca9bce37-1dd0-4e85-be74-5d0e957f66b0,,435
28640,nabatiehchannel,2026-09-02,2026-09-02 00:00:00+03:00,2026-09-03 00:00:00+03:00,-القصف المدفعي و الفوسفوري,قصف مدفعي,بني حيان,205,بني حيان,none,1,DUPLICATE_OF_NEWS,,,80b168c4-e34f-4018-8083-bee6c693eb0a,,188
28640,nabatiehchannel,2026-09-02,2026-09-02 00:00:00+03:00,2026-09-03 00:00:00+03:00,-القصف المدفعي و الفوسفوري,قذائف فوسفورية,بني حيان,205,بني حيان,none,1,DUPLICATE_OF_NEWS,,,80b168c4-e34f-4018-8083-bee6c693eb0a,,188
28640,nabatiehchannel,2026-09-02,2026-09-02 00:00:00+03:00,2026-09-03 00:00:00+03:00,-القصف المدفعي و الفوسفوري,قصف مدفعي,وادي السلوقي,1464,تولين,none,1,NOT_IN_INCIDENTS,NEWS_FAILED,error,,30728;30729;30730;30732;30748;30794,
28640,nabatiehchannel,2026-09-02,2026-09-02 00:00:00+03:00,2026-09-03 00:00:00+03:00,-القصف المدفعي و الفوسفوري,قذائف فوسفورية,وادي السلوقي,1464,تولين,none,1,NOT_IN_INCIDENTS,NEWS_FAILED,error,,30728;30729;30730;30732;30748;30794,
28640,nabatiehchannel,2026-09-02,2026-09-02 00:00:00+03:00,2026-09-03 00:00:00+03:00,-القصف المدفعي و الفوسفوري,قصف مدفعي,زوطر الشرقيه,1519,زوطر الشرقية,none,1,DUPLICATE_OF_NEWS,,,ffb3d835-b0bb-40b8-b36b-59f9b4dce597;22f28510-2109-4766-93d8-7dd54992b3d1;8aafe6d8-42b4-4ab0-884b-141092960626;79fd34de-037e-429e-ae25-9deee1db2135,,111
28640,nabatiehchannel,2026-09-02,2026-09-02 00:00:00+03:00,2026-09-03 00:00:00+03:00,-القصف المدفعي و الفوسفوري,قذائف فوسفورية,زوطر الشرقيه,1519,زوطر الشرقية,none,1,DUPLICATE_OF_NEWS,,,ffb3d835-b0bb-40b8-b36b-59f9b4dce597;22f28510-2109-4766-93d8-7dd54992b3d1;8aafe6d8-42b4-4ab0-884b-141092960626;79fd34de-037e-429e-ae25-9deee1db2135,,111
28640,nabatiehchannel,2026-09-02,2026-09-02 00:00:00+03:00,2026-09-03 00:00:00+03:00,-الغارات التي نفذها الطيران المسير المعادي,قصف وغارات,حي المسلخ- النبطيه,1152,نبطية التحتا,none,1,SAME_VILLAGE_OTHER_ACTION,سقوط مسيّرة,,,,
28640,nabatiehchannel,2026-09-02,2026-09-02 00:00:00+03:00,2026-09-03 00:00:00+03:00,-التفجيرات التي نفذها العدو في البلدات الجنوبيه,تلغيم وتفجير,المنصوري,976,المنصوري,none,1,DUPLICATE_OF_NEWS,,,020365db-8e6d-4699-883f-3141a491a4d6;b58bfa70-f97c-4131-92d5-1e220b1a7879;48569092-c430-426d-82de-3f3c3df496d1,,522
28640,nabatiehchannel,2026-09-02,2026-09-02 00:00:00+03:00,2026-09-03 00:00:00+03:00,-التفجيرات التي نفذها العدو في البلدات الجنوبيه,تلغيم وتفجير,كفرتبنيت,857,كفر تبنيت,none,1,DUPLICATE_OF_NEWS,,,a2c91f3a-eab0-4354-a9b1-cd9a1022e63d;20b3f97b-c623-4478-973a-30a34a5c6cb0,,-39
28640,nabatiehchannel,2026-09-02,2026-09-02 00:00:00+03:00,2026-09-03 00:00:00+03:00,-التفجيرات التي نفذها العدو في البلدات الجنوبيه,تلغيم وتفجير,بيت ليف,269,بيت ليف,none,1,DUPLICATE_OF_NEWS,,,f2bcb1ed-7671-45d3-8b16-aeb1c2a4e5bd,,502
28640,nabatiehchannel,2026-09-02,2026-09-02 00:00:00+03:00,2026-09-03 00:00:00+03:00,-التفجيرات التي نفذها العدو في البلدات الجنوبيه,تلغيم وتفجير,حولا,701,حولا,none,1,DUPLICATE_OF_NEWS,,,f7c5f740-4f61-49e6-9a01-35c65adbacc9;9d31ce64-dc0d-44ba-94fd-0f33ae4c137b,,309
28640,nabatiehchannel,2026-09-02,2026-09-02 00:00:00+03:00,2026-09-03 00:00:00+03:00,-التفجيرات التي نفذها العدو في البلدات الجنوبيه,تلغيم وتفجير,حداثا,601,حداثا,none,1,SAME_VILLAGE_OTHER_ACTION,قصف مدفعي; قنابل صوتية,,,,
28640,nabatiehchannel,2026-09-02,2026-09-02 00:00:00+03:00,2026-09-03 00:00:00+03:00,-التفجيرات التي نفذها العدو في البلدات الجنوبيه,تلغيم وتفجير,وادي السلوقي,1464,تولين,none,1,NOT_IN_INCIDENTS,NEWS_FAILED,error,,30728;30729;30730;30732;30748;30794,
28640,nabatiehchannel,2026-09-02,2026-09-02 00:00:00+03:00,2026-09-03 00:00:00+03:00,-التفجيرات التي نفذها العدو في البلدات الجنوبيه,تلغيم وتفجير,مركبا,991,مركبا,none,1,NOT_IN_INCIDENTS,NEWS_FAILED,error,,30741,
28640,nabatiehchannel,2026-09-02,2026-09-02 00:00:00+03:00,2026-09-03 00:00:00+03:00,-احراق المنازل,احراق ممتلكات,ارنون,176,أرنون,none,1,DUPLICATE_OF_NEWS,,,28dc919c-e217-44e4-8c99-2e001635abd1,,383
28640,nabatiehchannel,2026-09-02,2026-09-02 00:00:00+03:00,2026-09-03 00:00:00+03:00,-احراق المنازل,احراق ممتلكات,طلوسه,1431,طلوسة,none,1,SAME_VILLAGE_OTHER_ACTION,قصف مدفعي; قنابل صوتية,,,,
28640,nabatiehchannel,2026-09-02,2026-09-02 00:00:00+03:00,2026-09-03 00:00:00+03:00,-تمشيط بالاسلحهالرشاشه,عملية تمشيط,المنصوري,976,المنصوري,none,1,SAME_VILLAGE_OTHER_ACTION,تلغيم وتفجير; قصف مدفعي; قنابل صوتية,,,,
28640,nabatiehchannel,2026-09-02,2026-09-02 00:00:00+03:00,2026-09-03 00:00:00+03:00,-تمشيط بالاسلحهالرشاشه,عملية تمشيط,زوطر الشرقيه,1519,زوطر الشرقية,none,1,SAME_VILLAGE_OTHER_ACTION,تلغيم وتفجير; قصف مدفعي; قنابل صوتية,,,,
28640,nabatiehchannel,2026-09-02,2026-09-02 00:00:00+03:00,2026-09-03 00:00:00+03:00,-تمشيط بالاسلحهالرشاشه,عملية تمشيط,بيت ياحون,273,بيت ياحون,none,1,SAME_VILLAGE_OTHER_ACTION,قصف مدفعي,,,,
28640,nabatiehchannel,2026-09-02,2026-09-02 00:00:00+03:00,2026-09-03 00:00:00+03:00,-تمشيط بالاسلحهالرشاشه,عملية تمشيط,كفرتبنيت,857,كفر تبنيت,none,1,SAME_VILLAGE_OTHER_ACTION,تلغيم وتفجير,,,,
28640,nabatiehchannel,2026-09-02,2026-09-02 00:00:00+03:00,2026-09-03 00:00:00+03:00,-تمشيط بالاسلحهالرشاشه,عملية تمشيط,حداثا,601,حداثا,none,1,SAME_VILLAGE_OTHER_ACTION,قصف مدفعي; قنابل صوتية,,,,
28640,nabatiehchannel,2026-09-02,2026-09-02 00:00:00+03:00,2026-09-03 00:00:00+03:00,-تمشيط بالاسلحهالرشاشه,عملية تمشيط,ميس الجبل,1079,ميس الجبل,none,1,SAME_VILLAGE_OTHER_ACTION,توغل بري,,,,
32355,nabatiehchannel,2026-09-04,2026-09-04 00:00:00+03:00,2026-09-04 12:50:18+03:00,القصف المدفعي,قصف مدفعي,القنطره لجهه وادي الحجير,1228,قنطرة,none,1,NOT_IN_INCIDENTS,NEWS_NEVER_ARRIVED,,,,
32355,nabatiehchannel,2026-09-04,2026-09-04 00:00:00+03:00,2026-09-04 12:50:18+03:00,القصف المدفعي,قصف مدفعي,المنصوري | قصف مدفعي استهدف بلده المنصوري,976,المنصوري,none,1,NOT_IN_INCIDENTS,NEWS_FAILED,error,,32401;32394,
32355,nabatiehchannel,2026-09-04,2026-09-04 00:00:00+03:00,2026-09-04 12:50:18+03:00,القصف المدفعي,قصف مدفعي,النبطيه الفوقا,1153,نبطية الفوقا,none,1,NOT_IN_INCIDENTS,NEWS_NEVER_ARRIVED,,,,
32355,nabatiehchannel,2026-09-04,2026-09-04 00:00:00+03:00,2026-09-04 12:50:18+03:00,القصف المدفعي,قصف مدفعي,دوحه كفررمان,851,كفر رمان,none,1,NOT_IN_INCIDENTS,NEWS_NEVER_ARRIVED,,,,
32355,nabatiehchannel,2026-09-04,2026-09-04 00:00:00+03:00,2026-09-04 12:50:18+03:00,القصف المدفعي,قصف مدفعي,بين ميفدون و زوطر الشرقيه,1003,ميفدون,between,1,NOT_IN_INCIDENTS,NEWS_FAILED,error,,32377,
32355,nabatiehchannel,2026-09-04,2026-09-04 00:00:00+03:00,2026-09-04 12:50:18+03:00,التمشيط,عملية تمشيط,المنصوري,976,المنصوري,none,1,NOT_IN_INCIDENTS,NEWS_FAILED,error,,32401;32394,
32355,nabatiehchannel,2026-09-04,2026-09-04 00:00:00+03:00,2026-09-04 12:50:18+03:00,التمشيط,عملية تمشيط,حداثا,601,حداثا,none,1,NOT_IN_INCIDENTS,NEWS_NEVER_ARRIVED,,,,
32355,nabatiehchannel,2026-09-04,2026-09-04 00:00:00+03:00,2026-09-04 12:50:18+03:00,التفجير,تلغيم وتفجير,المنصوري,976,المنصوري,none,1,NOT_IN_INCIDENTS,NEWS_FAILED,error,,32401;32394,
32355,nabatiehchannel,2026-09-04,2026-09-04 00:00:00+03:00,2026-09-04 12:50:18+03:00,التفجير,قصف مدفعي,قصف مدفعي استهدف مدينه الخيام,901,الخيام,none,1,NOT_IN_INCIDENTS,NEWS_FAILED,error,,32394,
32016,alichoeib1970; nabatiehchannel; sameralhajali,2026-09-04,2026-09-04 00:00:00+03:00,2026-09-05 00:00:00+03:00,الغارات التي نفذها الطيران الحربي المعادي,قصف وغارات,المنصوري,976,المنصوري,none,1,DUPLICATE_OF_NEWS,,,9eab2ef8-523a-4f0d-ad0a-9210f0551e46,,248
32016,alichoeib1970; nabatiehchannel; sameralhajali,2026-09-04,2026-09-04 00:00:00+03:00,2026-09-05 00:00:00+03:00,الغارات التي نفذها الطيران الحربي المعادي,قصف وغارات,اطراف حرش علي الطاهر,87,علي الطاهر,none,1,NOT_IN_INCIDENTS,NEWS_FAILED,error,,32102;32256,
32016,alichoeib1970; nabatiehchannel; sameralhajali,2026-09-04,2026-09-04 00:00:00+03:00,2026-09-05 00:00:00+03:00,الغارات التي نفذها الطيران الحربي المعادي,قصف وغارات,حي الدير- النبطيه الفوقا | النبطيه الفوقا,1153,نبطية الفوقا,none,1,DUPLICATE_OF_NEWS,,,5bebb17e-4be4-4cb4-9ba5-ec21a69bc3dd;e4b24ea5-08e7-4168-9524-a4c6715e9e60;ffe2e13a-d29d-43a2-a005-fd73f7122325;91d88eb7-1199-472d-a4cb-c7b6f840122f;a1ec7059-beeb-4c8a-8c8a-ba2045082e2f;1532da7b-a4f7-40b3-8921-ca17f197384b;29ca6104-5ea1-4ca8-a763-bb347858c843;82f85acc-d274-4025-8de9-0de9f87009b8;b0352881-8b4e-412c-9114-cbb21d76bc22,,-14
32016,alichoeib1970; nabatiehchannel; sameralhajali,2026-09-04,2026-09-04 00:00:00+03:00,2026-09-05 00:00:00+03:00,الغارات التي نفذها الطيران الحربي المعادي,قصف وغارات,النبطيه | النبطيه-كفررمان,1152,نبطية التحتا,between,1,DUPLICATE_OF_NEWS,,,11d07799-b5cf-486f-9b02-1d311f90b8f6;f21f3099-7fc7-42f8-8c37-1e0a01a045d7;f2be81cb-7d2a-437a-b927-3c297a0d495b;408afcd2-d110-4da8-ba72-5c106bfe9756;b05c0b8b-b626-4fe8-8709-900c9f60a043;b2e88fe2-0407-4b48-87be-f2ad13535e73;c167f123-a74a-4d8b-8b91-3d2e438e5e83;0b33edeb-0e1a-44cc-b4f0-3cf652565c4d;baf456b2-2089-4ec1-8e36-5efa17e3d5c2,,7
32016,alichoeib1970; nabatiehchannel; sameralhajali,2026-09-04,2026-09-04 00:00:00+03:00,2026-09-05 00:00:00+03:00,الغارات التي نفذها الطيران الحربي المعادي,قصف وغارات,ميفدون,1003,ميفدون,none,1,DUPLICATE_OF_NEWS,,,437bf22a-24ed-4731-942c-43b9c00276f3;929fec18-9c21-42e0-94f8-83401e824e7b;d4cebebe-7fa0-44d3-86b5-ff287d13945a;e15b8ee6-5705-4a77-89c4-7808f778b8b4;5927b109-fe66-4111-bb3a-4ce07ad101eb;14e7607c-0683-4ce6-a61e-f14a518d5734,,3
32016,alichoeib1970; nabatiehchannel; sameralhajali,2026-09-04,2026-09-04 00:00:00+03:00,2026-09-05 00:00:00+03:00,الغارات التي نفذها الطيران الحربي المعادي,قصف وغارات,الرماديه,1324,رمادية,none,1,DUPLICATE_OF_NEWS,,,304d3298-3837-43d1-8d8f-59e8aed8410a;512c900e-e5c3-45b6-b526-89c304d75277;89a5b113-4140-4974-b0f9-2903a9bedc69;b1097a42-47f4-43e1-9ff5-1cf89cd01cf9;d1244bcf-2a07-4e00-917b-aacd029b0746;f8d5d31d-fdd6-46d5-a492-5ba5c3558ebe;78145585-421c-4c24-8c04-dbf701cb7bcb;b8b041c7-ecfc-457d-9c45-8936a1e28d6e;20c9b3b4-ac00-48a4-883e-382894bce78c;7f509439-4949-4d3a-a6f0-45dd1d92d7d7;146a0cd2-d64b-4364-81fb-093e9cfc78ec,,24
32016,alichoeib1970; nabatiehchannel; sameralhajali,2026-09-04,2026-09-04 00:00:00+03:00,2026-09-05 00:00:00+03:00,القصف المدفعي المعادي,قصف مدفعي,القنطره لجهه وادي الحجير,1228,قنطرة,none,1,NOT_IN_INCIDENTS,NEWS_NEVER_ARRIVED,,,,
32016,alichoeib1970; nabatiehchannel; sameralhajali,2026-09-04,2026-09-04 00:00:00+03:00,2026-09-05 00:00:00+03:00,القصف المدفعي المعادي,قصف مدفعي,المنصوري,976,المنصوري,none,1,SAME_VILLAGE_OTHER_ACTION,قصف وغارات,,,,
32016,alichoeib1970; nabatiehchannel; sameralhajali,2026-09-04,2026-09-04 00:00:00+03:00,2026-09-05 00:00:00+03:00,القصف المدفعي المعادي,قصف مدفعي,النبطيه الفوقا,1153,نبطية الفوقا,none,1,DUPLICATE_OF_NEWS,,,919d574b-39ea-46eb-8c8a-324a23313694;70345fa8-c07c-424f-bed6-87a15a3e4bd9;1621937b-9e7f-4968-a71a-4376e8a2019b,,25
32016,alichoeib1970; nabatiehchannel; sameralhajali,2026-09-04,2026-09-04 00:00:00+03:00,2026-09-05 00:00:00+03:00,القصف المدفعي المعادي,قصف مدفعي,دوحه كفررمان,851,كفر رمان,none,1,DUPLICATE_OF_NEWS,,,f6d1beb2-4db2-407a-83f7-de7f7ebd1db2,,-26
32016,alichoeib1970; nabatiehchannel; sameralhajali,2026-09-04,2026-09-04 00:00:00+03:00,2026-09-05 00:00:00+03:00,القصف المدفعي المعادي,قصف مدفعي,برعشيت,207,برعشيت,none,1,NOT_IN_INCIDENTS,NEWS_WRONG_VILLAGE,النوري; رعشين,,32287;30249,
32016,alichoeib1970; nabatiehchannel; sameralhajali,2026-09-04,2026-09-04 00:00:00+03:00,2026-09-05 00:00:00+03:00,القصف المدفعي المعادي,قصف مدفعي,بني حيان,205,بني حيان,none,1,NOT_IN_INCIDENTS,NEWS_FAILED,error,,32335;32382,
32016,alichoeib1970; nabatiehchannel; sameralhajali,2026-09-04,2026-09-04 00:00:00+03:00,2026-09-05 00:00:00+03:00,القصف المدفعي المعادي,قصف مدفعي,وادي السلوقي,1464,تولين,none,1,NOT_IN_INCIDENTS,NEWS_FAILED,error,,31759,
32016,alichoeib1970; nabatiehchannel; sameralhajali,2026-09-04,2026-09-04 00:00:00+03:00,2026-09-05 00:00:00+03:00,القصف المدفعي المعادي,قصف مدفعي,الخيام,901,الخيام,none,1,NOT_IN_INCIDENTS,NEWS_FAILED,error,,32394,
32016,alichoeib1970; nabatiehchannel; sameralhajali,2026-09-04,2026-09-04 00:00:00+03:00,2026-09-05 00:00:00+03:00,القصف المدفعي المعادي,قصف مدفعي,بين ميفدون و زوطر الشرقيه,1003,ميفدون,between,1,SAME_VILLAGE_OTHER_ACTION,قصف وغارات,,,,
32016,alichoeib1970; nabatiehchannel; sameralhajali,2026-09-04,2026-09-04 00:00:00+03:00,2026-09-05 00:00:00+03:00,القصف المدفعي المعادي,قصف مدفعي,زوطر الشرقيه,1519,زوطر الشرقية,none,1,NOT_IN_INCIDENTS,NEWS_FAILED,error,,32126;32377;32394,
32016,alichoeib1970; nabatiehchannel; sameralhajali,2026-09-04,2026-09-04 00:00:00+03:00,2026-09-05 00:00:00+03:00,التفجيرات التي نفذها العدو في البلدات الجنوبيه,تلغيم وتفجير,المنصوري | مشاع المنصوري,976,المنصوري,none,1,SAME_VILLAGE_OTHER_ACTION,قصف وغارات,,,,
32016,alichoeib1970; nabatiehchannel; sameralhajali,2026-09-04,2026-09-04 00:00:00+03:00,2026-09-05 00:00:00+03:00,التفجيرات التي نفذها العدو في البلدات الجنوبيه,تلغيم وتفجير,زوطر الشرقيه,1519,زوطر الشرقية,none,1,NOT_IN_INCIDENTS,NEWS_FAILED,error,,32126;32377;32394,
32016,alichoeib1970; nabatiehchannel; sameralhajali,2026-09-04,2026-09-04 00:00:00+03:00,2026-09-05 00:00:00+03:00,التفجيرات التي نفذها العدو في البلدات الجنوبيه,تلغيم وتفجير,برعشيت,207,برعشيت,none,1,NOT_IN_INCIDENTS,NEWS_WRONG_VILLAGE,النوري; رعشين,,32287;30249,
32016,alichoeib1970; nabatiehchannel; sameralhajali,2026-09-04,2026-09-04 00:00:00+03:00,2026-09-05 00:00:00+03:00,غالونات متفجره,تلغيم وتفجير,علي الطاهر,87,علي الطاهر,none,1,NOT_IN_INCIDENTS,NEWS_FAILED,error,,32102;32256,
31960,mehwaralmokawma,2026-09-04,2026-09-04 00:00:00+03:00,2026-09-05 00:06:24+03:00,غارات جويه,قصف وغارات,النبطيه الفوقا — 4,1153,نبطية الفوقا,none,1,DUPLICATE_OF_NEWS,,,5bebb17e-4be4-4cb4-9ba5-ec21a69bc3dd;e4b24ea5-08e7-4168-9524-a4c6715e9e60;ffe2e13a-d29d-43a2-a005-fd73f7122325;91d88eb7-1199-472d-a4cb-c7b6f840122f;a1ec7059-beeb-4c8a-8c8a-ba2045082e2f;1532da7b-a4f7-40b3-8921-ca17f197384b;29ca6104-5ea1-4ca8-a763-bb347858c843;82f85acc-d274-4025-8de9-0de9f87009b8;b0352881-8b4e-412c-9114-cbb21d76bc22,,-9
31960,mehwaralmokawma,2026-09-04,2026-09-04 00:00:00+03:00,2026-09-05 00:06:24+03:00,غارات جويه,قصف وغارات,المنصوري — 2,976,المنصوري,none,1,DUPLICATE_OF_NEWS,,,9eab2ef8-523a-4f0d-ad0a-9210f0551e46,,253
31960,mehwaralmokawma,2026-09-04,2026-09-04 00:00:00+03:00,2026-09-05 00:06:24+03:00,غارات جويه,قصف وغارات,رماديه — 1,1324,رمادية,none,1,DUPLICATE_OF_NEWS,,,304d3298-3837-43d1-8d8f-59e8aed8410a;512c900e-e5c3-45b6-b526-89c304d75277;89a5b113-4140-4974-b0f9-2903a9bedc69;b1097a42-47f4-43e1-9ff5-1cf89cd01cf9;d1244bcf-2a07-4e00-917b-aacd029b0746;f8d5d31d-fdd6-46d5-a492-5ba5c3558ebe;78145585-421c-4c24-8c04-dbf701cb7bcb;b8b041c7-ecfc-457d-9c45-8936a1e28d6e;20c9b3b4-ac00-48a4-883e-382894bce78c;7f509439-4949-4d3a-a6f0-45dd1d92d7d7;146a0cd2-d64b-4364-81fb-093e9cfc78ec,,29
31960,mehwaralmokawma,2026-09-04,2026-09-04 00:00:00+03:00,2026-09-05 00:06:24+03:00,غارات جويه,قصف وغارات,الدبشه — 1,851,كفر رمان,none,1,DUPLICATE_OF_NEWS,,,b05c0b8b-b626-4fe8-8709-900c9f60a043;b2e88fe2-0407-4b48-87be-f2ad13535e73;baf456b2-2089-4ec1-8e36-5efa17e3d5c2,,29
31960,mehwaralmokawma,2026-09-04,2026-09-04 00:00:00+03:00,2026-09-05 00:06:24+03:00,غارات جويه,قصف وغارات,النبطيه — 1,1152,نبطية التحتا,none,1,DUPLICATE_OF_NEWS,,,11d07799-b5cf-486f-9b02-1d311f90b8f6;f21f3099-7fc7-42f8-8c37-1e0a01a045d7;f2be81cb-7d2a-437a-b927-3c297a0d495b;408afcd2-d110-4da8-ba72-5c106bfe9756;c167f123-a74a-4d8b-8b91-3d2e438e5e83;0b33edeb-0e1a-44cc-b4f0-3cf652565c4d,,12
31960,mehwaralmokawma,2026-09-04,2026-09-04 00:00:00+03:00,2026-09-05 00:06:24+03:00,غارات جويه,قصف وغارات,ميفدون — 1,1003,ميفدون,none,1,DUPLICATE_OF_NEWS,,,437bf22a-24ed-4731-942c-43b9c00276f3;929fec18-9c21-42e0-94f8-83401e824e7b;d4cebebe-7fa0-44d3-86b5-ff287d13945a;e15b8ee6-5705-4a77-89c4-7808f778b8b4;5927b109-fe66-4111-bb3a-4ce07ad101eb;14e7607c-0683-4ce6-a61e-f14a518d5734,,8
31960,mehwaralmokawma,2026-09-04,2026-09-04 00:00:00+03:00,2026-09-05 00:06:24+03:00,قصف مدفعي,قصف مدفعي,المنصوري — 4,976,المنصوري,none,1,SAME_VILLAGE_OTHER_ACTION,قصف وغارات,,,,
31960,mehwaralmokawma,2026-09-04,2026-09-04 00:00:00+03:00,2026-09-05 00:06:24+03:00,قصف مدفعي,قصف مدفعي,النبطيه الفوقا — 3,1153,نبطية الفوقا,none,1,DUPLICATE_OF_NEWS,,,919d574b-39ea-46eb-8c8a-324a23313694;70345fa8-c07c-424f-bed6-87a15a3e4bd9;1621937b-9e7f-4968-a71a-4376e8a2019b,,30
31960,mehwaralmokawma,2026-09-04,2026-09-04 00:00:00+03:00,2026-09-05 00:06:24+03:00,قصف مدفعي,قصف مدفعي,ميفدون — 2,1003,ميفدون,none,1,SAME_VILLAGE_OTHER_ACTION,قصف وغارات,,,,
31960,mehwaralmokawma,2026-09-04,2026-09-04 00:00:00+03:00,2026-09-05 00:06:24+03:00,قصف مدفعي,قصف مدفعي,بني حيان — 2,205,بني حيان,none,1,NOT_IN_INCIDENTS,NEWS_FAILED,error,,32335;32382,
31960,mehwaralmokawma,2026-09-04,2026-09-04 00:00:00+03:00,2026-09-05 00:06:24+03:00,قصف مدفعي,قصف مدفعي,برعشيت — 2,207,برعشيت,none,1,NOT_IN_INCIDENTS,NEWS_WRONG_VILLAGE,النوري; رعشين,,32287;30249,
31960,mehwaralmokawma,2026-09-04,2026-09-04 00:00:00+03:00,2026-09-05 00:06:24+03:00,قصف مدفعي,قصف مدفعي,القنطره — 1,1228,قنطرة,none,1,NOT_IN_INCIDENTS,NEWS_NEVER_ARRIVED,,,,
31960,mehwaralmokawma,2026-09-04,2026-09-04 00:00:00+03:00,2026-09-05 00:06:24+03:00,قصف مدفعي,قصف مدفعي,وادي الحجير — 1,1219,قبريخا,none,1,NOT_IN_INCIDENTS,NEWS_NEVER_ARRIVED,,,,
31960,mehwaralmokawma,2026-09-04,2026-09-04 00:00:00+03:00,2026-09-05 00:06:24+03:00,قصف مدفعي,قصف مدفعي,دوحه كفررمان — 1,851,كفر رمان,none,1,DUPLICATE_OF_NEWS,,,f6d1beb2-4db2-407a-83f7-de7f7ebd1db2,,-22
31960,mehwaralmokawma,2026-09-04,2026-09-04 00:00:00+03:00,2026-09-05 00:06:24+03:00,قصف مدفعي,قصف مدفعي,زوطر الشرقيه — 1,1519,زوطر الشرقية,none,1,NOT_IN_INCIDENTS,NEWS_FAILED,error,,32126;32377;32394,
31960,mehwaralmokawma,2026-09-04,2026-09-04 00:00:00+03:00,2026-09-05 00:06:24+03:00,قصف مدفعي,قصف مدفعي,الخيام — 1,901,الخيام,none,1,NOT_IN_INCIDENTS,NEWS_FAILED,error,,32394,
31960,mehwaralmokawma,2026-09-04,2026-09-04 00:00:00+03:00,2026-09-05 00:06:24+03:00,قصف مدفعي,قصف مدفعي,زبقين — 1,1523,زبقين,none,1,NOT_IN_INCIDENTS,NEWS_NEVER_ARRIVED,,,,
31960,mehwaralmokawma,2026-09-04,2026-09-04 00:00:00+03:00,2026-09-05 00:06:24+03:00,قصف مدفعي,قصف مدفعي,وادي السلوقي — 1,1464,تولين,none,1,NOT_IN_INCIDENTS,NEWS_FAILED,error,,31759,
31605,alichoeib1970,2026-09-05,2026-09-05 00:00:00+03:00,2026-09-05 23:57:43+03:00,الغارات التي نفذها الطيران الحربي المعادي,قصف وغارات,القنطره,1228,قنطرة,none,1,DUPLICATE_OF_NEWS,,,3094610f-c707-40e1-bdf2-eec96554631c;10bafe93-cd5d-42d6-88d7-63b678015ba2;a94ea2d1-d189-43dc-ba71-04957513302e;c3db77aa-9eef-44c0-8add-35d79ad9b223,,26
31605,alichoeib1970,2026-09-05,2026-09-05 00:00:00+03:00,2026-09-05 23:57:43+03:00,الغارات التي نفذها الطيران الحربي المعادي,قصف وغارات,طلوسه-وادي السلوقي,1431,طلوسة,between,1,DUPLICATE_OF_NEWS,,,3f9ca39c-48fb-4db3-ab6d-57964dd0bdec;0174b6ef-d7ef-4d26-947e-978ba8c4bf41;fa352cbd-3f9a-4602-8afc-100142bcecae,,18
31605,alichoeib1970,2026-09-05,2026-09-05 00:00:00+03:00,2026-09-05 23:57:43+03:00,الغارات التي نفذها الطيران الحربي المعادي,قصف وغارات,زوطر الشرقيه,1519,زوطر الشرقية,none,1,DUPLICATE_OF_NEWS,,,7def9e35-455b-4452-97de-1a91568eb2ce;0fe58b27-ea05-4146-98ff-38b23f89292c;5c8e92ae-787a-4a0f-bcdf-63290ba30f0e,,-7
31605,alichoeib1970,2026-09-05,2026-09-05 00:00:00+03:00,2026-09-05 23:57:43+03:00,الغارات التي نفذها الطيران الحربي المعادي,قصف وغارات,اطراف حرش علي الطاهر,87,علي الطاهر,none,1,SAME_VILLAGE_OTHER_ACTION,قصف مدفعي,,,,
31605,alichoeib1970,2026-09-05,2026-09-05 00:00:00+03:00,2026-09-05 23:57:43+03:00,الغارات التي نفذها الطيران الحربي المعادي,قصف وغارات,وادي زبقين,1523,زبقين,none,1,DUPLICATE_OF_NEWS,,,038cf425-912b-46b3-b66e-062fc9a2d4d5;2bfd2817-b256-4d07-bba3-b17682ec0223;92504c1c-eca7-40c4-b1d1-ffa0f590853f;947016c1-6a6e-4bed-b25d-9d68cc682a8f;e15ef03e-2218-4640-ac4b-6e9fa3b2fa5b,,224
31605,alichoeib1970,2026-09-05,2026-09-05 00:00:00+03:00,2026-09-05 23:57:43+03:00,الغارات التي نفذها الطيران الحربي المعادي,قصف وغارات,المنصوري,976,المنصوري,none,1,DUPLICATE_OF_NEWS,,,2d36a140-4ea3-400a-ade2-7e2878ca0a51;30f3d972-e89b-488d-976f-5aea0e061487;8a31a83a-258b-47c9-a9b8-b36b15cc5ae9;d9e270f7-af1c-4745-8357-0678b3d3395a;b087df13-3d5b-49e1-b2de-92583bd67209,,224
31605,alichoeib1970,2026-09-05,2026-09-05 00:00:00+03:00,2026-09-05 23:57:43+03:00,القصف المدفعي المعادي,قصف مدفعي,دوحه كفررمان,851,كفر رمان,none,1,DUPLICATE_OF_NEWS,,,087111c6-0b18-4e9c-a029-11afb2a5ff41;54568787-a033-4df1-9966-2a8fcd8c41e3;67de2d4e-527c-4697-b001-5328982014e8;7d6d1275-61d3-4acb-b55f-0419d24e0e2d;fdc8dd9f-e257-4005-85a2-70b6ae2d7085;3aa035d1-a9eb-4ed9-808d-265232c7b946;9e947db7-c04a-4de9-9cf9-571fb1cc7d6e;f6d1beb2-4db2-407a-83f7-de7f7ebd1db2,,-8
31605,alichoeib1970,2026-09-05,2026-09-05 00:00:00+03:00,2026-09-05 23:57:43+03:00,القصف المدفعي المعادي,قصف مدفعي,النبطيه الفوقا,1153,نبطية الفوقا,none,1,DUPLICATE_OF_NEWS,,,ec09e9e1-b215-4b99-a89f-433c92af8042;6528c033-84b8-4416-91dc-51fad1bc2a84;919d574b-39ea-46eb-8c8a-324a23313694;70345fa8-c07c-424f-bed6-87a15a3e4bd9;3ae16476-75b3-4980-9220-4b6fac685215,,94
31605,alichoeib1970,2026-09-05,2026-09-05 00:00:00+03:00,2026-09-05 23:57:43+03:00,القصف المدفعي المعادي,قصف مدفعي,برعشيت,207,برعشيت,none,1,DUPLICATE_OF_NEWS,,,cac30ec8-2f8a-4877-8aad-3acbda7af7b2;645da6e6-98b9-4ce9-9685-1fb29b3bdc58,,94
31605,alichoeib1970,2026-09-05,2026-09-05 00:00:00+03:00,2026-09-05 23:57:43+03:00,القصف المدفعي المعادي,قصف مدفعي,بيت ليف,269,بيت ليف,none,1,DUPLICATE_OF_NEWS,,,2c8230c2-2140-44d2-a384-2a83ee0666ad;139fefbe-6299-4086-9e26-babaf6ad32d9;c04bfe90-144e-4465-9ee1-2d75a7c42772;1b2715b0-78e3-490c-93da-8326096e63a9;aa448ab3-dd18-48a9-b57f-42e2d5565314,,94
31605,alichoeib1970,2026-09-05,2026-09-05 00:00:00+03:00,2026-09-05 23:57:43+03:00,القصف المدفعي المعادي,قصف مدفعي,المنصوري,976,المنصوري,none,1,SAME_VILLAGE_OTHER_ACTION,قصف وغارات,,,,
31605,alichoeib1970,2026-09-05,2026-09-05 00:00:00+03:00,2026-09-05 23:57:43+03:00,القصف المدفعي المعادي,قصف مدفعي,وادي الحجير,1219,قبريخا,none,1,NOT_IN_INCIDENTS,NEWS_WRONG_VILLAGE,حداثا; زوطر الشرقية; كفر رمان; وادي الدير; وادي الست,,32083;31836;32070;32083;31836;32083;32083;28899;28899;32083,
31605,alichoeib1970,2026-09-05,2026-09-05 00:00:00+03:00,2026-09-05 23:57:43+03:00,القصف المدفعي المعادي,قصف مدفعي,وادي السلوقي,1464,تولين,none,1,NOT_IN_INCIDENTS,NEWS_FAILED,error,,29030,
31605,alichoeib1970,2026-09-05,2026-09-05 00:00:00+03:00,2026-09-05 23:57:43+03:00,القصف المدفعي المعادي,قصف مدفعي,ميس الجبل,1079,ميس الجبل,none,1,DUPLICATE_OF_NEWS,,,764a83e5-43b9-462c-90f2-bffffe941326;0fbbe8da-b731-4266-9e19-0666a3626b32;a3f93636-e495-4544-bf76-adc66a4d180f,,662
31605,alichoeib1970,2026-09-05,2026-09-05 00:00:00+03:00,2026-09-05 23:57:43+03:00,القصف المدفعي المعادي,قصف مدفعي,زوطر الشرقيه,1519,زوطر الشرقية,none,1,DUPLICATE_OF_NEWS,,,706663ac-cfb9-4f03-8a40-9422e2f64422;c4a91bb9-8ece-450c-b434-2fa6811c19b9;fd2ede9e-469c-43e6-abbd-60367c3a0197;4e6c5df9-b06b-486f-9c10-af28f9a4766a,,641
31605,alichoeib1970,2026-09-05,2026-09-05 00:00:00+03:00,2026-09-05 23:57:43+03:00,القصف المدفعي المعادي,قصف مدفعي,بني حيان,205,بني حيان,none,1,DUPLICATE_OF_NEWS,,,e1f0b227-adf7-4757-b9f5-bb022afdb8dd;1a5863ce-35e7-4de9-bc66-a0733596fceb;36ea3934-178f-4e47-b77e-e14fff11a1dc,,18
31605,alichoeib1970,2026-09-05,2026-09-05 00:00:00+03:00,2026-09-05 23:57:43+03:00,غالونات متفجره,تلغيم وتفجير,علي الطاهر,87,علي الطاهر,none,1,SAME_VILLAGE_OTHER_ACTION,قصف مدفعي,,,,
31605,alichoeib1970,2026-09-05,2026-09-05 00:00:00+03:00,2026-09-05 23:57:43+03:00,غالونات متفجره,تلغيم وتفجير,المنصوري,976,المنصوري,none,1,SAME_VILLAGE_OTHER_ACTION,قصف وغارات,,,,
31605,alichoeib1970,2026-09-05,2026-09-05 00:00:00+03:00,2026-09-05 23:57:43+03:00,التفجيرات التي نفذها العدو في البلدات الجنوبيه,تلغيم وتفجير,ميس الجبل,1079,ميس الجبل,none,1,SAME_VILLAGE_OTHER_ACTION,توغل بري; عملية تمشيط; قذائف الدبابات; قصف مدفعي,,,,
31605,alichoeib1970,2026-09-05,2026-09-05 00:00:00+03:00,2026-09-05 23:57:43+03:00,التفجيرات التي نفذها العدو في البلدات الجنوبيه,تلغيم وتفجير,كونين,919,كونين,none,1,NOT_IN_INCIDENTS,NEWS_NEVER_ARRIVED,,,,
31605,alichoeib1970,2026-09-05,2026-09-05 00:00:00+03:00,2026-09-05 23:57:43+03:00,التفجيرات التي نفذها العدو في البلدات الجنوبيه,تلغيم وتفجير,ديرسريان,524,دير سريان,none,1,NOT_IN_INCIDENTS,NEWS_NEVER_ARRIVED,,,,
31605,alichoeib1970,2026-09-05,2026-09-05 00:00:00+03:00,2026-09-05 23:57:43+03:00,التفجيرات التي نفذها العدو في البلدات الجنوبيه,تلغيم وتفجير,زوطر الشرقيه,1519,زوطر الشرقية,none,1,SAME_VILLAGE_OTHER_ACTION,عملية تمشيط; قذائف الدبابات; قصف مدفعي; قصف وغارات,,,,
31605,alichoeib1970,2026-09-05,2026-09-05 00:00:00+03:00,2026-09-05 23:57:43+03:00,التفجيرات التي نفذها العدو في البلدات الجنوبيه,تلغيم وتفجير,بنت جبيل,280,بنت جبيل,none,1,NOT_IN_INCIDENTS,NEWS_WRONG_VILLAGE,حداثا; زوطر الشرقية; قنطرة; كفر رمان; ميس الجبل; ميفدون; نبطية الفوقا; وادي الدير; وادي الست,,32083;32083;32004;30472;32045;32083;32083;28918;28948;32083;31718,
31605,alichoeib1970,2026-09-05,2026-09-05 00:00:00+03:00,2026-09-05 23:57:43+03:00,التفجيرات التي نفذها العدو في البلدات الجنوبيه,تلغيم وتفجير,بين ارنون و كفرتبنيت,176,أرنون,between,1,DUPLICATE_OF_NEWS,,,2fddbf1f-4ceb-40e9-9d85-e3c26061bfb2;b68a8a27-d0b2-40ec-87f6-65aabb10059f,,367
31605,alichoeib1970,2026-09-05,2026-09-05 00:00:00+03:00,2026-09-05 23:57:43+03:00,التفجيرات التي نفذها العدو في البلدات الجنوبيه,تلغيم وتفجير,بني حيان,205,بني حيان,none,1,DUPLICATE_OF_NEWS,,,803d9263-d5b9-4acf-af5a-536fb2b037d6,,512
31605,alichoeib1970,2026-09-05,2026-09-05 00:00:00+03:00,2026-09-05 23:57:43+03:00,القنابل الصوتيه,قنابل صوتية,المنصوري,976,المنصوري,none,1,SAME_VILLAGE_OTHER_ACTION,قصف وغارات,,,,
31605,alichoeib1970,2026-09-05,2026-09-05 00:00:00+03:00,2026-09-05 23:57:43+03:00,القنابل الصوتيه,قنابل صوتية,حاريص,650,حاريص,none,1,DUPLICATE_OF_NEWS,,,5aa5ce08-34c1-411d-b3d9-d7e9c42baac4,,623
29389,mehwaralmokawma,2026-09-05,2026-09-05 00:00:00+03:00,2026-09-05 23:58:26+03:00,الغارات التي نفذها الطيران الحربي المعادي,قصف وغارات,القنطره,1228,قنطرة,none,1,DUPLICATE_OF_NEWS,,,3094610f-c707-40e1-bdf2-eec96554631c;10bafe93-cd5d-42d6-88d7-63b678015ba2;a94ea2d1-d189-43dc-ba71-04957513302e;c3db77aa-9eef-44c0-8add-35d79ad9b223,,27
29389,mehwaralmokawma,2026-09-05,2026-09-05 00:00:00+03:00,2026-09-05 23:58:26+03:00,الغارات التي نفذها الطيران الحربي المعادي,قصف وغارات,طلوسه-وادي السلوقي,1431,طلوسة,between,1,DUPLICATE_OF_NEWS,,,3f9ca39c-48fb-4db3-ab6d-57964dd0bdec;0174b6ef-d7ef-4d26-947e-978ba8c4bf41;fa352cbd-3f9a-4602-8afc-100142bcecae,,18
29389,mehwaralmokawma,2026-09-05,2026-09-05 00:00:00+03:00,2026-09-05 23:58:26+03:00,الغارات التي نفذها الطيران الحربي المعادي,قصف وغارات,زوطر الشرقيه,1519,زوطر الشرقية,none,1,DUPLICATE_OF_NEWS,,,7def9e35-455b-4452-97de-1a91568eb2ce;0fe58b27-ea05-4146-98ff-38b23f89292c;5c8e92ae-787a-4a0f-bcdf-63290ba30f0e,,-7
29389,mehwaralmokawma,2026-09-05,2026-09-05 00:00:00+03:00,2026-09-05 23:58:26+03:00,الغارات التي نفذها الطيران الحربي المعادي,قصف وغارات,اطراف حرش علي الطاهر,87,علي الطاهر,none,1,SAME_VILLAGE_OTHER_ACTION,قصف مدفعي,,,,
29389,mehwaralmokawma,2026-09-05,2026-09-05 00:00:00+03:00,2026-09-05 23:58:26+03:00,الغارات التي نفذها الطيران الحربي المعادي,قصف وغارات,وادي زبقين,1523,زبقين,none,1,DUPLICATE_OF_NEWS,,,038cf425-912b-46b3-b66e-062fc9a2d4d5;2bfd2817-b256-4d07-bba3-b17682ec0223;92504c1c-eca7-40c4-b1d1-ffa0f590853f;947016c1-6a6e-4bed-b25d-9d68cc682a8f;e15ef03e-2218-4640-ac4b-6e9fa3b2fa5b,,224
29389,mehwaralmokawma,2026-09-05,2026-09-05 00:00:00+03:00,2026-09-05 23:58:26+03:00,الغارات التي نفذها الطيران الحربي المعادي,قصف وغارات,المنصوري,976,المنصوري,none,1,DUPLICATE_OF_NEWS,,,2d36a140-4ea3-400a-ade2-7e2878ca0a51;30f3d972-e89b-488d-976f-5aea0e061487;8a31a83a-258b-47c9-a9b8-b36b15cc5ae9;d9e270f7-af1c-4745-8357-0678b3d3395a;b087df13-3d5b-49e1-b2de-92583bd67209,,225
29389,mehwaralmokawma,2026-09-05,2026-09-05 00:00:00+03:00,2026-09-05 23:58:26+03:00,القصف المدفعي المعادي,قصف مدفعي,دوحه كفررمان,851,كفر رمان,none,1,DUPLICATE_OF_NEWS,,,087111c6-0b18-4e9c-a029-11afb2a5ff41;54568787-a033-4df1-9966-2a8fcd8c41e3;67de2d4e-527c-4697-b001-5328982014e8;7d6d1275-61d3-4acb-b55f-0419d24e0e2d;fdc8dd9f-e257-4005-85a2-70b6ae2d7085;3aa035d1-a9eb-4ed9-808d-265232c7b946;9e947db7-c04a-4de9-9cf9-571fb1cc7d6e;f6d1beb2-4db2-407a-83f7-de7f7ebd1db2,,-7
29389,mehwaralmokawma,2026-09-05,2026-09-05 00:00:00+03:00,2026-09-05 23:58:26+03:00,القصف المدفعي المعادي,قصف مدفعي,النبطيه الفوقا,1153,نبطية الفوقا,none,1,DUPLICATE_OF_NEWS,,,ec09e9e1-b215-4b99-a89f-433c92af8042;6528c033-84b8-4416-91dc-51fad1bc2a84;919d574b-39ea-46eb-8c8a-324a23313694;70345fa8-c07c-424f-bed6-87a15a3e4bd9;3ae16476-75b3-4980-9220-4b6fac685215,,94
29389,mehwaralmokawma,2026-09-05,2026-09-05 00:00:00+03:00,2026-09-05 23:58:26+03:00,القصف المدفعي المعادي,قصف مدفعي,برعشيت,207,برعشيت,none,1,DUPLICATE_OF_NEWS,,,cac30ec8-2f8a-4877-8aad-3acbda7af7b2;645da6e6-98b9-4ce9-9685-1fb29b3bdc58,,94
29389,mehwaralmokawma,2026-09-05,2026-09-05 00:00:00+03:00,2026-09-05 23:58:26+03:00,القصف المدفعي المعادي,قصف مدفعي,بيت ليف,269,بيت ليف,none,1,DUPLICATE_OF_NEWS,,,2c8230c2-2140-44d2-a384-2a83ee0666ad;139fefbe-6299-4086-9e26-babaf6ad32d9;c04bfe90-144e-4465-9ee1-2d75a7c42772;1b2715b0-78e3-490c-93da-8326096e63a9;aa448ab3-dd18-48a9-b57f-42e2d5565314,,94
29389,mehwaralmokawma,2026-09-05,2026-09-05 00:00:00+03:00,2026-09-05 23:58:26+03:00,القصف المدفعي المعادي,قصف مدفعي,المنصوري,976,المنصوري,none,1,SAME_VILLAGE_OTHER_ACTION,قصف وغارات,,,,
29389,mehwaralmokawma,2026-09-05,2026-09-05 00:00:00+03:00,2026-09-05 23:58:26+03:00,القصف المدفعي المعادي,قصف مدفعي,وادي الحجير,1219,قبريخا,none,1,NOT_IN_INCIDENTS,NEWS_WRONG_VILLAGE,حداثا; زوطر الشرقية; كفر رمان; وادي الدير; وادي الست,,32083;31836;32070;32083;31836;32083;32083;28899;28899;32083,
29389,mehwaralmokawma,2026-09-05,2026-09-05 00:00:00+03:00,2026-09-05 23:58:26+03:00,القصف المدفعي المعادي,قصف مدفعي,وادي السلوقي,1464,تولين,none,1,NOT_IN_INCIDENTS,NEWS_FAILED,error,,29030,
29389,mehwaralmokawma,2026-09-05,2026-09-05 00:00:00+03:00,2026-09-05 23:58:26+03:00,القصف المدفعي المعادي,قصف مدفعي,ميس الجبل,1079,ميس الجبل,none,1,DUPLICATE_OF_NEWS,,,764a83e5-43b9-462c-90f2-bffffe941326;0fbbe8da-b731-4266-9e19-0666a3626b32;a3f93636-e495-4544-bf76-adc66a4d180f,,663
29389,mehwaralmokawma,2026-09-05,2026-09-05 00:00:00+03:00,2026-09-05 23:58:26+03:00,القصف المدفعي المعادي,قصف مدفعي,زوطر الشرقيه,1519,زوطر الشرقية,none,1,DUPLICATE_OF_NEWS,,,706663ac-cfb9-4f03-8a40-9422e2f64422;c4a91bb9-8ece-450c-b434-2fa6811c19b9;fd2ede9e-469c-43e6-abbd-60367c3a0197;4e6c5df9-b06b-486f-9c10-af28f9a4766a,,641
29389,mehwaralmokawma,2026-09-05,2026-09-05 00:00:00+03:00,2026-09-05 23:58:26+03:00,القصف المدفعي المعادي,قصف مدفعي,بني حيان,205,بني حيان,none,1,DUPLICATE_OF_NEWS,,,e1f0b227-adf7-4757-b9f5-bb022afdb8dd;1a5863ce-35e7-4de9-bc66-a0733596fceb;36ea3934-178f-4e47-b77e-e14fff11a1dc,,19
29389,mehwaralmokawma,2026-09-05,2026-09-05 00:00:00+03:00,2026-09-05 23:58:26+03:00,غالونات متفجره,تلغيم وتفجير,علي الطاهر,87,علي الطاهر,none,1,SAME_VILLAGE_OTHER_ACTION,قصف مدفعي,,,,
29389,mehwaralmokawma,2026-09-05,2026-09-05 00:00:00+03:00,2026-09-05 23:58:26+03:00,غالونات متفجره,تلغيم وتفجير,المنصوري,976,المنصوري,none,1,SAME_VILLAGE_OTHER_ACTION,قصف وغارات,,,,
29389,mehwaralmokawma,2026-09-05,2026-09-05 00:00:00+03:00,2026-09-05 23:58:26+03:00,التفجيرات التي نفذها العدو في البلدات الجنوبيه,تلغيم وتفجير,ميس الجبل,1079,ميس الجبل,none,1,SAME_VILLAGE_OTHER_ACTION,توغل بري; عملية تمشيط; قذائف الدبابات; قصف مدفعي,,,,
29389,mehwaralmokawma,2026-09-05,2026-09-05 00:00:00+03:00,2026-09-05 23:58:26+03:00,التفجيرات التي نفذها العدو في البلدات الجنوبيه,تلغيم وتفجير,كونين,919,كونين,none,1,NOT_IN_INCIDENTS,NEWS_NEVER_ARRIVED,,,,
29389,mehwaralmokawma,2026-09-05,2026-09-05 00:00:00+03:00,2026-09-05 23:58:26+03:00,التفجيرات التي نفذها العدو في البلدات الجنوبيه,تلغيم وتفجير,ديرسريان,524,دير سريان,none,1,NOT_IN_INCIDENTS,NEWS_NEVER_ARRIVED,,,,
29389,mehwaralmokawma,2026-09-05,2026-09-05 00:00:00+03:00,2026-09-05 23:58:26+03:00,التفجيرات التي نفذها العدو في البلدات الجنوبيه,تلغيم وتفجير,زوطر الشرقيه,1519,زوطر الشرقية,none,1,SAME_VILLAGE_OTHER_ACTION,عملية تمشيط; قذائف الدبابات; قصف مدفعي; قصف وغارات,,,,
29389,mehwaralmokawma,2026-09-05,2026-09-05 00:00:00+03:00,2026-09-05 23:58:26+03:00,التفجيرات التي نفذها العدو في البلدات الجنوبيه,تلغيم وتفجير,بنت جبيل,280,بنت جبيل,none,1,NOT_IN_INCIDENTS,NEWS_WRONG_VILLAGE,حداثا; زوطر الشرقية; قنطرة; كفر رمان; ميس الجبل; ميفدون; نبطية الفوقا; وادي الدير; وادي الست,,32083;32083;32004;30472;32045;32083;32083;28918;28948;32083;31718,
29389,mehwaralmokawma,2026-09-05,2026-09-05 00:00:00+03:00,2026-09-05 23:58:26+03:00,التفجيرات التي نفذها العدو في البلدات الجنوبيه,تلغيم وتفجير,بين ارنون و كفرتبنيت,176,أرنون,between,1,DUPLICATE_OF_NEWS,,,2fddbf1f-4ceb-40e9-9d85-e3c26061bfb2;b68a8a27-d0b2-40ec-87f6-65aabb10059f,,367
29389,mehwaralmokawma,2026-09-05,2026-09-05 00:00:00+03:00,2026-09-05 23:58:26+03:00,التفجيرات التي نفذها العدو في البلدات الجنوبيه,تلغيم وتفجير,بني حيان,205,بني حيان,none,1,DUPLICATE_OF_NEWS,,,803d9263-d5b9-4acf-af5a-536fb2b037d6,,513
29389,mehwaralmokawma,2026-09-05,2026-09-05 00:00:00+03:00,2026-09-05 23:58:26+03:00,القنابل الصوتيه,قنابل صوتية,المنصوري,976,المنصوري,none,1,SAME_VILLAGE_OTHER_ACTION,قصف وغارات,,,,
29389,mehwaralmokawma,2026-09-05,2026-09-05 00:00:00+03:00,2026-09-05 23:58:26+03:00,القنابل الصوتيه,قنابل صوتية,حاريص,650,حاريص,none,1,DUPLICATE_OF_NEWS,,,5aa5ce08-34c1-411d-b3d9-d7e9c42baac4,,623
29390,Janoubana; nabatiehchannel; sameralhajali,2026-09-05,2026-09-05 00:00:00+03:00,2026-09-05 23:58:52+03:00,الغارات التي نفذها الطيران الحربي المعادي,قصف وغارات,القنطره,1228,قنطرة,none,1,DUPLICATE_OF_NEWS,,,3094610f-c707-40e1-bdf2-eec96554631c;10bafe93-cd5d-42d6-88d7-63b678015ba2;a94ea2d1-d189-43dc-ba71-04957513302e;c3db77aa-9eef-44c0-8add-35d79ad9b223,,27
29390,Janoubana; nabatiehchannel; sameralhajali,2026-09-05,2026-09-05 00:00:00+03:00,2026-09-05 23:58:52+03:00,الغارات التي نفذها الطيران الحربي المعادي,قصف وغارات,طلوسه-وادي السلوقي,1431,طلوسة,between,1,DUPLICATE_OF_NEWS,,,3f9ca39c-48fb-4db3-ab6d-57964dd0bdec;0174b6ef-d7ef-4d26-947e-978ba8c4bf41;fa352cbd-3f9a-4602-8afc-100142bcecae,,19
29390,Janoubana; nabatiehchannel; sameralhajali,2026-09-05,2026-09-05 00:00:00+03:00,2026-09-05 23:58:52+03:00,الغارات التي نفذها الطيران الحربي المعادي,قصف وغارات,زوطر الشرقيه,1519,زوطر الشرقية,none,1,DUPLICATE_OF_NEWS,,,7def9e35-455b-4452-97de-1a91568eb2ce;0fe58b27-ea05-4146-98ff-38b23f89292c;5c8e92ae-787a-4a0f-bcdf-63290ba30f0e,,-6
29390,Janoubana; nabatiehchannel; sameralhajali,2026-09-05,2026-09-05 00:00:00+03:00,2026-09-05 23:58:52+03:00,الغارات التي نفذها الطيران الحربي المعادي,قصف وغارات,اطراف حرش علي الطاهر,87,علي الطاهر,none,1,SAME_VILLAGE_OTHER_ACTION,قصف مدفعي,,,,
29390,Janoubana; nabatiehchannel; sameralhajali,2026-09-05,2026-09-05 00:00:00+03:00,2026-09-05 23:58:52+03:00,الغارات التي نفذها الطيران الحربي المعادي,قصف وغارات,وادي زبقين,1523,زبقين,none,1,DUPLICATE_OF_NEWS,,,038cf425-912b-46b3-b66e-062fc9a2d4d5;2bfd2817-b256-4d07-bba3-b17682ec0223;92504c1c-eca7-40c4-b1d1-ffa0f590853f;947016c1-6a6e-4bed-b25d-9d68cc682a8f;e15ef03e-2218-4640-ac4b-6e9fa3b2fa5b,,225
29390,Janoubana; nabatiehchannel; sameralhajali,2026-09-05,2026-09-05 00:00:00+03:00,2026-09-05 23:58:52+03:00,الغارات التي نفذها الطيران الحربي المعادي,قصف وغارات,المنصوري,976,المنصوري,none,1,DUPLICATE_OF_NEWS,,,2d36a140-4ea3-400a-ade2-7e2878ca0a51;30f3d972-e89b-488d-976f-5aea0e061487;8a31a83a-258b-47c9-a9b8-b36b15cc5ae9;d9e270f7-af1c-4745-8357-0678b3d3395a;b087df13-3d5b-49e1-b2de-92583bd67209,,225
29390,Janoubana; nabatiehchannel; sameralhajali,2026-09-05,2026-09-05 00:00:00+03:00,2026-09-05 23:58:52+03:00,القصف المدفعي المعادي,قصف مدفعي,دوحه كفررمان,851,كفر رمان,none,1,DUPLICATE_OF_NEWS,,,087111c6-0b18-4e9c-a029-11afb2a5ff41;54568787-a033-4df1-9966-2a8fcd8c41e3;67de2d4e-527c-4697-b001-5328982014e8;7d6d1275-61d3-4acb-b55f-0419d24e0e2d;fdc8dd9f-e257-4005-85a2-70b6ae2d7085;3aa035d1-a9eb-4ed9-808d-265232c7b946;9e947db7-c04a-4de9-9cf9-571fb1cc7d6e;f6d1beb2-4db2-407a-83f7-de7f7ebd1db2,,-7
29390,Janoubana; nabatiehchannel; sameralhajali,2026-09-05,2026-09-05 00:00:00+03:00,2026-09-05 23:58:52+03:00,القصف المدفعي المعادي,قصف مدفعي,النبطيه الفوقا,1153,نبطية الفوقا,none,1,DUPLICATE_OF_NEWS,,,ec09e9e1-b215-4b99-a89f-433c92af8042;6528c033-84b8-4416-91dc-51fad1bc2a84;919d574b-39ea-46eb-8c8a-324a23313694;70345fa8-c07c-424f-bed6-87a15a3e4bd9;3ae16476-75b3-4980-9220-4b6fac685215,,95
29390,Janoubana; nabatiehchannel; sameralhajali,2026-09-05,2026-09-05 00:00:00+03:00,2026-09-05 23:58:52+03:00,القصف المدفعي المعادي,قصف مدفعي,برعشيت,207,برعشيت,none,1,DUPLICATE_OF_NEWS,,,cac30ec8-2f8a-4877-8aad-3acbda7af7b2;645da6e6-98b9-4ce9-9685-1fb29b3bdc58,,95
29390,Janoubana; nabatiehchannel; sameralhajali,2026-09-05,2026-09-05 00:00:00+03:00,2026-09-05 23:58:52+03:00,القصف المدفعي المعادي,قصف مدفعي,بيت ليف,269,بيت ليف,none,1,DUPLICATE_OF_NEWS,,,2c8230c2-2140-44d2-a384-2a83ee0666ad;139fefbe-6299-4086-9e26-babaf6ad32d9;c04bfe90-144e-4465-9ee1-2d75a7c42772;1b2715b0-78e3-490c-93da-8326096e63a9;aa448ab3-dd18-48a9-b57f-42e2d5565314,,95
29390,Janoubana; nabatiehchannel; sameralhajali,2026-09-05,2026-09-05 00:00:00+03:00,2026-09-05 23:58:52+03:00,القصف المدفعي المعادي,قصف مدفعي,المنصوري,976,المنصوري,none,1,SAME_VILLAGE_OTHER_ACTION,قصف وغارات,,,,
29390,Janoubana; nabatiehchannel; sameralhajali,2026-09-05,2026-09-05 00:00:00+03:00,2026-09-05 23:58:52+03:00,القصف المدفعي المعادي,قصف مدفعي,وادي الحجير,1219,قبريخا,none,1,NOT_IN_INCIDENTS,NEWS_WRONG_VILLAGE,حداثا; زوطر الشرقية; كفر رمان; وادي الدير; وادي الست,,32083;31836;32070;32083;31836;32083;32083;28899;28899;32083,
29390,Janoubana; nabatiehchannel; sameralhajali,2026-09-05,2026-09-05 00:00:00+03:00,2026-09-05 23:58:52+03:00,القصف المدفعي المعادي,قصف مدفعي,وادي السلوقي,1464,تولين,none,1,NOT_IN_INCIDENTS,NEWS_FAILED,error,,29030,
29390,Janoubana; nabatiehchannel; sameralhajali,2026-09-05,2026-09-05 00:00:00+03:00,2026-09-05 23:58:52+03:00,القصف المدفعي المعادي,قصف مدفعي,ميس الجبل,1079,ميس الجبل,none,1,DUPLICATE_OF_NEWS,,,764a83e5-43b9-462c-90f2-bffffe941326;0fbbe8da-b731-4266-9e19-0666a3626b32;a3f93636-e495-4544-bf76-adc66a4d180f,,663
29390,Janoubana; nabatiehchannel; sameralhajali,2026-09-05,2026-09-05 00:00:00+03:00,2026-09-05 23:58:52+03:00,القصف المدفعي المعادي,قصف مدفعي,زوطر الشرقيه,1519,زوطر الشرقية,none,1,DUPLICATE_OF_NEWS,,,706663ac-cfb9-4f03-8a40-9422e2f64422;c4a91bb9-8ece-450c-b434-2fa6811c19b9;fd2ede9e-469c-43e6-abbd-60367c3a0197;4e6c5df9-b06b-486f-9c10-af28f9a4766a,,642
29390,Janoubana; nabatiehchannel; sameralhajali,2026-09-05,2026-09-05 00:00:00+03:00,2026-09-05 23:58:52+03:00,القصف المدفعي المعادي,قصف مدفعي,بني حيان,205,بني حيان,none,1,DUPLICATE_OF_NEWS,,,e1f0b227-adf7-4757-b9f5-bb022afdb8dd;1a5863ce-35e7-4de9-bc66-a0733596fceb;36ea3934-178f-4e47-b77e-e14fff11a1dc,,19
29390,Janoubana; nabatiehchannel; sameralhajali,2026-09-05,2026-09-05 00:00:00+03:00,2026-09-05 23:58:52+03:00,غالونات متفجره,تلغيم وتفجير,علي الطاهر,87,علي الطاهر,none,1,SAME_VILLAGE_OTHER_ACTION,قصف مدفعي,,,,
29390,Janoubana; nabatiehchannel; sameralhajali,2026-09-05,2026-09-05 00:00:00+03:00,2026-09-05 23:58:52+03:00,غالونات متفجره,تلغيم وتفجير,المنصوري,976,المنصوري,none,1,SAME_VILLAGE_OTHER_ACTION,قصف وغارات,,,,
29390,Janoubana; nabatiehchannel; sameralhajali,2026-09-05,2026-09-05 00:00:00+03:00,2026-09-05 23:58:52+03:00,التفجيرات التي نفذها العدو في البلدات الجنوبيه,تلغيم وتفجير,ميس الجبل,1079,ميس الجبل,none,1,SAME_VILLAGE_OTHER_ACTION,توغل بري; عملية تمشيط; قذائف الدبابات; قصف مدفعي,,,,
29390,Janoubana; nabatiehchannel; sameralhajali,2026-09-05,2026-09-05 00:00:00+03:00,2026-09-05 23:58:52+03:00,التفجيرات التي نفذها العدو في البلدات الجنوبيه,تلغيم وتفجير,كونين,919,كونين,none,1,NOT_IN_INCIDENTS,NEWS_NEVER_ARRIVED,,,,
29390,Janoubana; nabatiehchannel; sameralhajali,2026-09-05,2026-09-05 00:00:00+03:00,2026-09-05 23:58:52+03:00,التفجيرات التي نفذها العدو في البلدات الجنوبيه,تلغيم وتفجير,ديرسريان,524,دير سريان,none,1,NOT_IN_INCIDENTS,NEWS_NEVER_ARRIVED,,,,
29390,Janoubana; nabatiehchannel; sameralhajali,2026-09-05,2026-09-05 00:00:00+03:00,2026-09-05 23:58:52+03:00,التفجيرات التي نفذها العدو في البلدات الجنوبيه,تلغيم وتفجير,زوطر الشرقيه,1519,زوطر الشرقية,none,1,SAME_VILLAGE_OTHER_ACTION,عملية تمشيط; قذائف الدبابات; قصف مدفعي; قصف وغارات,,,,
29390,Janoubana; nabatiehchannel; sameralhajali,2026-09-05,2026-09-05 00:00:00+03:00,2026-09-05 23:58:52+03:00,التفجيرات التي نفذها العدو في البلدات الجنوبيه,تلغيم وتفجير,بنت جبيل,280,بنت جبيل,none,1,NOT_IN_INCIDENTS,NEWS_WRONG_VILLAGE,حداثا; زوطر الشرقية; قنطرة; كفر رمان; ميس الجبل; ميفدون; نبطية الفوقا; وادي الدير; وادي الست,,32083;32083;32004;30472;32045;32083;32083;28918;28948;32083;31718,
29390,Janoubana; nabatiehchannel; sameralhajali,2026-09-05,2026-09-05 00:00:00+03:00,2026-09-05 23:58:52+03:00,التفجيرات التي نفذها العدو في البلدات الجنوبيه,تلغيم وتفجير,بين ارنون و كفرتبنيت,176,أرنون,between,1,DUPLICATE_OF_NEWS,,,2fddbf1f-4ceb-40e9-9d85-e3c26061bfb2;b68a8a27-d0b2-40ec-87f6-65aabb10059f,,368
29390,Janoubana; nabatiehchannel; sameralhajali,2026-09-05,2026-09-05 00:00:00+03:00,2026-09-05 23:58:52+03:00,التفجيرات التي نفذها العدو في البلدات الجنوبيه,تلغيم وتفجير,بني حيان,205,بني حيان,none,1,DUPLICATE_OF_NEWS,,,803d9263-d5b9-4acf-af5a-536fb2b037d6,,513
29390,Janoubana; nabatiehchannel; sameralhajali,2026-09-05,2026-09-05 00:00:00+03:00,2026-09-05 23:58:52+03:00,القنابل الصوتيه,قنابل صوتية,المنصوري,976,المنصوري,none,1,SAME_VILLAGE_OTHER_ACTION,قصف وغارات,,,,
29390,Janoubana; nabatiehchannel; sameralhajali,2026-09-05,2026-09-05 00:00:00+03:00,2026-09-05 23:58:52+03:00,القنابل الصوتيه,قنابل صوتية,حاريص,650,حاريص,none,1,DUPLICATE_OF_NEWS,,,5aa5ce08-34c1-411d-b3d9-d7e9c42baac4,,624
31394,alichoeib1970,2026-09-06,2026-09-06 00:00:00+03:00,2026-09-06 07:35:27+03:00,الغارات الحربيه,قصف وغارات,كفررمان,851,كفر رمان,none,1,DUPLICATE_OF_NEWS,,,0c5279cf-183a-4cea-86e9-73763fd8627d;3eec8de4-55e5-41a0-89a1-cc183e1721c9;b3a1de1b-e697-48ca-bbca-055f5b467d62;5fe9cbd4-e012-436c-be7d-692809a87b94;e6163789-c11d-4854-9940-eed056928bd7;a613f05e-5d52-4b5a-bcb4-5398fa2123cd;3a88eddf-2fc2-49fc-8437-671703801278;00b8c1cf-0a6e-4984-a18e-a8d4b8b319aa,,-46
31394,alichoeib1970,2026-09-06,2026-09-06 00:00:00+03:00,2026-09-06 07:35:27+03:00,الغارات الحربيه,قصف وغارات,النبطيه,1152,نبطية التحتا,none,1,DUPLICATE_OF_NEWS,,,d2f700fc-f736-4f52-a66b-9eeb995f9215;9d61f18b-ffed-4af9-8361-ef09f5f42eb2,,-46
31394,alichoeib1970,2026-09-06,2026-09-06 00:00:00+03:00,2026-09-06 07:35:27+03:00,الغارات الحربيه,قصف وغارات,النبطيه الفوقا,1153,نبطية الفوقا,none,1,DUPLICATE_OF_NEWS,,,636e9cec-4223-467a-a7bd-d3c52721a299;87cf6aaa-fc00-4ba0-8b23-febba4b02124;ef421a0d-22fe-4cbd-a495-38bc671fc6ff;f0ebd415-639a-4bb7-86d6-f3e80b49516f;f7f39326-1e97-4e67-89d7-0b82a958b4b7;7fe477c6-5ca6-4429-8388-7a961a406a71;ecdaec70-be88-4f23-a2b4-f26b2bf2bfe1;b8d8dad2-b5d1-412d-be21-b99ba7454d3b;f3f10333-41a1-4157-ab85-fd7384a7e754;d007b9c4-f75e-4891-b9e4-0126434dbf85;7695149e-2e06-4f49-b027-221b705f780c;1e1260c6-6ec9-4f68-8a8b-b6442d33775b;b3f182ca-0f6d-4904-ba97-e3b3889691b5,,-33
31394,alichoeib1970,2026-09-06,2026-09-06 00:00:00+03:00,2026-09-06 07:35:27+03:00,الغارات الحربيه,قصف وغارات,عربصاليم,118,عرب صاليم,none,1,DUPLICATE_OF_NEWS,,,fbec6690-4569-4913-bfbb-797de5cae9fd;fdd35f95-9a80-4596-bb89-3eef0ab4c6d7;aa8f5668-5494-4b74-83d4-27e0d8d7b782;70f53b7e-9ad1-42a0-82c5-9c535686808a;95138c74-279b-4326-acd9-95046800b1e7;bdf5e3bd-b46b-49b6-b029-5c3f9bed403b,,-48
31394,alichoeib1970,2026-09-06,2026-09-06 00:00:00+03:00,2026-09-06 07:35:27+03:00,القصف المدفعي,قصف مدفعي,وادي السلوقي – الحجير,1464,تولين,none,1,NOT_IN_INCIDENTS,NEWS_WRONG_VILLAGE,زوطر الشرقية; سلوقي; وادي الدير; وادي الست,,29480;29480;28723;31529;31529,
31394,alichoeib1970,2026-09-06,2026-09-06 00:00:00+03:00,2026-09-06 07:35:27+03:00,القصف المدفعي,قصف مدفعي,المنصوري,976,المنصوري,none,1,NOT_IN_INCIDENTS,NEWS_NEVER_ARRIVED,,,,
31394,alichoeib1970,2026-09-06,2026-09-06 00:00:00+03:00,2026-09-06 07:35:27+03:00,القصف المدفعي,قصف مدفعي,دوحه كفررمان,851,كفر رمان,none,1,DUPLICATE_OF_NEWS,,,11e8887c-1b2a-4172-97b5-944a4427faac;54568787-a033-4df1-9966-2a8fcd8c41e3;67de2d4e-527c-4697-b001-5328982014e8;7d6d1275-61d3-4acb-b55f-0419d24e0e2d;73264411-53ec-4e38-9b16-6597efe4fac7,,78
29482,mehwaralmokawma,2026-09-06,2026-09-06 00:00:00+03:00,2026-09-06 07:36:14+03:00,الغارات الحربيه,قصف وغارات,كفررمان,851,كفر رمان,none,1,DUPLICATE_OF_NEWS,,,0c5279cf-183a-4cea-86e9-73763fd8627d;3eec8de4-55e5-41a0-89a1-cc183e1721c9;b3a1de1b-e697-48ca-bbca-055f5b467d62;5fe9cbd4-e012-436c-be7d-692809a87b94;e6163789-c11d-4854-9940-eed056928bd7;a613f05e-5d52-4b5a-bcb4-5398fa2123cd;3a88eddf-2fc2-49fc-8437-671703801278;00b8c1cf-0a6e-4984-a18e-a8d4b8b319aa,,-45
29482,mehwaralmokawma,2026-09-06,2026-09-06 00:00:00+03:00,2026-09-06 07:36:14+03:00,الغارات الحربيه,قصف وغارات,النبطيه,1152,نبطية التحتا,none,1,DUPLICATE_OF_NEWS,,,d2f700fc-f736-4f52-a66b-9eeb995f9215;9d61f18b-ffed-4af9-8361-ef09f5f42eb2,,-45
29482,mehwaralmokawma,2026-09-06,2026-09-06 00:00:00+03:00,2026-09-06 07:36:14+03:00,الغارات الحربيه,قصف وغارات,النبطيه الفوقا,1153,نبطية الفوقا,none,1,DUPLICATE_OF_NEWS,,,636e9cec-4223-467a-a7bd-d3c52721a299;87cf6aaa-fc00-4ba0-8b23-febba4b02124;ef421a0d-22fe-4cbd-a495-38bc671fc6ff;f0ebd415-639a-4bb7-86d6-f3e80b49516f;f7f39326-1e97-4e67-89d7-0b82a958b4b7;7fe477c6-5ca6-4429-8388-7a961a406a71;ecdaec70-be88-4f23-a2b4-f26b2bf2bfe1;b8d8dad2-b5d1-412d-be21-b99ba7454d3b;f3f10333-41a1-4157-ab85-fd7384a7e754;d007b9c4-f75e-4891-b9e4-0126434dbf85;7695149e-2e06-4f49-b027-221b705f780c;1e1260c6-6ec9-4f68-8a8b-b6442d33775b;b3f182ca-0f6d-4904-ba97-e3b3889691b5,,-32
29482,mehwaralmokawma,2026-09-06,2026-09-06 00:00:00+03:00,2026-09-06 07:36:14+03:00,الغارات الحربيه,قصف وغارات,عربصاليم,118,عرب صاليم,none,1,DUPLICATE_OF_NEWS,,,fbec6690-4569-4913-bfbb-797de5cae9fd;fdd35f95-9a80-4596-bb89-3eef0ab4c6d7;aa8f5668-5494-4b74-83d4-27e0d8d7b782;70f53b7e-9ad1-42a0-82c5-9c535686808a;95138c74-279b-4326-acd9-95046800b1e7;bdf5e3bd-b46b-49b6-b029-5c3f9bed403b,,-47
29482,mehwaralmokawma,2026-09-06,2026-09-06 00:00:00+03:00,2026-09-06 07:36:14+03:00,القصف المدفعي,قصف مدفعي,وادي السلوقي – الحجير,1464,تولين,none,1,NOT_IN_INCIDENTS,NEWS_WRONG_VILLAGE,زوطر الشرقية; سلوقي; وادي الدير; وادي الست,,29480;29480;28723;31529;31529,
29482,mehwaralmokawma,2026-09-06,2026-09-06 00:00:00+03:00,2026-09-06 07:36:14+03:00,القصف المدفعي,قصف مدفعي,المنصوري,976,المنصوري,none,1,NOT_IN_INCIDENTS,NEWS_NEVER_ARRIVED,,,,
29482,mehwaralmokawma,2026-09-06,2026-09-06 00:00:00+03:00,2026-09-06 07:36:14+03:00,القصف المدفعي,قصف مدفعي,دوحه كفررمان,851,كفر رمان,none,1,DUPLICATE_OF_NEWS,,,11e8887c-1b2a-4172-97b5-944a4427faac;54568787-a033-4df1-9966-2a8fcd8c41e3;67de2d4e-527c-4697-b001-5328982014e8;7d6d1275-61d3-4acb-b55f-0419d24e0e2d;73264411-53ec-4e38-9b16-6597efe4fac7,,79
29090,Janoubana,2026-09-06,2026-09-06 00:00:00+03:00,2026-09-06 07:44:29+03:00,الغارات الحربيه,قصف وغارات,كفررمان,851,كفر رمان,none,1,DUPLICATE_OF_NEWS,,,0c5279cf-183a-4cea-86e9-73763fd8627d;3eec8de4-55e5-41a0-89a1-cc183e1721c9;b3a1de1b-e697-48ca-bbca-055f5b467d62;5fe9cbd4-e012-436c-be7d-692809a87b94;e6163789-c11d-4854-9940-eed056928bd7;a613f05e-5d52-4b5a-bcb4-5398fa2123cd;3a88eddf-2fc2-49fc-8437-671703801278;00b8c1cf-0a6e-4984-a18e-a8d4b8b319aa,,-37
29090,Janoubana,2026-09-06,2026-09-06 00:00:00+03:00,2026-09-06 07:44:29+03:00,الغارات الحربيه,قصف وغارات,النبطيه,1152,نبطية التحتا,none,1,DUPLICATE_OF_NEWS,,,d2f700fc-f736-4f52-a66b-9eeb995f9215;9d61f18b-ffed-4af9-8361-ef09f5f42eb2,,-37
29090,Janoubana,2026-09-06,2026-09-06 00:00:00+03:00,2026-09-06 07:44:29+03:00,الغارات الحربيه,قصف وغارات,النبطيه الفوقا,1153,نبطية الفوقا,none,1,DUPLICATE_OF_NEWS,,,636e9cec-4223-467a-a7bd-d3c52721a299;87cf6aaa-fc00-4ba0-8b23-febba4b02124;ef421a0d-22fe-4cbd-a495-38bc671fc6ff;f0ebd415-639a-4bb7-86d6-f3e80b49516f;f7f39326-1e97-4e67-89d7-0b82a958b4b7;7fe477c6-5ca6-4429-8388-7a961a406a71;ecdaec70-be88-4f23-a2b4-f26b2bf2bfe1;b8d8dad2-b5d1-412d-be21-b99ba7454d3b;f3f10333-41a1-4157-ab85-fd7384a7e754;d007b9c4-f75e-4891-b9e4-0126434dbf85;7695149e-2e06-4f49-b027-221b705f780c;1e1260c6-6ec9-4f68-8a8b-b6442d33775b;b3f182ca-0f6d-4904-ba97-e3b3889691b5,,-24
29090,Janoubana,2026-09-06,2026-09-06 00:00:00+03:00,2026-09-06 07:44:29+03:00,الغارات الحربيه,قصف وغارات,عربصاليم,118,عرب صاليم,none,1,DUPLICATE_OF_NEWS,,,fbec6690-4569-4913-bfbb-797de5cae9fd;fdd35f95-9a80-4596-bb89-3eef0ab4c6d7;aa8f5668-5494-4b74-83d4-27e0d8d7b782;70f53b7e-9ad1-42a0-82c5-9c535686808a;95138c74-279b-4326-acd9-95046800b1e7;bdf5e3bd-b46b-49b6-b029-5c3f9bed403b,,-39
29090,Janoubana,2026-09-06,2026-09-06 00:00:00+03:00,2026-09-06 07:44:29+03:00,القصف المدفعي,قصف مدفعي,وادي السلوقي – الحجير,1464,تولين,none,1,NOT_IN_INCIDENTS,NEWS_WRONG_VILLAGE,زوطر الشرقية; سلوقي; وادي الدير; وادي الست,,29480;29480;28723;31529;31529,
29090,Janoubana,2026-09-06,2026-09-06 00:00:00+03:00,2026-09-06 07:44:29+03:00,القصف المدفعي,قصف مدفعي,المنصوري,976,المنصوري,none,1,NOT_IN_INCIDENTS,NEWS_NEVER_ARRIVED,,,,
29090,Janoubana,2026-09-06,2026-09-06 00:00:00+03:00,2026-09-06 07:44:29+03:00,القصف المدفعي,قصف مدفعي,دوحه كفررمان,851,كفر رمان,none,1,DUPLICATE_OF_NEWS,,,11e8887c-1b2a-4172-97b5-944a4427faac;54568787-a033-4df1-9966-2a8fcd8c41e3;67de2d4e-527c-4697-b001-5328982014e8;7d6d1275-61d3-4acb-b55f-0419d24e0e2d;73264411-53ec-4e38-9b16-6597efe4fac7,,87
30354,alichoeib1970,2026-09-06,2026-09-06 00:00:00+03:00,2026-09-06 23:57:10+03:00,الغارات التي نفذها الطيران الحربي المعادي,قصف وغارات,كفررمان,851,كفر رمان,none,1,DUPLICATE_OF_NEWS,,,84be417a-02f2-45b6-a340-48b9c2f895c5;0c5279cf-183a-4cea-86e9-73763fd8627d;9fbfff02-59ae-4206-8ab7-92f502772ece;3eec8de4-55e5-41a0-89a1-cc183e1721c9;b3a1de1b-e697-48ca-bbca-055f5b467d62;5fe9cbd4-e012-436c-be7d-692809a87b94;e6163789-c11d-4854-9940-eed056928bd7;a613f05e-5d52-4b5a-bcb4-5398fa2123cd;3a88eddf-2fc2-49fc-8437-671703801278;00b8c1cf-0a6e-4984-a18e-a8d4b8b319aa,,83
30354,alichoeib1970,2026-09-06,2026-09-06 00:00:00+03:00,2026-09-06 23:57:10+03:00,الغارات التي نفذها الطيران الحربي المعادي,قصف وغارات,النبطيه,1152,نبطية التحتا,none,1,DUPLICATE_OF_NEWS,,,0b0e4a71-4e1d-45ff-9b02-016bde47b663;10fbab84-11a3-4990-8608-7e8e7cc73725;d2f700fc-f736-4f52-a66b-9eeb995f9215;50c727e8-7cd8-4972-b26b-4e8d62bf9db6;9d61f18b-ffed-4af9-8361-ef09f5f42eb2,,238
30354,alichoeib1970,2026-09-06,2026-09-06 00:00:00+03:00,2026-09-06 23:57:10+03:00,الغارات التي نفذها الطيران الحربي المعادي,قصف وغارات,النبطيه الفوقا,1153,نبطية الفوقا,none,1,DUPLICATE_OF_NEWS,,,636e9cec-4223-467a-a7bd-d3c52721a299;87cf6aaa-fc00-4ba0-8b23-febba4b02124;ef421a0d-22fe-4cbd-a495-38bc671fc6ff;f0ebd415-639a-4bb7-86d6-f3e80b49516f;f7f39326-1e97-4e67-89d7-0b82a958b4b7;447a66ac-8376-4630-8c1d-ada66f2aae79;11624631-30b1-48a4-9c4a-6da2d0082fa4;7fe477c6-5ca6-4429-8388-7a961a406a71;848cc71d-83d2-455a-bc58-d179e5624eff;ecdaec70-be88-4f23-a2b4-f26b2bf2bfe1;b8d8dad2-b5d1-412d-be21-b99ba7454d3b;06d07ee4-86b2-4ff4-8db9-2b1710feab10;f3f10333-41a1-4157-ab85-fd7384a7e754;d007b9c4-f75e-4891-b9e4-0126434dbf85;7695149e-2e06-4f49-b027-221b705f780c;869578d3-386a-489f-980d-f1716909e4db;cc29cffa-dd12-451a-b371-adea90069b76;1e1260c6-6ec9-4f68-8a8b-b6442d33775b;b3f182ca-0f6d-4904-ba97-e3b3889691b5,,220
30354,alichoeib1970,2026-09-06,2026-09-06 00:00:00+03:00,2026-09-06 23:57:10+03:00,الغارات التي نفذها الطيران الحربي المعادي,قصف وغارات,عربصاليم,118,عرب صاليم,none,1,DUPLICATE_OF_NEWS,,,6a95eabf-8d82-4926-a9ac-dd237bf54318;28ccc77a-c067-4ed1-9e17-99dda82b73ef;fbec6690-4569-4913-bfbb-797de5cae9fd;fdd35f95-9a80-4596-bb89-3eef0ab4c6d7;b9c2759b-6744-41bc-aba6-6d029ea45ec5;aa8f5668-5494-4b74-83d4-27e0d8d7b782;70f53b7e-9ad1-42a0-82c5-9c535686808a;95138c74-279b-4326-acd9-95046800b1e7;bdf5e3bd-b46b-49b6-b029-5c3f9bed403b;2d19c8a1-957f-4a61-b0fe-ed37fbbf740f,,205
30354,alichoeib1970,2026-09-06,2026-09-06 00:00:00+03:00,2026-09-06 23:57:10+03:00,الغارات التي نفذها الطيران الحربي المعادي,قصف وغارات,القنطره,1228,قنطرة,none,1,DUPLICATE_OF_NEWS,,,3094610f-c707-40e1-bdf2-eec96554631c;10bafe93-cd5d-42d6-88d7-63b678015ba2;a94ea2d1-d189-43dc-ba71-04957513302e;c3db77aa-9eef-44c0-8add-35d79ad9b223,,1465
30354,alichoeib1970,2026-09-06,2026-09-06 00:00:00+03:00,2026-09-06 23:57:10+03:00,الغارات التي نفذها الطيران الحربي المعادي,قصف وغارات,وادي زبقين,1523,زبقين,none,1,DUPLICATE_OF_NEWS,,,c472ee41-f82a-4228-8f33-739a0f956a83;d9fc2663-08fd-4994-8ef2-05085b83c328;4091f7b2-7233-4165-b963-47aa3684de1a,,148
30354,alichoeib1970,2026-09-06,2026-09-06 00:00:00+03:00,2026-09-06 23:57:10+03:00,الغارات التي نفذها الطيران المسير المعادي,قصف وغارات,بين شوكين و النبطيه الفوقا,452,شوكين,between,1,DUPLICATE_OF_NEWS,,,636e9cec-4223-467a-a7bd-d3c52721a299;87cf6aaa-fc00-4ba0-8b23-febba4b02124;ef421a0d-22fe-4cbd-a495-38bc671fc6ff;f0ebd415-639a-4bb7-86d6-f3e80b49516f;f7f39326-1e97-4e67-89d7-0b82a958b4b7;447a66ac-8376-4630-8c1d-ada66f2aae79;11624631-30b1-48a4-9c4a-6da2d0082fa4;7fe477c6-5ca6-4429-8388-7a961a406a71;848cc71d-83d2-455a-bc58-d179e5624eff;ecdaec70-be88-4f23-a2b4-f26b2bf2bfe1;b8d8dad2-b5d1-412d-be21-b99ba7454d3b;06d07ee4-86b2-4ff4-8db9-2b1710feab10;f3f10333-41a1-4157-ab85-fd7384a7e754;d007b9c4-f75e-4891-b9e4-0126434dbf85;7695149e-2e06-4f49-b027-221b705f780c;869578d3-386a-489f-980d-f1716909e4db;cc29cffa-dd12-451a-b371-adea90069b76;1e1260c6-6ec9-4f68-8a8b-b6442d33775b;b3f182ca-0f6d-4904-ba97-e3b3889691b5,,220
30354,alichoeib1970,2026-09-06,2026-09-06 00:00:00+03:00,2026-09-06 23:57:10+03:00,القصف المدفعي المعادي,قصف مدفعي,وادي الحجير,1219,قبريخا,none,1,NOT_IN_INCIDENTS,NEWS_WRONG_VILLAGE,سلوقي; وادي الدير; وادي الست,,30190;30190;29480;29480,
30354,alichoeib1970,2026-09-06,2026-09-06 00:00:00+03:00,2026-09-06 23:57:10+03:00,القصف المدفعي المعادي,قصف مدفعي,وادي السلوقي,1464,تولين,none,1,NOT_IN_INCIDENTS,NEWS_FAILED,error,,29869;30457;31815,
30354,alichoeib1970,2026-09-06,2026-09-06 00:00:00+03:00,2026-09-06 23:57:10+03:00,القصف المدفعي المعادي,قصف مدفعي,دوحه كفررمان,851,كفر رمان,none,1,DUPLICATE_OF_NEWS,,,11e8887c-1b2a-4172-97b5-944a4427faac;2db427ad-d8cf-4527-acc3-6b60b4767575;54568787-a033-4df1-9966-2a8fcd8c41e3;5c69a830-1805-4064-a7d6-d6127f767d52;67de2d4e-527c-4697-b001-5328982014e8;7d6d1275-61d3-4acb-b55f-0419d24e0e2d;d37d9251-f1be-4591-aaa9-b977fe2b9783;1be76437-328b-46e7-8891-2d77cdb2b8e8;f88a14c9-3d3e-4a40-ad4e-64705cd0eb6e;73264411-53ec-4e38-9b16-6597efe4fac7,,94
30354,alichoeib1970,2026-09-06,2026-09-06 00:00:00+03:00,2026-09-06 23:57:10+03:00,القصف المدفعي المعادي,قصف مدفعي,برعشيت,207,برعشيت,none,1,DUPLICATE_OF_NEWS,,,4b523544-d93a-4ac7-8044-fdad0622ec31,,76
30354,alichoeib1970,2026-09-06,2026-09-06 00:00:00+03:00,2026-09-06 23:57:10+03:00,القصف المدفعي المعادي,قصف مدفعي,النبطيه الفوقا,1153,نبطية الفوقا,none,1,DUPLICATE_OF_NEWS,,,65eabafa-5322-493d-9928-6a35653e7d7c,,948
30354,alichoeib1970,2026-09-06,2026-09-06 00:00:00+03:00,2026-09-06 23:57:10+03:00,القصف المدفعي المعادي,قصف مدفعي,المنصوري,976,المنصوري,none,1,DUPLICATE_OF_NEWS,,,3b05f738-a646-4f43-a4f4-b68dd26d7589;fcbedaa7-5c62-470a-8543-7e3688b3dc2a;dea9e777-1c3f-4c6d-9d8a-c9d52df1365d;65204838-de26-4055-9514-6b5b7dbc15ab;553fd589-4488-4af0-aeb9-8d1b56272bf6;6f48899a-21c6-4398-9338-b46bb72cd286;7dca929b-b2a8-4608-8aca-93809204486e;919ff2ec-afef-4a56-85bb-7618dbfa88d8;5cb29a21-9147-4568-96e3-77fb07eb47bb,,195
30354,alichoeib1970,2026-09-06,2026-09-06 00:00:00+03:00,2026-09-06 23:57:10+03:00,القصف المدفعي المعادي,قصف مدفعي,حرش كونين,919,كونين,none,1,DUPLICATE_OF_NEWS,,,2a2b3b93-b6b6-41a7-bc3b-851840680295;0b84092d-5663-4864-bcf6-52eb32b33965,,838
30354,alichoeib1970,2026-09-06,2026-09-06 00:00:00+03:00,2026-09-06 23:57:10+03:00,القصف المدفعي المعادي,قصف مدفعي,زوطر الشرقيه,1519,زوطر الشرقية,none,1,DUPLICATE_OF_NEWS,,,06df51b4-cedd-48a5-bcd8-c1e63f69f0dc;ed3e9f9c-4a96-4dc8-a633-e716004a57ed,,724
30354,alichoeib1970,2026-09-06,2026-09-06 00:00:00+03:00,2026-09-06 23:57:10+03:00,القصف المدفعي المعادي,قصف مدفعي,عيترون,77,عيترون,none,1,DUPLICATE_OF_NEWS,,,9c733c93-86e6-490b-870c-8ab30f468476;8481f37b-8a0b-4696-9bf3-3ca20a8d1b4a,,721
30354,alichoeib1970,2026-09-06,2026-09-06 00:00:00+03:00,2026-09-06 23:57:10+03:00,القصف المدفعي المعادي,قصف مدفعي,بين الحنيه و المنصوري,678,حنية,between,1,DUPLICATE_OF_NEWS,,,3b05f738-a646-4f43-a4f4-b68dd26d7589;fcbedaa7-5c62-470a-8543-7e3688b3dc2a;dea9e777-1c3f-4c6d-9d8a-c9d52df1365d;65204838-de26-4055-9514-6b5b7dbc15ab;553fd589-4488-4af0-aeb9-8d1b56272bf6;6f48899a-21c6-4398-9338-b46bb72cd286;7dca929b-b2a8-4608-8aca-93809204486e;919ff2ec-afef-4a56-85bb-7618dbfa88d8;5cb29a21-9147-4568-96e3-77fb07eb47bb,,195
30354,alichoeib1970,2026-09-06,2026-09-06 00:00:00+03:00,2026-09-06 23:57:10+03:00,القصف المدفعي المعادي,قصف مدفعي,حداثا,601,حداثا,none,1,NOT_IN_INCIDENTS,NEWS_FAILED,error,,30533,
30354,alichoeib1970,2026-09-06,2026-09-06 00:00:00+03:00,2026-09-06 23:57:10+03:00,القصف المدفعي المعادي,قصف مدفعي,بيت ياحون,273,بيت ياحون,none,1,DUPLICATE_OF_NEWS,,,5f94881b-7403-49b8-8215-b7de26836d2e,,339
30354,alichoeib1970,2026-09-06,2026-09-06 00:00:00+03:00,2026-09-06 23:57:10+03:00,القصف المدفعي المعادي,قصف مدفعي,وادي زبقين,1523,زبقين,none,1,DUPLICATE_OF_NEWS,,,35310518-9678-46d8-b8f8-76869297c365;6272357a-74b6-401c-a7ba-64b79a5133d9,,291
30354,alichoeib1970,2026-09-06,2026-09-06 00:00:00+03:00,2026-09-06 23:57:10+03:00,التفجيرات التي نفذها العدو في البلدات الجنوبيه,تلغيم وتفجير,المنصوري,976,المنصوري,none,1,DUPLICATE_OF_NEWS,,,97fae041-44a0-41f3-84bb-54baaa296a04;934844d6-b50e-4309-8680-07a544bfe861;09881bda-af7c-4488-9f4a-cb8e299b9c00,,148
30354,alichoeib1970,2026-09-06,2026-09-06 00:00:00+03:00,2026-09-06 23:57:10+03:00,التفجيرات التي نفذها العدو في البلدات الجنوبيه,تلغيم وتفجير,زوطر الشرقيه,1519,زوطر الشرقية,none,1,SAME_VILLAGE_OTHER_ACTION,قصف مدفعي; قصف وغارات,,,,
30354,alichoeib1970,2026-09-06,2026-09-06 00:00:00+03:00,2026-09-06 23:57:10+03:00,التفجيرات التي نفذها العدو في البلدات الجنوبيه,تلغيم وتفجير,كفرتبنيت,857,كفر تبنيت,none,1,DUPLICATE_OF_NEWS,,,e1224bd4-100b-41e0-99ef-f64781bac5b8,,148
30354,alichoeib1970,2026-09-06,2026-09-06 00:00:00+03:00,2026-09-06 23:57:10+03:00,التفجيرات التي نفذها العدو في البلدات الجنوبيه,تلغيم وتفجير,وادي السلوقي,1464,تولين,none,1,NOT_IN_INCIDENTS,NEWS_FAILED,error,,29869;30457;31815,
30354,alichoeib1970,2026-09-06,2026-09-06 00:00:00+03:00,2026-09-06 23:57:10+03:00,التفجيرات التي نفذها العدو في البلدات الجنوبيه,تلغيم وتفجير,عيترون,77,عيترون,none,1,SAME_VILLAGE_OTHER_ACTION,قصف مدفعي; قصف وغارات,,,,
30354,alichoeib1970,2026-09-06,2026-09-06 00:00:00+03:00,2026-09-06 23:57:10+03:00,غالونات متفجره,تلغيم وتفجير,حرش علي الطاهر,87,علي الطاهر,none,1,DUPLICATE_OF_NEWS,,,2da4a570-c7cc-4d4b-8f59-31e0bbe62df5,,223
30312,mehwaralmokawma,2026-09-06,2026-09-06 00:00:00+03:00,2026-09-06 23:57:25+03:00,الغارات التي نفذها الطيران الحربي المعادي,قصف وغارات,كفررمان,851,كفر رمان,none,1,DUPLICATE_OF_NEWS,,,84be417a-02f2-45b6-a340-48b9c2f895c5;0c5279cf-183a-4cea-86e9-73763fd8627d;9fbfff02-59ae-4206-8ab7-92f502772ece;3eec8de4-55e5-41a0-89a1-cc183e1721c9;b3a1de1b-e697-48ca-bbca-055f5b467d62;5fe9cbd4-e012-436c-be7d-692809a87b94;e6163789-c11d-4854-9940-eed056928bd7;a613f05e-5d52-4b5a-bcb4-5398fa2123cd;3a88eddf-2fc2-49fc-8437-671703801278;00b8c1cf-0a6e-4984-a18e-a8d4b8b319aa,,83
30312,mehwaralmokawma,2026-09-06,2026-09-06 00:00:00+03:00,2026-09-06 23:57:25+03:00,الغارات التي نفذها الطيران الحربي المعادي,قصف وغارات,النبطيه,1152,نبطية التحتا,none,1,DUPLICATE_OF_NEWS,,,0b0e4a71-4e1d-45ff-9b02-016bde47b663;10fbab84-11a3-4990-8608-7e8e7cc73725;d2f700fc-f736-4f52-a66b-9eeb995f9215;50c727e8-7cd8-4972-b26b-4e8d62bf9db6;9d61f18b-ffed-4af9-8361-ef09f5f42eb2,,238
30312,mehwaralmokawma,2026-09-06,2026-09-06 00:00:00+03:00,2026-09-06 23:57:25+03:00,الغارات التي نفذها الطيران الحربي المعادي,قصف وغارات,النبطيه الفوقا,1153,نبطية الفوقا,none,1,DUPLICATE_OF_NEWS,,,636e9cec-4223-467a-a7bd-d3c52721a299;87cf6aaa-fc00-4ba0-8b23-febba4b02124;ef421a0d-22fe-4cbd-a495-38bc671fc6ff;f0ebd415-639a-4bb7-86d6-f3e80b49516f;f7f39326-1e97-4e67-89d7-0b82a958b4b7;447a66ac-8376-4630-8c1d-ada66f2aae79;11624631-30b1-48a4-9c4a-6da2d0082fa4;7fe477c6-5ca6-4429-8388-7a961a406a71;848cc71d-83d2-455a-bc58-d179e5624eff;ecdaec70-be88-4f23-a2b4-f26b2bf2bfe1;b8d8dad2-b5d1-412d-be21-b99ba7454d3b;06d07ee4-86b2-4ff4-8db9-2b1710feab10;f3f10333-41a1-4157-ab85-fd7384a7e754;d007b9c4-f75e-4891-b9e4-0126434dbf85;7695149e-2e06-4f49-b027-221b705f780c;869578d3-386a-489f-980d-f1716909e4db;cc29cffa-dd12-451a-b371-adea90069b76;1e1260c6-6ec9-4f68-8a8b-b6442d33775b;b3f182ca-0f6d-4904-ba97-e3b3889691b5,,221
30312,mehwaralmokawma,2026-09-06,2026-09-06 00:00:00+03:00,2026-09-06 23:57:25+03:00,الغارات التي نفذها الطيران الحربي المعادي,قصف وغارات,عربصاليم,118,عرب صاليم,none,1,DUPLICATE_OF_NEWS,,,6a95eabf-8d82-4926-a9ac-dd237bf54318;28ccc77a-c067-4ed1-9e17-99dda82b73ef;fbec6690-4569-4913-bfbb-797de5cae9fd;fdd35f95-9a80-4596-bb89-3eef0ab4c6d7;b9c2759b-6744-41bc-aba6-6d029ea45ec5;aa8f5668-5494-4b74-83d4-27e0d8d7b782;70f53b7e-9ad1-42a0-82c5-9c535686808a;95138c74-279b-4326-acd9-95046800b1e7;bdf5e3bd-b46b-49b6-b029-5c3f9bed403b;2d19c8a1-957f-4a61-b0fe-ed37fbbf740f,,206
30312,mehwaralmokawma,2026-09-06,2026-09-06 00:00:00+03:00,2026-09-06 23:57:25+03:00,الغارات التي نفذها الطيران الحربي المعادي,قصف وغارات,القنطره,1228,قنطرة,none,1,DUPLICATE_OF_NEWS,,,3094610f-c707-40e1-bdf2-eec96554631c;10bafe93-cd5d-42d6-88d7-63b678015ba2;a94ea2d1-d189-43dc-ba71-04957513302e;c3db77aa-9eef-44c0-8add-35d79ad9b223,,1466
30312,mehwaralmokawma,2026-09-06,2026-09-06 00:00:00+03:00,2026-09-06 23:57:25+03:00,الغارات التي نفذها الطيران الحربي المعادي,قصف وغارات,وادي زبقين,1523,زبقين,none,1,DUPLICATE_OF_NEWS,,,c472ee41-f82a-4228-8f33-739a0f956a83;d9fc2663-08fd-4994-8ef2-05085b83c328;4091f7b2-7233-4165-b963-47aa3684de1a,,149
30312,mehwaralmokawma,2026-09-06,2026-09-06 00:00:00+03:00,2026-09-06 23:57:25+03:00,الغارات التي نفذها الطيران المسير المعادي,قصف وغارات,بين شوكين و النبطيه الفوقا,452,شوكين,between,1,DUPLICATE_OF_NEWS,,,636e9cec-4223-467a-a7bd-d3c52721a299;87cf6aaa-fc00-4ba0-8b23-febba4b02124;ef421a0d-22fe-4cbd-a495-38bc671fc6ff;f0ebd415-639a-4bb7-86d6-f3e80b49516f;f7f39326-1e97-4e67-89d7-0b82a958b4b7;447a66ac-8376-4630-8c1d-ada66f2aae79;11624631-30b1-48a4-9c4a-6da2d0082fa4;7fe477c6-5ca6-4429-8388-7a961a406a71;848cc71d-83d2-455a-bc58-d179e5624eff;ecdaec70-be88-4f23-a2b4-f26b2bf2bfe1;b8d8dad2-b5d1-412d-be21-b99ba7454d3b;06d07ee4-86b2-4ff4-8db9-2b1710feab10;f3f10333-41a1-4157-ab85-fd7384a7e754;d007b9c4-f75e-4891-b9e4-0126434dbf85;7695149e-2e06-4f49-b027-221b705f780c;869578d3-386a-489f-980d-f1716909e4db;cc29cffa-dd12-451a-b371-adea90069b76;1e1260c6-6ec9-4f68-8a8b-b6442d33775b;b3f182ca-0f6d-4904-ba97-e3b3889691b5,,221
30312,mehwaralmokawma,2026-09-06,2026-09-06 00:00:00+03:00,2026-09-06 23:57:25+03:00,القصف المدفعي المعادي,قصف مدفعي,وادي الحجير,1219,قبريخا,none,1,NOT_IN_INCIDENTS,NEWS_WRONG_VILLAGE,سلوقي; وادي الدير; وادي الست,,30190;30190;29480;29480,
30312,mehwaralmokawma,2026-09-06,2026-09-06 00:00:00+03:00,2026-09-06 23:57:25+03:00,القصف المدفعي المعادي,قصف مدفعي,وادي السلوقي,1464,تولين,none,1,NOT_IN_INCIDENTS,NEWS_FAILED,error,,29869;30457;31815,
30312,mehwaralmokawma,2026-09-06,2026-09-06 00:00:00+03:00,2026-09-06 23:57:25+03:00,القصف المدفعي المعادي,قصف مدفعي,دوحه كفررمان,851,كفر رمان,none,1,DUPLICATE_OF_NEWS,,,11e8887c-1b2a-4172-97b5-944a4427faac;2db427ad-d8cf-4527-acc3-6b60b4767575;54568787-a033-4df1-9966-2a8fcd8c41e3;5c69a830-1805-4064-a7d6-d6127f767d52;67de2d4e-527c-4697-b001-5328982014e8;7d6d1275-61d3-4acb-b55f-0419d24e0e2d;d37d9251-f1be-4591-aaa9-b977fe2b9783;1be76437-328b-46e7-8891-2d77cdb2b8e8;f88a14c9-3d3e-4a40-ad4e-64705cd0eb6e;73264411-53ec-4e38-9b16-6597efe4fac7,,94
30312,mehwaralmokawma,2026-09-06,2026-09-06 00:00:00+03:00,2026-09-06 23:57:25+03:00,القصف المدفعي المعادي,قصف مدفعي,برعشيت,207,برعشيت,none,1,DUPLICATE_OF_NEWS,,,4b523544-d93a-4ac7-8044-fdad0622ec31,,76
30312,mehwaralmokawma,2026-09-06,2026-09-06 00:00:00+03:00,2026-09-06 23:57:25+03:00,القصف المدفعي المعادي,قصف مدفعي,النبطيه الفوقا,1153,نبطية الفوقا,none,1,DUPLICATE_OF_NEWS,,,65eabafa-5322-493d-9928-6a35653e7d7c,,948
30312,mehwaralmokawma,2026-09-06,2026-09-06 00:00:00+03:00,2026-09-06 23:57:25+03:00,القصف المدفعي المعادي,قصف مدفعي,المنصوري,976,المنصوري,none,1,DUPLICATE_OF_NEWS,,,3b05f738-a646-4f43-a4f4-b68dd26d7589;fcbedaa7-5c62-470a-8543-7e3688b3dc2a;dea9e777-1c3f-4c6d-9d8a-c9d52df1365d;65204838-de26-4055-9514-6b5b7dbc15ab;553fd589-4488-4af0-aeb9-8d1b56272bf6;6f48899a-21c6-4398-9338-b46bb72cd286;7dca929b-b2a8-4608-8aca-93809204486e;919ff2ec-afef-4a56-85bb-7618dbfa88d8;5cb29a21-9147-4568-96e3-77fb07eb47bb,,195
30312,mehwaralmokawma,2026-09-06,2026-09-06 00:00:00+03:00,2026-09-06 23:57:25+03:00,القصف المدفعي المعادي,قصف مدفعي,حرش كونين,919,كونين,none,1,DUPLICATE_OF_NEWS,,,2a2b3b93-b6b6-41a7-bc3b-851840680295;0b84092d-5663-4864-bcf6-52eb32b33965,,838
30312,mehwaralmokawma,2026-09-06,2026-09-06 00:00:00+03:00,2026-09-06 23:57:25+03:00,القصف المدفعي المعادي,قصف مدفعي,زوطر الشرقيه,1519,زوطر الشرقية,none,1,DUPLICATE_OF_NEWS,,,06df51b4-cedd-48a5-bcd8-c1e63f69f0dc;ed3e9f9c-4a96-4dc8-a633-e716004a57ed,,725
30312,mehwaralmokawma,2026-09-06,2026-09-06 00:00:00+03:00,2026-09-06 23:57:25+03:00,القصف المدفعي المعادي,قصف مدفعي,عيترون,77,عيترون,none,1,DUPLICATE_OF_NEWS,,,9c733c93-86e6-490b-870c-8ab30f468476;8481f37b-8a0b-4696-9bf3-3ca20a8d1b4a,,721
30312,mehwaralmokawma,2026-09-06,2026-09-06 00:00:00+03:00,2026-09-06 23:57:25+03:00,القصف المدفعي المعادي,قصف مدفعي,بين الحنيه و المنصوري,678,حنية,between,1,DUPLICATE_OF_NEWS,,,3b05f738-a646-4f43-a4f4-b68dd26d7589;fcbedaa7-5c62-470a-8543-7e3688b3dc2a;dea9e777-1c3f-4c6d-9d8a-c9d52df1365d;65204838-de26-4055-9514-6b5b7dbc15ab;553fd589-4488-4af0-aeb9-8d1b56272bf6;6f48899a-21c6-4398-9338-b46bb72cd286;7dca929b-b2a8-4608-8aca-93809204486e;919ff2ec-afef-4a56-85bb-7618dbfa88d8;5cb29a21-9147-4568-96e3-77fb07eb47bb,,195
30312,mehwaralmokawma,2026-09-06,2026-09-06 00:00:00+03:00,2026-09-06 23:57:25+03:00,القصف المدفعي المعادي,قصف مدفعي,حداثا,601,حداثا,none,1,NOT_IN_INCIDENTS,NEWS_FAILED,error,,30533,
30312,mehwaralmokawma,2026-09-06,2026-09-06 00:00:00+03:00,2026-09-06 23:57:25+03:00,القصف المدفعي المعادي,قصف مدفعي,بيت ياحون,273,بيت ياحون,none,1,DUPLICATE_OF_NEWS,,,5f94881b-7403-49b8-8215-b7de26836d2e,,340
30312,mehwaralmokawma,2026-09-06,2026-09-06 00:00:00+03:00,2026-09-06 23:57:25+03:00,القصف المدفعي المعادي,قصف مدفعي,وادي زبقين,1523,زبقين,none,1,DUPLICATE_OF_NEWS,,,35310518-9678-46d8-b8f8-76869297c365;6272357a-74b6-401c-a7ba-64b79a5133d9,,291
30312,mehwaralmokawma,2026-09-06,2026-09-06 00:00:00+03:00,2026-09-06 23:57:25+03:00,التفجيرات التي نفذها العدو في البلدات الجنوبيه,تلغيم وتفجير,المنصوري,976,المنصوري,none,1,DUPLICATE_OF_NEWS,,,97fae041-44a0-41f3-84bb-54baaa296a04;934844d6-b50e-4309-8680-07a544bfe861;09881bda-af7c-4488-9f4a-cb8e299b9c00,,149
30312,mehwaralmokawma,2026-09-06,2026-09-06 00:00:00+03:00,2026-09-06 23:57:25+03:00,التفجيرات التي نفذها العدو في البلدات الجنوبيه,تلغيم وتفجير,زوطر الشرقيه,1519,زوطر الشرقية,none,1,SAME_VILLAGE_OTHER_ACTION,قصف مدفعي; قصف وغارات,,,,
30312,mehwaralmokawma,2026-09-06,2026-09-06 00:00:00+03:00,2026-09-06 23:57:25+03:00,التفجيرات التي نفذها العدو في البلدات الجنوبيه,تلغيم وتفجير,كفرتبنيت,857,كفر تبنيت,none,1,DUPLICATE_OF_NEWS,,,e1224bd4-100b-41e0-99ef-f64781bac5b8,,149
30312,mehwaralmokawma,2026-09-06,2026-09-06 00:00:00+03:00,2026-09-06 23:57:25+03:00,التفجيرات التي نفذها العدو في البلدات الجنوبيه,تلغيم وتفجير,وادي السلوقي,1464,تولين,none,1,NOT_IN_INCIDENTS,NEWS_FAILED,error,,29869;30457;31815,
30312,mehwaralmokawma,2026-09-06,2026-09-06 00:00:00+03:00,2026-09-06 23:57:25+03:00,التفجيرات التي نفذها العدو في البلدات الجنوبيه,تلغيم وتفجير,عيترون,77,عيترون,none,1,SAME_VILLAGE_OTHER_ACTION,قصف مدفعي; قصف وغارات,,,,
30312,mehwaralmokawma,2026-09-06,2026-09-06 00:00:00+03:00,2026-09-06 23:57:25+03:00,غالونات متفجره,تلغيم وتفجير,حرش علي الطاهر,87,علي الطاهر,none,1,DUPLICATE_OF_NEWS,,,2da4a570-c7cc-4d4b-8f59-31e0bbe62df5,,223
30362,nabatiehchannel,2026-09-06,2026-09-06 00:00:00+03:00,2026-09-07 00:00:00+03:00,الغارات التي نفذها الطيران الحربي المعادي,قصف وغارات,كفررمان,851,كفر رمان,none,1,DUPLICATE_OF_NEWS,,,84be417a-02f2-45b6-a340-48b9c2f895c5;0c5279cf-183a-4cea-86e9-73763fd8627d;9fbfff02-59ae-4206-8ab7-92f502772ece;3eec8de4-55e5-41a0-89a1-cc183e1721c9;b3a1de1b-e697-48ca-bbca-055f5b467d62;5fe9cbd4-e012-436c-be7d-692809a87b94;e6163789-c11d-4854-9940-eed056928bd7;a613f05e-5d52-4b5a-bcb4-5398fa2123cd;3a88eddf-2fc2-49fc-8437-671703801278;00b8c1cf-0a6e-4984-a18e-a8d4b8b319aa,,89
30362,nabatiehchannel,2026-09-06,2026-09-06 00:00:00+03:00,2026-09-07 00:00:00+03:00,الغارات التي نفذها الطيران الحربي المعادي,قصف وغارات,النبطيه,1152,نبطية التحتا,none,1,DUPLICATE_OF_NEWS,,,0b0e4a71-4e1d-45ff-9b02-016bde47b663;10fbab84-11a3-4990-8608-7e8e7cc73725;d2f700fc-f736-4f52-a66b-9eeb995f9215;50c727e8-7cd8-4972-b26b-4e8d62bf9db6;9d61f18b-ffed-4af9-8361-ef09f5f42eb2,,244
30362,nabatiehchannel,2026-09-06,2026-09-06 00:00:00+03:00,2026-09-07 00:00:00+03:00,الغارات التي نفذها الطيران الحربي المعادي,قصف وغارات,النبطيه الفوقا,1153,نبطية الفوقا,none,1,DUPLICATE_OF_NEWS,,,636e9cec-4223-467a-a7bd-d3c52721a299;87cf6aaa-fc00-4ba0-8b23-febba4b02124;ef421a0d-22fe-4cbd-a495-38bc671fc6ff;f0ebd415-639a-4bb7-86d6-f3e80b49516f;f7f39326-1e97-4e67-89d7-0b82a958b4b7;447a66ac-8376-4630-8c1d-ada66f2aae79;11624631-30b1-48a4-9c4a-6da2d0082fa4;7fe477c6-5ca6-4429-8388-7a961a406a71;848cc71d-83d2-455a-bc58-d179e5624eff;ecdaec70-be88-4f23-a2b4-f26b2bf2bfe1;b8d8dad2-b5d1-412d-be21-b99ba7454d3b;06d07ee4-86b2-4ff4-8db9-2b1710feab10;f3f10333-41a1-4157-ab85-fd7384a7e754;d007b9c4-f75e-4891-b9e4-0126434dbf85;7695149e-2e06-4f49-b027-221b705f780c;869578d3-386a-489f-980d-f1716909e4db;cc29cffa-dd12-451a-b371-adea90069b76;1e1260c6-6ec9-4f68-8a8b-b6442d33775b;b3f182ca-0f6d-4904-ba97-e3b3889691b5,,226
30362,nabatiehchannel,2026-09-06,2026-09-06 00:00:00+03:00,2026-09-07 00:00:00+03:00,الغارات التي نفذها الطيران الحربي المعادي,قصف وغارات,عربصاليم,118,عرب صاليم,none,1,DUPLICATE_OF_NEWS,,,6a95eabf-8d82-4926-a9ac-dd237bf54318;28ccc77a-c067-4ed1-9e17-99dda82b73ef;fbec6690-4569-4913-bfbb-797de5cae9fd;fdd35f95-9a80-4596-bb89-3eef0ab4c6d7;b9c2759b-6744-41bc-aba6-6d029ea45ec5;aa8f5668-5494-4b74-83d4-27e0d8d7b782;70f53b7e-9ad1-42a0-82c5-9c535686808a;95138c74-279b-4326-acd9-95046800b1e7;bdf5e3bd-b46b-49b6-b029-5c3f9bed403b;2d19c8a1-957f-4a61-b0fe-ed37fbbf740f,,211
30362,nabatiehchannel,2026-09-06,2026-09-06 00:00:00+03:00,2026-09-07 00:00:00+03:00,الغارات التي نفذها الطيران الحربي المعادي,قصف وغارات,القنطره,1228,قنطرة,none,1,DUPLICATE_OF_NEWS,,,3094610f-c707-40e1-bdf2-eec96554631c;10bafe93-cd5d-42d6-88d7-63b678015ba2;a94ea2d1-d189-43dc-ba71-04957513302e;c3db77aa-9eef-44c0-8add-35d79ad9b223,,1471
30362,nabatiehchannel,2026-09-06,2026-09-06 00:00:00+03:00,2026-09-07 00:00:00+03:00,الغارات التي نفذها الطيران الحربي المعادي,قصف وغارات,وادي زبقين,1523,زبقين,none,1,DUPLICATE_OF_NEWS,,,c472ee41-f82a-4228-8f33-739a0f956a83;d9fc2663-08fd-4994-8ef2-05085b83c328;4091f7b2-7233-4165-b963-47aa3684de1a,,154
30362,nabatiehchannel,2026-09-06,2026-09-06 00:00:00+03:00,2026-09-07 00:00:00+03:00,الغارات التي نفذها الطيران المسير المعادي,قصف وغارات,بين شوكين و النبطيه الفوقا,452,شوكين,between,1,DUPLICATE_OF_NEWS,,,636e9cec-4223-467a-a7bd-d3c52721a299;87cf6aaa-fc00-4ba0-8b23-febba4b02124;ef421a0d-22fe-4cbd-a495-38bc671fc6ff;f0ebd415-639a-4bb7-86d6-f3e80b49516f;f7f39326-1e97-4e67-89d7-0b82a958b4b7;447a66ac-8376-4630-8c1d-ada66f2aae79;11624631-30b1-48a4-9c4a-6da2d0082fa4;7fe477c6-5ca6-4429-8388-7a961a406a71;848cc71d-83d2-455a-bc58-d179e5624eff;ecdaec70-be88-4f23-a2b4-f26b2bf2bfe1;b8d8dad2-b5d1-412d-be21-b99ba7454d3b;06d07ee4-86b2-4ff4-8db9-2b1710feab10;f3f10333-41a1-4157-ab85-fd7384a7e754;d007b9c4-f75e-4891-b9e4-0126434dbf85;7695149e-2e06-4f49-b027-221b705f780c;869578d3-386a-489f-980d-f1716909e4db;cc29cffa-dd12-451a-b371-adea90069b76;1e1260c6-6ec9-4f68-8a8b-b6442d33775b;b3f182ca-0f6d-4904-ba97-e3b3889691b5,,226
30362,nabatiehchannel,2026-09-06,2026-09-06 00:00:00+03:00,2026-09-07 00:00:00+03:00,القصف المدفعي المعادي,قصف مدفعي,وادي الحجير,1219,قبريخا,none,1,NOT_IN_INCIDENTS,NEWS_WRONG_VILLAGE,سلوقي; وادي الدير; وادي الست,,30190;30190;29480;29480,
30362,nabatiehchannel,2026-09-06,2026-09-06 00:00:00+03:00,2026-09-07 00:00:00+03:00,القصف المدفعي المعادي,قصف مدفعي,وادي السلوقي,1464,تولين,none,1,NOT_IN_INCIDENTS,NEWS_FAILED,error,,29869;30457;31815,
30362,nabatiehchannel,2026-09-06,2026-09-06 00:00:00+03:00,2026-09-07 00:00:00+03:00,القصف المدفعي المعادي,قصف مدفعي,دوحه كفررمان,851,كفر رمان,none,1,DUPLICATE_OF_NEWS,,,11e8887c-1b2a-4172-97b5-944a4427faac;2db427ad-d8cf-4527-acc3-6b60b4767575;54568787-a033-4df1-9966-2a8fcd8c41e3;5c69a830-1805-4064-a7d6-d6127f767d52;67de2d4e-527c-4697-b001-5328982014e8;7d6d1275-61d3-4acb-b55f-0419d24e0e2d;d37d9251-f1be-4591-aaa9-b977fe2b9783;1be76437-328b-46e7-8891-2d77cdb2b8e8;f88a14c9-3d3e-4a40-ad4e-64705cd0eb6e;73264411-53ec-4e38-9b16-6597efe4fac7,,100
30362,nabatiehchannel,2026-09-06,2026-09-06 00:00:00+03:00,2026-09-07 00:00:00+03:00,القصف المدفعي المعادي,قصف مدفعي,برعشيت,207,برعشيت,none,1,DUPLICATE_OF_NEWS,,,4b523544-d93a-4ac7-8044-fdad0622ec31,,82
30362,nabatiehchannel,2026-09-06,2026-09-06 00:00:00+03:00,2026-09-07 00:00:00+03:00,القصف المدفعي المعادي,قصف مدفعي,النبطيه الفوقا,1153,نبطية الفوقا,none,1,DUPLICATE_OF_NEWS,,,65eabafa-5322-493d-9928-6a35653e7d7c,,954
30362,nabatiehchannel,2026-09-06,2026-09-06 00:00:00+03:00,2026-09-07 00:00:00+03:00,القصف المدفعي المعادي,قصف مدفعي,المنصوري,976,المنصوري,none,1,DUPLICATE_OF_NEWS,,,3b05f738-a646-4f43-a4f4-b68dd26d7589;fcbedaa7-5c62-470a-8543-7e3688b3dc2a;dea9e777-1c3f-4c6d-9d8a-c9d52df1365d;65204838-de26-4055-9514-6b5b7dbc15ab;553fd589-4488-4af0-aeb9-8d1b56272bf6;6f48899a-21c6-4398-9338-b46bb72cd286;7dca929b-b2a8-4608-8aca-93809204486e;919ff2ec-afef-4a56-85bb-7618dbfa88d8;5cb29a21-9147-4568-96e3-77fb07eb47bb,,201
30362,nabatiehchannel,2026-09-06,2026-09-06 00:00:00+03:00,2026-09-07 00:00:00+03:00,القصف المدفعي المعادي,قصف مدفعي,حرش كونين,919,كونين,none,1,DUPLICATE_OF_NEWS,,,2a2b3b93-b6b6-41a7-bc3b-851840680295;0b84092d-5663-4864-bcf6-52eb32b33965,,844
30362,nabatiehchannel,2026-09-06,2026-09-06 00:00:00+03:00,2026-09-07 00:00:00+03:00,القصف المدفعي المعادي,قصف مدفعي,زوطر الشرقيه,1519,زوطر الشرقية,none,1,DUPLICATE_OF_NEWS,,,06df51b4-cedd-48a5-bcd8-c1e63f69f0dc;ed3e9f9c-4a96-4dc8-a633-e716004a57ed,,730
30362,nabatiehchannel,2026-09-06,2026-09-06 00:00:00+03:00,2026-09-07 00:00:00+03:00,القصف المدفعي المعادي,قصف مدفعي,عيترون,77,عيترون,none,1,DUPLICATE_OF_NEWS,,,9c733c93-86e6-490b-870c-8ab30f468476;8481f37b-8a0b-4696-9bf3-3ca20a8d1b4a,,727
30362,nabatiehchannel,2026-09-06,2026-09-06 00:00:00+03:00,2026-09-07 00:00:00+03:00,القصف المدفعي المعادي,قصف مدفعي,بين الحنيه و المنصوري,678,حنية,between,1,DUPLICATE_OF_NEWS,,,3b05f738-a646-4f43-a4f4-b68dd26d7589;fcbedaa7-5c62-470a-8543-7e3688b3dc2a;dea9e777-1c3f-4c6d-9d8a-c9d52df1365d;65204838-de26-4055-9514-6b5b7dbc15ab;553fd589-4488-4af0-aeb9-8d1b56272bf6;6f48899a-21c6-4398-9338-b46bb72cd286;7dca929b-b2a8-4608-8aca-93809204486e;919ff2ec-afef-4a56-85bb-7618dbfa88d8;5cb29a21-9147-4568-96e3-77fb07eb47bb,,201
30362,nabatiehchannel,2026-09-06,2026-09-06 00:00:00+03:00,2026-09-07 00:00:00+03:00,القصف المدفعي المعادي,قصف مدفعي,حداثا,601,حداثا,none,1,NOT_IN_INCIDENTS,NEWS_FAILED,error,,30533,
30362,nabatiehchannel,2026-09-06,2026-09-06 00:00:00+03:00,2026-09-07 00:00:00+03:00,القصف المدفعي المعادي,قصف مدفعي,بيت ياحون,273,بيت ياحون,none,1,DUPLICATE_OF_NEWS,,,5f94881b-7403-49b8-8215-b7de26836d2e,,345
30362,nabatiehchannel,2026-09-06,2026-09-06 00:00:00+03:00,2026-09-07 00:00:00+03:00,القصف المدفعي المعادي,قصف مدفعي,وادي زبقين,1523,زبقين,none,1,DUPLICATE_OF_NEWS,,,35310518-9678-46d8-b8f8-76869297c365;6272357a-74b6-401c-a7ba-64b79a5133d9,,297
30362,nabatiehchannel,2026-09-06,2026-09-06 00:00:00+03:00,2026-09-07 00:00:00+03:00,التفجيرات التي نفذها العدو في البلدات الجنوبيه,تلغيم وتفجير,المنصوري,976,المنصوري,none,1,DUPLICATE_OF_NEWS,,,97fae041-44a0-41f3-84bb-54baaa296a04;934844d6-b50e-4309-8680-07a544bfe861;09881bda-af7c-4488-9f4a-cb8e299b9c00,,154
30362,nabatiehchannel,2026-09-06,2026-09-06 00:00:00+03:00,2026-09-07 00:00:00+03:00,التفجيرات التي نفذها العدو في البلدات الجنوبيه,تلغيم وتفجير,زوطر الشرقيه,1519,زوطر الشرقية,none,1,SAME_VILLAGE_OTHER_ACTION,قصف مدفعي; قصف وغارات,,,,
30362,nabatiehchannel,2026-09-06,2026-09-06 00:00:00+03:00,2026-09-07 00:00:00+03:00,التفجيرات التي نفذها العدو في البلدات الجنوبيه,تلغيم وتفجير,كفرتبنيت,857,كفر تبنيت,none,1,DUPLICATE_OF_NEWS,,,e1224bd4-100b-41e0-99ef-f64781bac5b8,,154
30362,nabatiehchannel,2026-09-06,2026-09-06 00:00:00+03:00,2026-09-07 00:00:00+03:00,التفجيرات التي نفذها العدو في البلدات الجنوبيه,تلغيم وتفجير,وادي السلوقي,1464,تولين,none,1,NOT_IN_INCIDENTS,NEWS_FAILED,error,,29869;30457;31815,
30362,nabatiehchannel,2026-09-06,2026-09-06 00:00:00+03:00,2026-09-07 00:00:00+03:00,التفجيرات التي نفذها العدو في البلدات الجنوبيه,تلغيم وتفجير,عيترون,77,عيترون,none,1,SAME_VILLAGE_OTHER_ACTION,قصف مدفعي; قصف وغارات,,,,
30362,nabatiehchannel,2026-09-06,2026-09-06 00:00:00+03:00,2026-09-07 00:00:00+03:00,غالونات متفجره,تلغيم وتفجير,حرش علي الطاهر,87,علي الطاهر,none,1,DUPLICATE_OF_NEWS,,,2da4a570-c7cc-4d4b-8f59-31e0bbe62df5,,229
30365,Janoubana,2026-09-06,2026-09-06 00:00:00+03:00,2026-09-07 00:00:00+03:00,الغارات التي نفذها الطيران الحربي المعادي,قصف وغارات,كفررمان,851,كفر رمان,none,1,DUPLICATE_OF_NEWS,,,84be417a-02f2-45b6-a340-48b9c2f895c5;0c5279cf-183a-4cea-86e9-73763fd8627d;9fbfff02-59ae-4206-8ab7-92f502772ece;3eec8de4-55e5-41a0-89a1-cc183e1721c9;b3a1de1b-e697-48ca-bbca-055f5b467d62;5fe9cbd4-e012-436c-be7d-692809a87b94;e6163789-c11d-4854-9940-eed056928bd7;a613f05e-5d52-4b5a-bcb4-5398fa2123cd;3a88eddf-2fc2-49fc-8437-671703801278;00b8c1cf-0a6e-4984-a18e-a8d4b8b319aa,,99
30365,Janoubana,2026-09-06,2026-09-06 00:00:00+03:00,2026-09-07 00:00:00+03:00,الغارات التي نفذها الطيران الحربي المعادي,قصف وغارات,النبطيه,1152,نبطية التحتا,none,1,DUPLICATE_OF_NEWS,,,0b0e4a71-4e1d-45ff-9b02-016bde47b663;10fbab84-11a3-4990-8608-7e8e7cc73725;d2f700fc-f736-4f52-a66b-9eeb995f9215;50c727e8-7cd8-4972-b26b-4e8d62bf9db6;9d61f18b-ffed-4af9-8361-ef09f5f42eb2,,254
30365,Janoubana,2026-09-06,2026-09-06 00:00:00+03:00,2026-09-07 00:00:00+03:00,الغارات التي نفذها الطيران الحربي المعادي,قصف وغارات,النبطيه الفوقا,1153,نبطية الفوقا,none,1,DUPLICATE_OF_NEWS,,,636e9cec-4223-467a-a7bd-d3c52721a299;87cf6aaa-fc00-4ba0-8b23-febba4b02124;ef421a0d-22fe-4cbd-a495-38bc671fc6ff;f0ebd415-639a-4bb7-86d6-f3e80b49516f;f7f39326-1e97-4e67-89d7-0b82a958b4b7;447a66ac-8376-4630-8c1d-ada66f2aae79;11624631-30b1-48a4-9c4a-6da2d0082fa4;7fe477c6-5ca6-4429-8388-7a961a406a71;848cc71d-83d2-455a-bc58-d179e5624eff;ecdaec70-be88-4f23-a2b4-f26b2bf2bfe1;b8d8dad2-b5d1-412d-be21-b99ba7454d3b;06d07ee4-86b2-4ff4-8db9-2b1710feab10;f3f10333-41a1-4157-ab85-fd7384a7e754;d007b9c4-f75e-4891-b9e4-0126434dbf85;7695149e-2e06-4f49-b027-221b705f780c;869578d3-386a-489f-980d-f1716909e4db;cc29cffa-dd12-451a-b371-adea90069b76;1e1260c6-6ec9-4f68-8a8b-b6442d33775b;b3f182ca-0f6d-4904-ba97-e3b3889691b5,,237
30365,Janoubana,2026-09-06,2026-09-06 00:00:00+03:00,2026-09-07 00:00:00+03:00,الغارات التي نفذها الطيران الحربي المعادي,قصف وغارات,عربصاليم,118,عرب صاليم,none,1,DUPLICATE_OF_NEWS,,,6a95eabf-8d82-4926-a9ac-dd237bf54318;28ccc77a-c067-4ed1-9e17-99dda82b73ef;fbec6690-4569-4913-bfbb-797de5cae9fd;fdd35f95-9a80-4596-bb89-3eef0ab4c6d7;b9c2759b-6744-41bc-aba6-6d029ea45ec5;aa8f5668-5494-4b74-83d4-27e0d8d7b782;70f53b7e-9ad1-42a0-82c5-9c535686808a;95138c74-279b-4326-acd9-95046800b1e7;bdf5e3bd-b46b-49b6-b029-5c3f9bed403b;2d19c8a1-957f-4a61-b0fe-ed37fbbf740f,,222
30365,Janoubana,2026-09-06,2026-09-06 00:00:00+03:00,2026-09-07 00:00:00+03:00,الغارات التي نفذها الطيران الحربي المعادي,قصف وغارات,القنطره,1228,قنطرة,none,1,DUPLICATE_OF_NEWS,,,3094610f-c707-40e1-bdf2-eec96554631c;10bafe93-cd5d-42d6-88d7-63b678015ba2;a94ea2d1-d189-43dc-ba71-04957513302e;c3db77aa-9eef-44c0-8add-35d79ad9b223,,1482
30365,Janoubana,2026-09-06,2026-09-06 00:00:00+03:00,2026-09-07 00:00:00+03:00,الغارات التي نفذها الطيران الحربي المعادي,قصف وغارات,وادي زبقين,1523,زبقين,none,1,DUPLICATE_OF_NEWS,,,c472ee41-f82a-4228-8f33-739a0f956a83;d9fc2663-08fd-4994-8ef2-05085b83c328;4091f7b2-7233-4165-b963-47aa3684de1a,,165
30365,Janoubana,2026-09-06,2026-09-06 00:00:00+03:00,2026-09-07 00:00:00+03:00,الغارات التي نفذها الطيران المسير المعادي,قصف وغارات,بين شوكين و النبطيه الفوقا,452,شوكين,between,1,DUPLICATE_OF_NEWS,,,636e9cec-4223-467a-a7bd-d3c52721a299;87cf6aaa-fc00-4ba0-8b23-febba4b02124;ef421a0d-22fe-4cbd-a495-38bc671fc6ff;f0ebd415-639a-4bb7-86d6-f3e80b49516f;f7f39326-1e97-4e67-89d7-0b82a958b4b7;447a66ac-8376-4630-8c1d-ada66f2aae79;11624631-30b1-48a4-9c4a-6da2d0082fa4;7fe477c6-5ca6-4429-8388-7a961a406a71;848cc71d-83d2-455a-bc58-d179e5624eff;ecdaec70-be88-4f23-a2b4-f26b2bf2bfe1;b8d8dad2-b5d1-412d-be21-b99ba7454d3b;06d07ee4-86b2-4ff4-8db9-2b1710feab10;f3f10333-41a1-4157-ab85-fd7384a7e754;d007b9c4-f75e-4891-b9e4-0126434dbf85;7695149e-2e06-4f49-b027-221b705f780c;869578d3-386a-489f-980d-f1716909e4db;cc29cffa-dd12-451a-b371-adea90069b76;1e1260c6-6ec9-4f68-8a8b-b6442d33775b;b3f182ca-0f6d-4904-ba97-e3b3889691b5,,237
30365,Janoubana,2026-09-06,2026-09-06 00:00:00+03:00,2026-09-07 00:00:00+03:00,القصف المدفعي المعادي,قصف مدفعي,وادي الحجير,1219,قبريخا,none,1,NOT_IN_INCIDENTS,NEWS_WRONG_VILLAGE,سلوقي; وادي الدير; وادي الست,,30190;30190;29480;29480,
30365,Janoubana,2026-09-06,2026-09-06 00:00:00+03:00,2026-09-07 00:00:00+03:00,القصف المدفعي المعادي,قصف مدفعي,وادي السلوقي,1464,تولين,none,1,NOT_IN_INCIDENTS,NEWS_FAILED,error,,29869;30457;31815,
30365,Janoubana,2026-09-06,2026-09-06 00:00:00+03:00,2026-09-07 00:00:00+03:00,القصف المدفعي المعادي,قصف مدفعي,دوحه كفررمان,851,كفر رمان,none,1,DUPLICATE_OF_NEWS,,,11e8887c-1b2a-4172-97b5-944a4427faac;2db427ad-d8cf-4527-acc3-6b60b4767575;54568787-a033-4df1-9966-2a8fcd8c41e3;5c69a830-1805-4064-a7d6-d6127f767d52;67de2d4e-527c-4697-b001-5328982014e8;7d6d1275-61d3-4acb-b55f-0419d24e0e2d;d37d9251-f1be-4591-aaa9-b977fe2b9783;1be76437-328b-46e7-8891-2d77cdb2b8e8;f88a14c9-3d3e-4a40-ad4e-64705cd0eb6e;73264411-53ec-4e38-9b16-6597efe4fac7,,110
30365,Janoubana,2026-09-06,2026-09-06 00:00:00+03:00,2026-09-07 00:00:00+03:00,القصف المدفعي المعادي,قصف مدفعي,برعشيت,207,برعشيت,none,1,DUPLICATE_OF_NEWS,,,4b523544-d93a-4ac7-8044-fdad0622ec31,,92
30365,Janoubana,2026-09-06,2026-09-06 00:00:00+03:00,2026-09-07 00:00:00+03:00,القصف المدفعي المعادي,قصف مدفعي,النبطيه الفوقا,1153,نبطية الفوقا,none,1,DUPLICATE_OF_NEWS,,,65eabafa-5322-493d-9928-6a35653e7d7c,,964
30365,Janoubana,2026-09-06,2026-09-06 00:00:00+03:00,2026-09-07 00:00:00+03:00,القصف المدفعي المعادي,قصف مدفعي,المنصوري,976,المنصوري,none,1,DUPLICATE_OF_NEWS,,,3b05f738-a646-4f43-a4f4-b68dd26d7589;fcbedaa7-5c62-470a-8543-7e3688b3dc2a;dea9e777-1c3f-4c6d-9d8a-c9d52df1365d;65204838-de26-4055-9514-6b5b7dbc15ab;553fd589-4488-4af0-aeb9-8d1b56272bf6;6f48899a-21c6-4398-9338-b46bb72cd286;7dca929b-b2a8-4608-8aca-93809204486e;919ff2ec-afef-4a56-85bb-7618dbfa88d8;5cb29a21-9147-4568-96e3-77fb07eb47bb,,211
30365,Janoubana,2026-09-06,2026-09-06 00:00:00+03:00,2026-09-07 00:00:00+03:00,القصف المدفعي المعادي,قصف مدفعي,حرش كونين,919,كونين,none,1,DUPLICATE_OF_NEWS,,,2a2b3b93-b6b6-41a7-bc3b-851840680295;0b84092d-5663-4864-bcf6-52eb32b33965,,854
30365,Janoubana,2026-09-06,2026-09-06 00:00:00+03:00,2026-09-07 00:00:00+03:00,القصف المدفعي المعادي,قصف مدفعي,زوطر الشرقيه,1519,زوطر الشرقية,none,1,DUPLICATE_OF_NEWS,,,06df51b4-cedd-48a5-bcd8-c1e63f69f0dc;ed3e9f9c-4a96-4dc8-a633-e716004a57ed,,741
30365,Janoubana,2026-09-06,2026-09-06 00:00:00+03:00,2026-09-07 00:00:00+03:00,القصف المدفعي المعادي,قصف مدفعي,عيترون,77,عيترون,none,1,DUPLICATE_OF_NEWS,,,9c733c93-86e6-490b-870c-8ab30f468476;8481f37b-8a0b-4696-9bf3-3ca20a8d1b4a,,737
30365,Janoubana,2026-09-06,2026-09-06 00:00:00+03:00,2026-09-07 00:00:00+03:00,القصف المدفعي المعادي,قصف مدفعي,بين الحنيه و المنصوري,678,حنية,between,1,DUPLICATE_OF_NEWS,,,3b05f738-a646-4f43-a4f4-b68dd26d7589;fcbedaa7-5c62-470a-8543-7e3688b3dc2a;dea9e777-1c3f-4c6d-9d8a-c9d52df1365d;65204838-de26-4055-9514-6b5b7dbc15ab;553fd589-4488-4af0-aeb9-8d1b56272bf6;6f48899a-21c6-4398-9338-b46bb72cd286;7dca929b-b2a8-4608-8aca-93809204486e;919ff2ec-afef-4a56-85bb-7618dbfa88d8;5cb29a21-9147-4568-96e3-77fb07eb47bb,,211
30365,Janoubana,2026-09-06,2026-09-06 00:00:00+03:00,2026-09-07 00:00:00+03:00,القصف المدفعي المعادي,قصف مدفعي,حداثا,601,حداثا,none,1,NOT_IN_INCIDENTS,NEWS_FAILED,error,,30533,
30365,Janoubana,2026-09-06,2026-09-06 00:00:00+03:00,2026-09-07 00:00:00+03:00,القصف المدفعي المعادي,قصف مدفعي,بيت ياحون,273,بيت ياحون,none,1,DUPLICATE_OF_NEWS,,,5f94881b-7403-49b8-8215-b7de26836d2e,,356
30365,Janoubana,2026-09-06,2026-09-06 00:00:00+03:00,2026-09-07 00:00:00+03:00,القصف المدفعي المعادي,قصف مدفعي,وادي زبقين,1523,زبقين,none,1,DUPLICATE_OF_NEWS,,,35310518-9678-46d8-b8f8-76869297c365;6272357a-74b6-401c-a7ba-64b79a5133d9,,307
30365,Janoubana,2026-09-06,2026-09-06 00:00:00+03:00,2026-09-07 00:00:00+03:00,التفجيرات التي نفذها العدو في البلدات الجنوبيه,تلغيم وتفجير,المنصوري,976,المنصوري,none,1,DUPLICATE_OF_NEWS,,,97fae041-44a0-41f3-84bb-54baaa296a04;934844d6-b50e-4309-8680-07a544bfe861;09881bda-af7c-4488-9f4a-cb8e299b9c00,,165
30365,Janoubana,2026-09-06,2026-09-06 00:00:00+03:00,2026-09-07 00:00:00+03:00,التفجيرات التي نفذها العدو في البلدات الجنوبيه,تلغيم وتفجير,زوطر الشرقيه,1519,زوطر الشرقية,none,1,SAME_VILLAGE_OTHER_ACTION,قصف مدفعي; قصف وغارات,,,,
30365,Janoubana,2026-09-06,2026-09-06 00:00:00+03:00,2026-09-07 00:00:00+03:00,التفجيرات التي نفذها العدو في البلدات الجنوبيه,تلغيم وتفجير,كفرتبنيت,857,كفر تبنيت,none,1,DUPLICATE_OF_NEWS,,,e1224bd4-100b-41e0-99ef-f64781bac5b8,,165
30365,Janoubana,2026-09-06,2026-09-06 00:00:00+03:00,2026-09-07 00:00:00+03:00,التفجيرات التي نفذها العدو في البلدات الجنوبيه,تلغيم وتفجير,وادي السلوقي,1464,تولين,none,1,NOT_IN_INCIDENTS,NEWS_FAILED,error,,29869;30457;31815,
30365,Janoubana,2026-09-06,2026-09-06 00:00:00+03:00,2026-09-07 00:00:00+03:00,التفجيرات التي نفذها العدو في البلدات الجنوبيه,تلغيم وتفجير,عيترون,77,عيترون,none,1,SAME_VILLAGE_OTHER_ACTION,قصف مدفعي; قصف وغارات,,,,
30365,Janoubana,2026-09-06,2026-09-06 00:00:00+03:00,2026-09-07 00:00:00+03:00,غالونات متفجره,تلغيم وتفجير,حرش علي الطاهر,87,علي الطاهر,none,1,DUPLICATE_OF_NEWS,,,2da4a570-c7cc-4d4b-8f59-31e0bbe62df5,,239
31204,mehwaralmokawma,2026-09-07,2026-09-07 00:00:00+03:00,2026-09-07 03:31:46+03:00,- قصف مدفعي اسرائيلي طال,قصف مدفعي,جبل الرفيع عربصاليم مرتفع السويداء دوحه كفررمان النبطيه الفوقا,851,كفر رمان,none,1,DUPLICATE_OF_NEWS,,,406c9dc0-96ff-4c17-a9e7-fb4a234968b7,,140
31204,mehwaralmokawma,2026-09-07,2026-09-07 00:00:00+03:00,2026-09-07 03:31:46+03:00,- قصف مدفعي اسرائيلي طال,قصف مدفعي,جبل الرفيع عربصاليم مرتفع السويداء دوحه كفررمان النبطيه الفوقا,118,عرب صاليم,none,1,DUPLICATE_OF_NEWS,,,20b8eabc-732b-4a8b-89bf-83044b24775e,,140
31204,mehwaralmokawma,2026-09-07,2026-09-07 00:00:00+03:00,2026-09-07 03:31:46+03:00,- قصف مدفعي اسرائيلي طال,قصف مدفعي,جبل الرفيع عربصاليم مرتفع السويداء دوحه كفررمان النبطيه الفوقا | - غارتان استهدفتا النبطيه الفوقا,1153,نبطية الفوقا,none,1,SAME_VILLAGE_OTHER_ACTION,قصف وغارات,,,,
31204,mehwaralmokawma,2026-09-07,2026-09-07 00:00:00+03:00,2026-09-07 03:31:46+03:00,- قصف مدفعي اسرائيلي طال,تلغيم وتفجير,- تفجير في بلده زوطر الشرقيه,1519,زوطر الشرقية,none,1,SAME_VILLAGE_OTHER_ACTION,قصف وغارات,,,,
32489,alichoeib1970,2026-09-07,2026-09-07 00:00:00+03:00,2026-09-07 23:58:12+03:00,الغارات التي نفذها الطيران الحربي المعادي,قصف وغارات,جبل الرفيع | كفررمان,851,كفر رمان,none,1,DUPLICATE_OF_NEWS,,,8ee662bf-d73a-4751-88d7-6e4816136336;1a5b73de-fb96-4c4a-ae64-7f71b73c9a12;160037f3-72d3-4a1e-8a2f-0431f56a20c6;e6ee7bfa-3f45-4457-82cf-54d6cdda95a0;ace6f935-dc18-4736-a865-e1be2bcae214;a7d8a296-3be8-46f8-9328-f5bca76f8917;15477afa-51e2-49f4-a9b6-fbceafa1c95c;4b0a525e-070e-44c1-8fc9-dc64a5b3a3e3;b301b647-3f3d-415c-af52-e1c53775eef4;992c2478-ba70-446e-8f19-81e67cee1bec;3b290960-03a3-482e-97b6-cd8fc3e5d9cf;2c255b6b-875c-4f3e-bb2f-43c12918521e;711adf5b-5d46-4a5c-8e21-1554c7d975b1;82e75a13-a59d-4181-ad34-5c7b9284297d;b49e4019-fdfc-454a-8843-af5494caace0,,649
32489,alichoeib1970,2026-09-07,2026-09-07 00:00:00+03:00,2026-09-07 23:58:12+03:00,الغارات التي نفذها الطيران الحربي المعادي,قصف وغارات,دير الزهراني,506,دير الزهراني,none,1,DUPLICATE_OF_NEWS,,,2bfaee56-9d7a-47d0-8574-cb8e9399d9c9;3c1db7e5-b8c7-4f61-95b2-43e2af75efe1,,1104
32489,alichoeib1970,2026-09-07,2026-09-07 00:00:00+03:00,2026-09-07 23:58:12+03:00,الغارات التي نفذها الطيران الحربي المعادي,قصف وغارات,عربصاليم,118,عرب صاليم,none,1,DUPLICATE_OF_NEWS,,,e6cf9e6e-d258-435d-8c8e-adf046156575,,1284
32489,alichoeib1970,2026-09-07,2026-09-07 00:00:00+03:00,2026-09-07 23:58:12+03:00,الغارات التي نفذها الطيران الحربي المعادي,قصف وغارات,النبطيه الفوقا,1153,نبطية الفوقا,none,1,DUPLICATE_OF_NEWS,,,ff3f3596-6198-4812-8798-e42cc90f7689;f5bc5456-381b-4149-82e4-567746e763cf;8ce887a1-d07d-4d59-96a8-38563e43f3fd;08be2b9d-d0fd-44c5-80f4-b3bd0f4e86eb;329389b0-8e21-4a20-bb2f-b3a10ca1ae8f;a46bb191-a8bb-4c59-b193-960f42012727;d52ac033-e0d5-442a-9eff-cfa8a086b97d;053222d4-21c3-4a28-ab31-bae5a4b1549d;71d15ccc-e2e8-4984-a034-3e71d199e171,,637
32489,alichoeib1970,2026-09-07,2026-09-07 00:00:00+03:00,2026-09-07 23:58:12+03:00,الغارات التي نفذها الطيران الحربي المعادي,قصف وغارات,المنصوري,976,المنصوري,none,1,DUPLICATE_OF_NEWS,,,25087e66-dbbb-4a86-b278-4efaf47ea3c8;23e7e2a9-e72c-40be-a42b-596aa0a8aaf9,,636
32489,alichoeib1970,2026-09-07,2026-09-07 00:00:00+03:00,2026-09-07 23:58:12+03:00,الغارات التي نفذها الطيران الحربي المعادي,قصف وغارات,وادي السلوقي,1464,تولين,none,1,NOT_IN_INCIDENTS,NEWS_FAILED,error,,32798;32800,
32489,alichoeib1970,2026-09-07,2026-09-07 00:00:00+03:00,2026-09-07 23:58:12+03:00,الغارات التي نفذها الطيران المسير المعادي,قصف وغارات,النبطيه,1152,نبطية التحتا,none,1,DUPLICATE_OF_NEWS,,,214c9af1-cb2a-4066-a0b4-a5a04271ead8;26aec886-7c5d-46c4-93c3-7daa7667db5f,,112
32489,alichoeib1970,2026-09-07,2026-09-07 00:00:00+03:00,2026-09-07 23:58:12+03:00,القصف المدفعي المعادي,قصف مدفعي,دوحه كفررمان | جبل الرفيع | منطقه الدبشه,851,كفر رمان,none,1,DUPLICATE_OF_NEWS,,,406c9dc0-96ff-4c17-a9e7-fb4a234968b7,,1366
32489,alichoeib1970,2026-09-07,2026-09-07 00:00:00+03:00,2026-09-07 23:58:12+03:00,القصف المدفعي المعادي,قصف مدفعي,زوطر الشرقيه,1519,زوطر الشرقية,none,1,DUPLICATE_OF_NEWS,,,a161e804-70b2-4e10-ab09-515d4a8e2401,,959
32489,alichoeib1970,2026-09-07,2026-09-07 00:00:00+03:00,2026-09-07 23:58:12+03:00,القصف المدفعي المعادي,قصف مدفعي,المنصوري,976,المنصوري,none,1,DUPLICATE_OF_NEWS,,,6b10d8dd-247c-4447-b6ba-1ec5216cebef,,699
32489,alichoeib1970,2026-09-07,2026-09-07 00:00:00+03:00,2026-09-07 23:58:12+03:00,القصف المدفعي المعادي,قصف مدفعي,النبطيه الفوقا,1153,نبطية الفوقا,none,1,DUPLICATE_OF_NEWS,,,44f26eb7-fcf2-43c1-a7e8-dfeac1a5b06e;79d547e3-7cce-48f5-b73c-fe52d3630f06;c2283c38-72f2-48d7-b0a3-fb9ae39361d6;d09a2672-c914-4dea-a4d8-1ddcec392b2c;6a1cae80-9583-473d-a8f1-64e5a125b179,,623
32489,alichoeib1970,2026-09-07,2026-09-07 00:00:00+03:00,2026-09-07 23:58:12+03:00,التفجيرات التي نفذها العدو في البلدات الجنوبيه,تلغيم وتفجير,المنصوري,976,المنصوري,none,1,DUPLICATE_OF_NEWS,,,56c66ec6-7398-4e44-8508-865856f0d217;6390317a-3a46-42c1-825d-454898abc251;af9d331d-3b06-430f-bf71-26223cffe23b,,601
32489,alichoeib1970,2026-09-07,2026-09-07 00:00:00+03:00,2026-09-07 23:58:12+03:00,التفجيرات التي نفذها العدو في البلدات الجنوبيه,تلغيم وتفجير,كفرتبنيت,857,كفر تبنيت,none,1,SAME_VILLAGE_OTHER_ACTION,قصف وغارات,,,,
32489,alichoeib1970,2026-09-07,2026-09-07 00:00:00+03:00,2026-09-07 23:58:12+03:00,التفجيرات التي نفذها العدو في البلدات الجنوبيه,تلغيم وتفجير,زوطر الشرقيه,1519,زوطر الشرقية,none,1,SAME_VILLAGE_OTHER_ACTION,عملية تمشيط; قصف مدفعي; قصف وغارات,,,,
32489,alichoeib1970,2026-09-07,2026-09-07 00:00:00+03:00,2026-09-07 23:58:12+03:00,التفجيرات التي نفذها العدو في البلدات الجنوبيه,تلغيم وتفجير,بني حيان,205,بني حيان,none,1,SAME_VILLAGE_OTHER_ACTION,عملية تمشيط; قصف مدفعي; قنابل مضيئة وحارقة,,,,
32489,alichoeib1970,2026-09-07,2026-09-07 00:00:00+03:00,2026-09-07 23:58:12+03:00,التفجيرات التي نفذها العدو في البلدات الجنوبيه,تلغيم وتفجير,حولا,701,حولا,none,1,NOT_IN_INCIDENTS,NEWS_FAILED,error,,29198,
32489,alichoeib1970,2026-09-07,2026-09-07 00:00:00+03:00,2026-09-07 23:58:12+03:00,احراق منازل,احراق ممتلكات,طلوسه,1431,طلوسة,none,1,NOT_IN_INCIDENTS,NEWS_REJECTED,unspecified,,33771,
28592,sameralhajali,2026-09-07,2026-09-07 00:00:00+03:00,2026-09-07 23:59:08+03:00,الغارات التي نفذها الطيران الحربي المعادي,قصف وغارات,جبل الرفيع | كفررمان,851,كفر رمان,none,1,DUPLICATE_OF_NEWS,,,8ee662bf-d73a-4751-88d7-6e4816136336;1a5b73de-fb96-4c4a-ae64-7f71b73c9a12;160037f3-72d3-4a1e-8a2f-0431f56a20c6;e6ee7bfa-3f45-4457-82cf-54d6cdda95a0;ace6f935-dc18-4736-a865-e1be2bcae214;a7d8a296-3be8-46f8-9328-f5bca76f8917;15477afa-51e2-49f4-a9b6-fbceafa1c95c;4b0a525e-070e-44c1-8fc9-dc64a5b3a3e3;b301b647-3f3d-415c-af52-e1c53775eef4;992c2478-ba70-446e-8f19-81e67cee1bec;3b290960-03a3-482e-97b6-cd8fc3e5d9cf;2c255b6b-875c-4f3e-bb2f-43c12918521e;711adf5b-5d46-4a5c-8e21-1554c7d975b1;82e75a13-a59d-4181-ad34-5c7b9284297d;b49e4019-fdfc-454a-8843-af5494caace0,,650
28592,sameralhajali,2026-09-07,2026-09-07 00:00:00+03:00,2026-09-07 23:59:08+03:00,الغارات التي نفذها الطيران الحربي المعادي,قصف وغارات,دير الزهراني,506,دير الزهراني,none,1,DUPLICATE_OF_NEWS,,,2bfaee56-9d7a-47d0-8574-cb8e9399d9c9;3c1db7e5-b8c7-4f61-95b2-43e2af75efe1,,1105
28592,sameralhajali,2026-09-07,2026-09-07 00:00:00+03:00,2026-09-07 23:59:08+03:00,الغارات التي نفذها الطيران الحربي المعادي,قصف وغارات,عربصاليم,118,عرب صاليم,none,1,DUPLICATE_OF_NEWS,,,e6cf9e6e-d258-435d-8c8e-adf046156575,,1284
28592,sameralhajali,2026-09-07,2026-09-07 00:00:00+03:00,2026-09-07 23:59:08+03:00,الغارات التي نفذها الطيران الحربي المعادي,قصف وغارات,النبطيه الفوقا,1153,نبطية الفوقا,none,1,DUPLICATE_OF_NEWS,,,ff3f3596-6198-4812-8798-e42cc90f7689;f5bc5456-381b-4149-82e4-567746e763cf;8ce887a1-d07d-4d59-96a8-38563e43f3fd;08be2b9d-d0fd-44c5-80f4-b3bd0f4e86eb;329389b0-8e21-4a20-bb2f-b3a10ca1ae8f;a46bb191-a8bb-4c59-b193-960f42012727;d52ac033-e0d5-442a-9eff-cfa8a086b97d;053222d4-21c3-4a28-ab31-bae5a4b1549d;71d15ccc-e2e8-4984-a034-3e71d199e171,,638
28592,sameralhajali,2026-09-07,2026-09-07 00:00:00+03:00,2026-09-07 23:59:08+03:00,الغارات التي نفذها الطيران الحربي المعادي,قصف وغارات,المنصوري,976,المنصوري,none,1,DUPLICATE_OF_NEWS,,,25087e66-dbbb-4a86-b278-4efaf47ea3c8;23e7e2a9-e72c-40be-a42b-596aa0a8aaf9,,637
28592,sameralhajali,2026-09-07,2026-09-07 00:00:00+03:00,2026-09-07 23:59:08+03:00,الغارات التي نفذها الطيران الحربي المعادي,قصف وغارات,وادي السلوقي,1464,تولين,none,1,NOT_IN_INCIDENTS,NEWS_FAILED,error,,32798;32800,
28592,sameralhajali,2026-09-07,2026-09-07 00:00:00+03:00,2026-09-07 23:59:08+03:00,الغارات التي نفذها الطيران المسير المعادي,قصف وغارات,النبطيه,1152,نبطية التحتا,none,1,DUPLICATE_OF_NEWS,,,214c9af1-cb2a-4066-a0b4-a5a04271ead8;26aec886-7c5d-46c4-93c3-7daa7667db5f,,113
28592,sameralhajali,2026-09-07,2026-09-07 00:00:00+03:00,2026-09-07 23:59:08+03:00,القصف المدفعي المعادي,قصف مدفعي,دوحه كفررمان | جبل الرفيع | منطقه الدبشه,851,كفر رمان,none,1,DUPLICATE_OF_NEWS,,,406c9dc0-96ff-4c17-a9e7-fb4a234968b7,,1367
28592,sameralhajali,2026-09-07,2026-09-07 00:00:00+03:00,2026-09-07 23:59:08+03:00,القصف المدفعي المعادي,قصف مدفعي,زوطر الشرقيه,1519,زوطر الشرقية,none,1,DUPLICATE_OF_NEWS,,,a161e804-70b2-4e10-ab09-515d4a8e2401,,960
28592,sameralhajali,2026-09-07,2026-09-07 00:00:00+03:00,2026-09-07 23:59:08+03:00,القصف المدفعي المعادي,قصف مدفعي,المنصوري,976,المنصوري,none,1,DUPLICATE_OF_NEWS,,,6b10d8dd-247c-4447-b6ba-1ec5216cebef,,700
28592,sameralhajali,2026-09-07,2026-09-07 00:00:00+03:00,2026-09-07 23:59:08+03:00,القصف المدفعي المعادي,قصف مدفعي,النبطيه الفوقا,1153,نبطية الفوقا,none,1,DUPLICATE_OF_NEWS,,,44f26eb7-fcf2-43c1-a7e8-dfeac1a5b06e;79d547e3-7cce-48f5-b73c-fe52d3630f06;c2283c38-72f2-48d7-b0a3-fb9ae39361d6;d09a2672-c914-4dea-a4d8-1ddcec392b2c;6a1cae80-9583-473d-a8f1-64e5a125b179,,624
28592,sameralhajali,2026-09-07,2026-09-07 00:00:00+03:00,2026-09-07 23:59:08+03:00,التفجيرات التي نفذها العدو في البلدات الجنوبيه,تلغيم وتفجير,المنصوري,976,المنصوري,none,1,DUPLICATE_OF_NEWS,,,56c66ec6-7398-4e44-8508-865856f0d217;6390317a-3a46-42c1-825d-454898abc251;af9d331d-3b06-430f-bf71-26223cffe23b,,602
28592,sameralhajali,2026-09-07,2026-09-07 00:00:00+03:00,2026-09-07 23:59:08+03:00,التفجيرات التي نفذها العدو في البلدات الجنوبيه,تلغيم وتفجير,كفرتبنيت,857,كفر تبنيت,none,1,SAME_VILLAGE_OTHER_ACTION,قصف وغارات,,,,
28592,sameralhajali,2026-09-07,2026-09-07 00:00:00+03:00,2026-09-07 23:59:08+03:00,التفجيرات التي نفذها العدو في البلدات الجنوبيه,تلغيم وتفجير,زوطر الشرقيه,1519,زوطر الشرقية,none,1,SAME_VILLAGE_OTHER_ACTION,عملية تمشيط; قصف مدفعي; قصف وغارات,,,,
28592,sameralhajali,2026-09-07,2026-09-07 00:00:00+03:00,2026-09-07 23:59:08+03:00,التفجيرات التي نفذها العدو في البلدات الجنوبيه,تلغيم وتفجير,بني حيان,205,بني حيان,none,1,SAME_VILLAGE_OTHER_ACTION,عملية تمشيط; قصف مدفعي; قنابل مضيئة وحارقة,,,,
28592,sameralhajali,2026-09-07,2026-09-07 00:00:00+03:00,2026-09-07 23:59:08+03:00,التفجيرات التي نفذها العدو في البلدات الجنوبيه,تلغيم وتفجير,حولا,701,حولا,none,1,NOT_IN_INCIDENTS,NEWS_FAILED,error,,29198,
28592,sameralhajali,2026-09-07,2026-09-07 00:00:00+03:00,2026-09-07 23:59:08+03:00,احراق منازل,احراق ممتلكات,طلوسه,1431,طلوسة,none,1,NOT_IN_INCIDENTS,NEWS_REJECTED,unspecified,,33771,
32469,mehwaralmokawma,2026-09-07,2026-09-07 00:00:00+03:00,2026-09-08 00:00:00+03:00,الغارات التي نفذها الطيران الحربي المعادي,قصف وغارات,جبل الرفيع | كفررمان,851,كفر رمان,none,1,DUPLICATE_OF_NEWS,,,8ee662bf-d73a-4751-88d7-6e4816136336;1a5b73de-fb96-4c4a-ae64-7f71b73c9a12;160037f3-72d3-4a1e-8a2f-0431f56a20c6;e6ee7bfa-3f45-4457-82cf-54d6cdda95a0;ace6f935-dc18-4736-a865-e1be2bcae214;a7d8a296-3be8-46f8-9328-f5bca76f8917;15477afa-51e2-49f4-a9b6-fbceafa1c95c;4b0a525e-070e-44c1-8fc9-dc64a5b3a3e3;b301b647-3f3d-415c-af52-e1c53775eef4;992c2478-ba70-446e-8f19-81e67cee1bec;3b290960-03a3-482e-97b6-cd8fc3e5d9cf;2c255b6b-875c-4f3e-bb2f-43c12918521e;711adf5b-5d46-4a5c-8e21-1554c7d975b1;82e75a13-a59d-4181-ad34-5c7b9284297d;b49e4019-fdfc-454a-8843-af5494caace0,,663
32469,mehwaralmokawma,2026-09-07,2026-09-07 00:00:00+03:00,2026-09-08 00:00:00+03:00,الغارات التي نفذها الطيران الحربي المعادي,قصف وغارات,دير الزهراني,506,دير الزهراني,none,1,DUPLICATE_OF_NEWS,,,2bfaee56-9d7a-47d0-8574-cb8e9399d9c9;3c1db7e5-b8c7-4f61-95b2-43e2af75efe1,,1117
32469,mehwaralmokawma,2026-09-07,2026-09-07 00:00:00+03:00,2026-09-08 00:00:00+03:00,الغارات التي نفذها الطيران الحربي المعادي,قصف وغارات,عربصاليم,118,عرب صاليم,none,1,DUPLICATE_OF_NEWS,,,e6cf9e6e-d258-435d-8c8e-adf046156575,,1297
32469,mehwaralmokawma,2026-09-07,2026-09-07 00:00:00+03:00,2026-09-08 00:00:00+03:00,الغارات التي نفذها الطيران الحربي المعادي,قصف وغارات,النبطيه الفوقا,1153,نبطية الفوقا,none,1,DUPLICATE_OF_NEWS,,,ff3f3596-6198-4812-8798-e42cc90f7689;f5bc5456-381b-4149-82e4-567746e763cf;8ce887a1-d07d-4d59-96a8-38563e43f3fd;08be2b9d-d0fd-44c5-80f4-b3bd0f4e86eb;329389b0-8e21-4a20-bb2f-b3a10ca1ae8f;a46bb191-a8bb-4c59-b193-960f42012727;d52ac033-e0d5-442a-9eff-cfa8a086b97d;053222d4-21c3-4a28-ab31-bae5a4b1549d;71d15ccc-e2e8-4984-a034-3e71d199e171,,650
32469,mehwaralmokawma,2026-09-07,2026-09-07 00:00:00+03:00,2026-09-08 00:00:00+03:00,الغارات التي نفذها الطيران الحربي المعادي,قصف وغارات,المنصوري,976,المنصوري,none,1,DUPLICATE_OF_NEWS,,,25087e66-dbbb-4a86-b278-4efaf47ea3c8;23e7e2a9-e72c-40be-a42b-596aa0a8aaf9,,650
32469,mehwaralmokawma,2026-09-07,2026-09-07 00:00:00+03:00,2026-09-08 00:00:00+03:00,الغارات التي نفذها الطيران الحربي المعادي,قصف وغارات,وادي السلوقي,1464,تولين,none,1,NOT_IN_INCIDENTS,NEWS_FAILED,error,,32798;32800,
32469,mehwaralmokawma,2026-09-07,2026-09-07 00:00:00+03:00,2026-09-08 00:00:00+03:00,الغارات التي نفذها الطيران المسير المعادي,قصف وغارات,النبطيه,1152,نبطية التحتا,none,1,DUPLICATE_OF_NEWS,,,214c9af1-cb2a-4066-a0b4-a5a04271ead8;26aec886-7c5d-46c4-93c3-7daa7667db5f,,125
32469,mehwaralmokawma,2026-09-07,2026-09-07 00:00:00+03:00,2026-09-08 00:00:00+03:00,القصف المدفعي المعادي,قصف مدفعي,دوحه كفررمان | جبل الرفيع | منطقه الدبشه,851,كفر رمان,none,1,DUPLICATE_OF_NEWS,,,406c9dc0-96ff-4c17-a9e7-fb4a234968b7,,1380
32469,mehwaralmokawma,2026-09-07,2026-09-07 00:00:00+03:00,2026-09-08 00:00:00+03:00,القصف المدفعي المعادي,قصف مدفعي,زوطر الشرقيه,1519,زوطر الشرقية,none,1,DUPLICATE_OF_NEWS,,,a161e804-70b2-4e10-ab09-515d4a8e2401,,972
32469,mehwaralmokawma,2026-09-07,2026-09-07 00:00:00+03:00,2026-09-08 00:00:00+03:00,القصف المدفعي المعادي,قصف مدفعي,المنصوري,976,المنصوري,none,1,DUPLICATE_OF_NEWS,,,6b10d8dd-247c-4447-b6ba-1ec5216cebef,,712
32469,mehwaralmokawma,2026-09-07,2026-09-07 00:00:00+03:00,2026-09-08 00:00:00+03:00,القصف المدفعي المعادي,قصف مدفعي,النبطيه الفوقا,1153,نبطية الفوقا,none,1,DUPLICATE_OF_NEWS,,,44f26eb7-fcf2-43c1-a7e8-dfeac1a5b06e;79d547e3-7cce-48f5-b73c-fe52d3630f06;c2283c38-72f2-48d7-b0a3-fb9ae39361d6;d09a2672-c914-4dea-a4d8-1ddcec392b2c;6a1cae80-9583-473d-a8f1-64e5a125b179,,637
32469,mehwaralmokawma,2026-09-07,2026-09-07 00:00:00+03:00,2026-09-08 00:00:00+03:00,التفجيرات التي نفذها العدو في البلدات الجنوبيه,تلغيم وتفجير,المنصوري,976,المنصوري,none,1,DUPLICATE_OF_NEWS,,,56c66ec6-7398-4e44-8508-865856f0d217;6390317a-3a46-42c1-825d-454898abc251;af9d331d-3b06-430f-bf71-26223cffe23b,,615
32469,mehwaralmokawma,2026-09-07,2026-09-07 00:00:00+03:00,2026-09-08 00:00:00+03:00,التفجيرات التي نفذها العدو في البلدات الجنوبيه,تلغيم وتفجير,كفرتبنيت,857,كفر تبنيت,none,1,SAME_VILLAGE_OTHER_ACTION,قصف وغارات,,,,
32469,mehwaralmokawma,2026-09-07,2026-09-07 00:00:00+03:00,2026-09-08 00:00:00+03:00,التفجيرات التي نفذها العدو في البلدات الجنوبيه,تلغيم وتفجير,زوطر الشرقيه,1519,زوطر الشرقية,none,1,SAME_VILLAGE_OTHER_ACTION,عملية تمشيط; قصف مدفعي; قصف وغارات,,,,
32469,mehwaralmokawma,2026-09-07,2026-09-07 00:00:00+03:00,2026-09-08 00:00:00+03:00,التفجيرات التي نفذها العدو في البلدات الجنوبيه,تلغيم وتفجير,بني حيان,205,بني حيان,none,1,SAME_VILLAGE_OTHER_ACTION,عملية تمشيط; قصف مدفعي; قنابل مضيئة وحارقة,,,,
32469,mehwaralmokawma,2026-09-07,2026-09-07 00:00:00+03:00,2026-09-08 00:00:00+03:00,التفجيرات التي نفذها العدو في البلدات الجنوبيه,تلغيم وتفجير,حولا,701,حولا,none,1,NOT_IN_INCIDENTS,NEWS_FAILED,error,,29198,
32469,mehwaralmokawma,2026-09-07,2026-09-07 00:00:00+03:00,2026-09-08 00:00:00+03:00,احراق منازل,احراق ممتلكات,طلوسه,1431,طلوسة,none,1,NOT_IN_INCIDENTS,NEWS_REJECTED,unspecified,,33771,
32708,Janoubana,2026-09-07,2026-09-07 00:00:00+03:00,2026-09-07 00:00:00+03:00,الغارات من الطيران الحربي,قصف وغارات,النبطيه الفوقا (11) | بين النبطيه الفوقا و كفرتبنيت (2),1153,نبطية الفوقا,between,11,NOT_IN_INCIDENTS,NEWS_NEVER_ARRIVED,,,,
32708,Janoubana,2026-09-07,2026-09-07 00:00:00+03:00,2026-09-07 00:00:00+03:00,الغارات من الطيران الحربي,قصف وغارات,كفررمان (2) | جبل الرفيع | كفررمان,851,كفر رمان,none,2,NOT_IN_INCIDENTS,NEWS_NEVER_ARRIVED,,,,
32708,Janoubana,2026-09-07,2026-09-07 00:00:00+03:00,2026-09-07 00:00:00+03:00,الغارات من الطيران الحربي,قصف وغارات,عربصاليم,118,عرب صاليم,none,1,NOT_IN_INCIDENTS,NEWS_NEVER_ARRIVED,,,,
32708,Janoubana,2026-09-07,2026-09-07 00:00:00+03:00,2026-09-07 00:00:00+03:00,الغارات من الطيران الحربي,قصف وغارات,دير الزهراني,506,دير الزهراني,none,1,NOT_IN_INCIDENTS,NEWS_NEVER_ARRIVED,,,,
32708,Janoubana,2026-09-07,2026-09-07 00:00:00+03:00,2026-09-07 00:00:00+03:00,الغارات من الطيران الحربي,قصف وغارات,المنصوري (4),976,المنصوري,none,4,NOT_IN_INCIDENTS,NEWS_NEVER_ARRIVED,,,,
32708,Janoubana,2026-09-07,2026-09-07 00:00:00+03:00,2026-09-07 00:00:00+03:00,الغارات من الطيران الحربي,قصف وغارات,وادي السلوقي,1464,تولين,none,1,NOT_IN_INCIDENTS,NEWS_NEVER_ARRIVED,,,,
32708,Janoubana,2026-09-07,2026-09-07 00:00:00+03:00,2026-09-07 00:00:00+03:00,الغارات من الطيران الحربي,قصف وغارات,مركبا,991,مركبا,none,1,NOT_IN_INCIDENTS,NEWS_NEVER_ARRIVED,,,,
32708,Janoubana,2026-09-07,2026-09-07 00:00:00+03:00,2026-09-07 00:00:00+03:00,الغارات من الطيران المسير,قصف وغارات,النبطيه - حي المسلخ,1152,نبطية التحتا,none,1,NOT_IN_INCIDENTS,NEWS_NEVER_ARRIVED,,,,
32708,Janoubana,2026-09-07,2026-09-07 00:00:00+03:00,2026-09-07 00:00:00+03:00,الغارات من الطيران المسير,قصف وغارات,طريق سجد - الريحان,1372,سجد,none,1,NOT_IN_INCIDENTS,NEWS_NEVER_ARRIVED,,,,
32708,Janoubana,2026-09-07,2026-09-07 00:00:00+03:00,2026-09-07 00:00:00+03:00,القصف المدفعي,قصف مدفعي,الدبشه | جبل الرفيع | دوحه كفررمان,851,كفر رمان,none,1,NOT_IN_INCIDENTS,NEWS_NEVER_ARRIVED,,,,
32708,Janoubana,2026-09-07,2026-09-07 00:00:00+03:00,2026-09-07 00:00:00+03:00,القصف المدفعي,قصف مدفعي,اطراف عربصاليم,118,عرب صاليم,none,1,NOT_IN_INCIDENTS,NEWS_NEVER_ARRIVED,,,,
32708,Janoubana,2026-09-07,2026-09-07 00:00:00+03:00,2026-09-07 00:00:00+03:00,القصف المدفعي,قصف مدفعي,زوطر الشرقيه جهه ميفدون,1519,زوطر الشرقية,none,1,NOT_IN_INCIDENTS,NEWS_NEVER_ARRIVED,,,,
32708,Janoubana,2026-09-07,2026-09-07 00:00:00+03:00,2026-09-07 00:00:00+03:00,القصف المدفعي,قصف مدفعي,المنصوري,976,المنصوري,none,1,NOT_IN_INCIDENTS,NEWS_NEVER_ARRIVED,,,,
32708,Janoubana,2026-09-07,2026-09-07 00:00:00+03:00,2026-09-07 00:00:00+03:00,القصف المدفعي,قصف مدفعي,القنطره,1228,قنطرة,none,1,NOT_IN_INCIDENTS,NEWS_NEVER_ARRIVED,,,,
32708,Janoubana,2026-09-07,2026-09-07 00:00:00+03:00,2026-09-07 00:00:00+03:00,القصف المدفعي,قصف مدفعي,بني حيان,205,بني حيان,none,1,NOT_IN_INCIDENTS,NEWS_NEVER_ARRIVED,,,,
32708,Janoubana,2026-09-07,2026-09-07 00:00:00+03:00,2026-09-07 00:00:00+03:00,القصف المدفعي,قصف مدفعي,النبطيه الفوقا,1153,نبطية الفوقا,none,1,NOT_IN_INCIDENTS,NEWS_NEVER_ARRIVED,,,,
32708,Janoubana,2026-09-07,2026-09-07 00:00:00+03:00,2026-09-07 00:00:00+03:00,القصف المدفعي,قصف مدفعي,اطراف زبقين,1523,زبقين,none,1,NOT_IN_INCIDENTS,NEWS_NEVER_ARRIVED,,,,
32708,Janoubana,2026-09-07,2026-09-07 00:00:00+03:00,2026-09-07 00:00:00+03:00,عمليات التفجير,تلغيم وتفجير,وادي السلوقي,1464,تولين,none,1,NOT_IN_INCIDENTS,NEWS_NEVER_ARRIVED,,,,
32708,Janoubana,2026-09-07,2026-09-07 00:00:00+03:00,2026-09-07 00:00:00+03:00,عمليات التفجير,تلغيم وتفجير,زوطر الشرقيه (2),1519,زوطر الشرقية,none,2,NOT_IN_INCIDENTS,NEWS_NEVER_ARRIVED,,,,
32708,Janoubana,2026-09-07,2026-09-07 00:00:00+03:00,2026-09-07 00:00:00+03:00,عمليات التفجير,تلغيم وتفجير,المنصوري (25),976,المنصوري,none,25,NOT_IN_INCIDENTS,NEWS_NEVER_ARRIVED,,,,
32708,Janoubana,2026-09-07,2026-09-07 00:00:00+03:00,2026-09-07 00:00:00+03:00,عمليات التفجير,تلغيم وتفجير,كفرتبنيت (2),857,كفر تبنيت,none,2,NOT_IN_INCIDENTS,NEWS_NEVER_ARRIVED,,,,
32708,Janoubana,2026-09-07,2026-09-07 00:00:00+03:00,2026-09-07 00:00:00+03:00,عمليات التفجير,تلغيم وتفجير,حولا (2),701,حولا,none,2,NOT_IN_INCIDENTS,NEWS_NEVER_ARRIVED,,,,
32708,Janoubana,2026-09-07,2026-09-07 00:00:00+03:00,2026-09-07 00:00:00+03:00,عمليات التفجير,تلغيم وتفجير,بني حيان,205,بني حيان,none,1,NOT_IN_INCIDENTS,NEWS_NEVER_ARRIVED,,,,
2083,alichoeib1970,2026-09-08,2026-09-08 00:00:00+03:00,2026-09-08 08:06:08+03:00,القصف المدفعي,قصف مدفعي,بيت ياحون,273,بيت ياحون,none,1,NOT_IN_INCIDENTS,NEWS_NEVER_ARRIVED,,,,
2083,alichoeib1970,2026-09-08,2026-09-08 00:00:00+03:00,2026-09-08 08:06:08+03:00,القصف المدفعي,قصف مدفعي,برعشيت,207,برعشيت,none,1,NOT_IN_INCIDENTS,NEWS_NEVER_ARRIVED,,,,
2083,alichoeib1970,2026-09-08,2026-09-08 00:00:00+03:00,2026-09-08 08:06:08+03:00,القصف المدفعي,قصف مدفعي,وادي الحجير,1219,قبريخا,none,1,NOT_IN_INCIDENTS,NEWS_NEVER_ARRIVED,,,,
2083,alichoeib1970,2026-09-08,2026-09-08 00:00:00+03:00,2026-09-08 08:06:08+03:00,القصف المدفعي,قصف مدفعي,دوحه كفررمان,851,كفر رمان,none,1,NOT_IN_INCIDENTS,NEWS_NEVER_ARRIVED,,,,
2083,alichoeib1970,2026-09-08,2026-09-08 00:00:00+03:00,2026-09-08 08:06:08+03:00,القصف المدفعي,قنابل دخانية,كفرشوبا(قذائف دخانيه),813,كفر شوبا,none,1,SAME_VILLAGE_OTHER_ACTION,توغل بري,,,,
2083,alichoeib1970,2026-09-08,2026-09-08 00:00:00+03:00,2026-09-08 08:06:08+03:00,تمشيط بالاسلحه الرشاشه,عملية تمشيط,برعشيت,207,برعشيت,none,1,NOT_IN_INCIDENTS,NEWS_NEVER_ARRIVED,,,,
30338,alichoeib1970,2026-09-08,2026-09-08 00:00:00+03:00,2026-09-08 23:56:49+03:00,الغارات التي نفذها الطيران الحربي المعادي,قصف وغارات,النبطيه الفوقا,1153,نبطية الفوقا,none,1,NOT_IN_INCIDENTS,NEWS_FAILED,error,,28930;32700;32781,
30338,alichoeib1970,2026-09-08,2026-09-08 00:00:00+03:00,2026-09-08 23:56:49+03:00,الغارات التي نفذها الطيران الحربي المعادي,قصف وغارات,المنصوري,976,المنصوري,none,1,NOT_IN_INCIDENTS,NEWS_FAILED,error,,28618;28867;31711;32338;32304;32505;32525;32667;32696;32750,
30338,alichoeib1970,2026-09-08,2026-09-08 00:00:00+03:00,2026-09-08 23:56:49+03:00,الغارات التي نفذها الطيران الحربي المعادي,قصف وغارات,بين حداثا و حاريص,601,حداثا,between,1,DUPLICATE_OF_NEWS,,,9938399c-4a32-4d1b-ad84-1355e8a3d708,,103
30338,alichoeib1970,2026-09-08,2026-09-08 00:00:00+03:00,2026-09-08 23:56:49+03:00,الغارات التي نفذها الطيران الحربي المعادي,قصف وغارات,القنطره,1228,قنطرة,none,1,NOT_IN_INCIDENTS,NEWS_NEVER_ARRIVED,,,,
30338,alichoeib1970,2026-09-08,2026-09-08 00:00:00+03:00,2026-09-08 23:56:49+03:00,القصف المدفعي المعادي,قصف مدفعي,بيت ياحون,273,بيت ياحون,none,1,NOT_IN_INCIDENTS,NEWS_NEVER_ARRIVED,,,,
30338,alichoeib1970,2026-09-08,2026-09-08 00:00:00+03:00,2026-09-08 23:56:49+03:00,القصف المدفعي المعادي,قصف مدفعي,برعشيت,207,برعشيت,none,1,NOT_IN_INCIDENTS,NEWS_FAILED,error,,31829,
30338,alichoeib1970,2026-09-08,2026-09-08 00:00:00+03:00,2026-09-08 23:56:49+03:00,القصف المدفعي المعادي,قصف مدفعي,وادي الحجير,1219,قبريخا,none,1,NOT_IN_INCIDENTS,NEWS_NEVER_ARRIVED,,,,
30338,alichoeib1970,2026-09-08,2026-09-08 00:00:00+03:00,2026-09-08 23:56:49+03:00,القصف المدفعي المعادي,قصف مدفعي,دوحه كفررمان,851,كفر رمان,none,1,NOT_IN_INCIDENTS,NEWS_FAILED,error,,32403;31256;32731;32741,
30338,alichoeib1970,2026-09-08,2026-09-08 00:00:00+03:00,2026-09-08 23:56:49+03:00,القصف المدفعي المعادي,قصف مدفعي,صربين,1412,صربين,none,1,DUPLICATE_OF_NEWS,,,e6fa1e41-5439-41f7-a9a6-167f5474b9e3,,162
30338,alichoeib1970,2026-09-08,2026-09-08 00:00:00+03:00,2026-09-08 23:56:49+03:00,القصف المدفعي المعادي,قصف مدفعي,كفرشوبا,813,كفر شوبا,none,1,SAME_VILLAGE_OTHER_ACTION,توغل بري; قنابل دخانية,,,,
30338,alichoeib1970,2026-09-08,2026-09-08 00:00:00+03:00,2026-09-08 23:56:49+03:00,القصف المدفعي المعادي,قصف مدفعي,النبطيه الفوقا,1153,نبطية الفوقا,none,1,NOT_IN_INCIDENTS,NEWS_FAILED,error,,28930;32700;32781,
30338,alichoeib1970,2026-09-08,2026-09-08 00:00:00+03:00,2026-09-08 23:56:49+03:00,القصف المدفعي المعادي,قصف مدفعي,ميس الجبل,1079,ميس الجبل,none,1,SAME_VILLAGE_OTHER_ACTION,إطلاق نار,,,,
30338,alichoeib1970,2026-09-08,2026-09-08 00:00:00+03:00,2026-09-08 23:56:49+03:00,القصف المدفعي المعادي,قصف مدفعي,المنصوري,976,المنصوري,none,1,NOT_IN_INCIDENTS,NEWS_FAILED,error,,28618;28867;31711;32338;32304;32505;32525;32667;32696;32750,
30338,alichoeib1970,2026-09-08,2026-09-08 00:00:00+03:00,2026-09-08 23:56:49+03:00,القصف المدفعي المعادي,قصف مدفعي,زوطر الشرقيه,1519,زوطر الشرقية,none,1,NOT_IN_INCIDENTS,NEWS_FAILED,error,,2091,
30338,alichoeib1970,2026-09-08,2026-09-08 00:00:00+03:00,2026-09-08 23:56:49+03:00,التفجيرات التي نفذها العدو في البلدات الجنوبيه,تلغيم وتفجير,المنصوري,976,المنصوري,none,1,NOT_IN_INCIDENTS,NEWS_FAILED,error,,28618;28867;31711;32338;32304;32505;32525;32667;32696;32750,
30338,alichoeib1970,2026-09-08,2026-09-08 00:00:00+03:00,2026-09-08 23:56:49+03:00,التفجيرات التي نفذها العدو في البلدات الجنوبيه,تلغيم وتفجير,بني حيان,205,بني حيان,none,1,NOT_IN_INCIDENTS,NEWS_FAILED,error,,2092;31411;32505;32684;32703,
30338,alichoeib1970,2026-09-08,2026-09-08 00:00:00+03:00,2026-09-08 23:56:49+03:00,التفجيرات التي نفذها العدو في البلدات الجنوبيه,تلغيم وتفجير,وادي السلوقي,1464,تولين,none,1,NOT_IN_INCIDENTS,NEWS_FAILED,error,,2092;30239;30589;31411;32505;32690,
30338,alichoeib1970,2026-09-08,2026-09-08 00:00:00+03:00,2026-09-08 23:56:49+03:00,التفجيرات التي نفذها العدو في البلدات الجنوبيه,تلغيم وتفجير,زوطر الشرقيه,1519,زوطر الشرقية,none,1,NOT_IN_INCIDENTS,NEWS_FAILED,error,,2091,
30338,alichoeib1970,2026-09-08,2026-09-08 00:00:00+03:00,2026-09-08 23:56:49+03:00,التفجيرات التي نفذها العدو في البلدات الجنوبيه,تلغيم وتفجير,كفرتبنيت,857,كفر تبنيت,none,1,SAME_VILLAGE_OTHER_ACTION,قصف مدفعي,,,,
32271,nabatiehchannel; sameralhajali,2026-09-08,2026-09-08 00:00:00+03:00,2026-09-08 23:58:23+03:00,الغارات التي نفذها الطيران الحربي المعادي,قصف وغارات,النبطيه الفوقا,1153,نبطية الفوقا,none,1,NOT_IN_INCIDENTS,NEWS_FAILED,error,,28930;32700;32781,
32271,nabatiehchannel; sameralhajali,2026-09-08,2026-09-08 00:00:00+03:00,2026-09-08 23:58:23+03:00,الغارات التي نفذها الطيران الحربي المعادي,قصف وغارات,المنصوري,976,المنصوري,none,1,NOT_IN_INCIDENTS,NEWS_FAILED,error,,28618;28867;31711;32338;32304;32505;32525;32667;32696;32750,
32271,nabatiehchannel; sameralhajali,2026-09-08,2026-09-08 00:00:00+03:00,2026-09-08 23:58:23+03:00,الغارات التي نفذها الطيران الحربي المعادي,قصف وغارات,بين حداثا و حاريص,601,حداثا,between,1,DUPLICATE_OF_NEWS,,,9938399c-4a32-4d1b-ad84-1355e8a3d708,,105
32271,nabatiehchannel; sameralhajali,2026-09-08,2026-09-08 00:00:00+03:00,2026-09-08 23:58:23+03:00,الغارات التي نفذها الطيران الحربي المعادي,قصف وغارات,القنطره,1228,قنطرة,none,1,NOT_IN_INCIDENTS,NEWS_NEVER_ARRIVED,,,,
32271,nabatiehchannel; sameralhajali,2026-09-08,2026-09-08 00:00:00+03:00,2026-09-08 23:58:23+03:00,القصف المدفعي المعادي,قصف مدفعي,بيت ياحون,273,بيت ياحون,none,1,NOT_IN_INCIDENTS,NEWS_NEVER_ARRIVED,,,,
32271,nabatiehchannel; sameralhajali,2026-09-08,2026-09-08 00:00:00+03:00,2026-09-08 23:58:23+03:00,القصف المدفعي المعادي,قصف مدفعي,برعشيت,207,برعشيت,none,1,NOT_IN_INCIDENTS,NEWS_FAILED,error,,31829,
32271,nabatiehchannel; sameralhajali,2026-09-08,2026-09-08 00:00:00+03:00,2026-09-08 23:58:23+03:00,القصف المدفعي المعادي,قصف مدفعي,وادي الحجير,1219,قبريخا,none,1,NOT_IN_INCIDENTS,NEWS_NEVER_ARRIVED,,,,
32271,nabatiehchannel; sameralhajali,2026-09-08,2026-09-08 00:00:00+03:00,2026-09-08 23:58:23+03:00,القصف المدفعي المعادي,قصف مدفعي,دوحه كفررمان,851,كفر رمان,none,1,NOT_IN_INCIDENTS,NEWS_FAILED,error,,32403;31256;32731;32741,
32271,nabatiehchannel; sameralhajali,2026-09-08,2026-09-08 00:00:00+03:00,2026-09-08 23:58:23+03:00,القصف المدفعي المعادي,قصف مدفعي,صربين,1412,صربين,none,1,DUPLICATE_OF_NEWS,,,e6fa1e41-5439-41f7-a9a6-167f5474b9e3,,163
32271,nabatiehchannel; sameralhajali,2026-09-08,2026-09-08 00:00:00+03:00,2026-09-08 23:58:23+03:00,القصف المدفعي المعادي,قصف مدفعي,كفرشوبا,813,كفر شوبا,none,1,SAME_VILLAGE_OTHER_ACTION,توغل بري; قنابل دخانية,,,,
32271,nabatiehchannel; sameralhajali,2026-09-08,2026-09-08 00:00:00+03:00,2026-09-08 23:58:23+03:00,القصف المدفعي المعادي,قصف مدفعي,النبطيه الفوقا,1153,نبطية الفوقا,none,1,NOT_IN_INCIDENTS,NEWS_FAILED,error,,28930;32700;32781,
32271,nabatiehchannel; sameralhajali,2026-09-08,2026-09-08 00:00:00+03:00,2026-09-08 23:58:23+03:00,القصف المدفعي المعادي,قصف مدفعي,ميس الجبل,1079,ميس الجبل,none,1,SAME_VILLAGE_OTHER_ACTION,إطلاق نار,,,,
32271,nabatiehchannel; sameralhajali,2026-09-08,2026-09-08 00:00:00+03:00,2026-09-08 23:58:23+03:00,القصف المدفعي المعادي,قصف مدفعي,المنصوري,976,المنصوري,none,1,NOT_IN_INCIDENTS,NEWS_FAILED,error,,28618;28867;31711;32338;32304;32505;32525;32667;32696;32750,
32271,nabatiehchannel; sameralhajali,2026-09-08,2026-09-08 00:00:00+03:00,2026-09-08 23:58:23+03:00,القصف المدفعي المعادي,قصف مدفعي,زوطر الشرقيه,1519,زوطر الشرقية,none,1,NOT_IN_INCIDENTS,NEWS_FAILED,error,,2091,
32271,nabatiehchannel; sameralhajali,2026-09-08,2026-09-08 00:00:00+03:00,2026-09-08 23:58:23+03:00,التفجيرات التي نفذها العدو في البلدات الجنوبيه,تلغيم وتفجير,المنصوري,976,المنصوري,none,1,NOT_IN_INCIDENTS,NEWS_FAILED,error,,28618;28867;31711;32338;32304;32505;32525;32667;32696;32750,
32271,nabatiehchannel; sameralhajali,2026-09-08,2026-09-08 00:00:00+03:00,2026-09-08 23:58:23+03:00,التفجيرات التي نفذها العدو في البلدات الجنوبيه,تلغيم وتفجير,بني حيان,205,بني حيان,none,1,NOT_IN_INCIDENTS,NEWS_FAILED,error,,2092;31411;32505;32684;32703,
32271,nabatiehchannel; sameralhajali,2026-09-08,2026-09-08 00:00:00+03:00,2026-09-08 23:58:23+03:00,التفجيرات التي نفذها العدو في البلدات الجنوبيه,تلغيم وتفجير,وادي السلوقي,1464,تولين,none,1,NOT_IN_INCIDENTS,NEWS_FAILED,error,,2092;30239;30589;31411;32505;32690,
32271,nabatiehchannel; sameralhajali,2026-09-08,2026-09-08 00:00:00+03:00,2026-09-08 23:58:23+03:00,التفجيرات التي نفذها العدو في البلدات الجنوبيه,تلغيم وتفجير,زوطر الشرقيه,1519,زوطر الشرقية,none,1,NOT_IN_INCIDENTS,NEWS_FAILED,error,,2091,
32271,nabatiehchannel; sameralhajali,2026-09-08,2026-09-08 00:00:00+03:00,2026-09-08 23:58:23+03:00,التفجيرات التي نفذها العدو في البلدات الجنوبيه,تلغيم وتفجير,كفرتبنيت,857,كفر تبنيت,none,1,SAME_VILLAGE_OTHER_ACTION,قصف مدفعي,,,,
32358,mehwaralmokawma,2026-09-08,2026-09-08 00:00:00+03:00,2026-09-09 00:00:00+03:00,الغارات التي نفذها الطيران الحربي المعادي,قصف وغارات,النبطيه الفوقا,1153,نبطية الفوقا,none,1,NOT_IN_INCIDENTS,NEWS_FAILED,error,,28930;32700;32781,
32358,mehwaralmokawma,2026-09-08,2026-09-08 00:00:00+03:00,2026-09-09 00:00:00+03:00,الغارات التي نفذها الطيران الحربي المعادي,قصف وغارات,المنصوري,976,المنصوري,none,1,NOT_IN_INCIDENTS,NEWS_FAILED,error,,28618;28867;31711;32338;32304;32505;32525;32667;32696;32750,
32358,mehwaralmokawma,2026-09-08,2026-09-08 00:00:00+03:00,2026-09-09 00:00:00+03:00,الغارات التي نفذها الطيران الحربي المعادي,قصف وغارات,بين حداثا و حاريص,601,حداثا,between,1,DUPLICATE_OF_NEWS,,,9938399c-4a32-4d1b-ad84-1355e8a3d708,,111
32358,mehwaralmokawma,2026-09-08,2026-09-08 00:00:00+03:00,2026-09-09 00:00:00+03:00,الغارات التي نفذها الطيران الحربي المعادي,قصف وغارات,القنطره,1228,قنطرة,none,1,NOT_IN_INCIDENTS,NEWS_NEVER_ARRIVED,,,,
32358,mehwaralmokawma,2026-09-08,2026-09-08 00:00:00+03:00,2026-09-09 00:00:00+03:00,القصف المدفعي المعادي,قصف مدفعي,بيت ياحون,273,بيت ياحون,none,1,NOT_IN_INCIDENTS,NEWS_NEVER_ARRIVED,,,,
32358,mehwaralmokawma,2026-09-08,2026-09-08 00:00:00+03:00,2026-09-09 00:00:00+03:00,القصف المدفعي المعادي,قصف مدفعي,برعشيت,207,برعشيت,none,1,NOT_IN_INCIDENTS,NEWS_FAILED,error,,31829,
32358,mehwaralmokawma,2026-09-08,2026-09-08 00:00:00+03:00,2026-09-09 00:00:00+03:00,القصف المدفعي المعادي,قصف مدفعي,وادي الحجير,1219,قبريخا,none,1,NOT_IN_INCIDENTS,NEWS_NEVER_ARRIVED,,,,
32358,mehwaralmokawma,2026-09-08,2026-09-08 00:00:00+03:00,2026-09-09 00:00:00+03:00,القصف المدفعي المعادي,قصف مدفعي,دوحه كفررمان,851,كفر رمان,none,1,NOT_IN_INCIDENTS,NEWS_FAILED,error,,32403;31256;32731;32741,
32358,mehwaralmokawma,2026-09-08,2026-09-08 00:00:00+03:00,2026-09-09 00:00:00+03:00,القصف المدفعي المعادي,قصف مدفعي,صربين,1412,صربين,none,1,DUPLICATE_OF_NEWS,,,e6fa1e41-5439-41f7-a9a6-167f5474b9e3,,170
32358,mehwaralmokawma,2026-09-08,2026-09-08 00:00:00+03:00,2026-09-09 00:00:00+03:00,القصف المدفعي المعادي,قصف مدفعي,كفرشوبا,813,كفر شوبا,none,1,SAME_VILLAGE_OTHER_ACTION,توغل بري; قنابل دخانية,,,,
32358,mehwaralmokawma,2026-09-08,2026-09-08 00:00:00+03:00,2026-09-09 00:00:00+03:00,القصف المدفعي المعادي,قصف مدفعي,النبطيه الفوقا,1153,نبطية الفوقا,none,1,NOT_IN_INCIDENTS,NEWS_FAILED,error,,28930;32700;32781,
32358,mehwaralmokawma,2026-09-08,2026-09-08 00:00:00+03:00,2026-09-09 00:00:00+03:00,القصف المدفعي المعادي,قصف مدفعي,ميس الجبل,1079,ميس الجبل,none,1,SAME_VILLAGE_OTHER_ACTION,إطلاق نار,,,,
32358,mehwaralmokawma,2026-09-08,2026-09-08 00:00:00+03:00,2026-09-09 00:00:00+03:00,القصف المدفعي المعادي,قصف مدفعي,المنصوري,976,المنصوري,none,1,NOT_IN_INCIDENTS,NEWS_FAILED,error,,28618;28867;31711;32338;32304;32505;32525;32667;32696;32750,
32358,mehwaralmokawma,2026-09-08,2026-09-08 00:00:00+03:00,2026-09-09 00:00:00+03:00,القصف المدفعي المعادي,قصف مدفعي,زوطر الشرقيه,1519,زوطر الشرقية,none,1,NOT_IN_INCIDENTS,NEWS_FAILED,error,,2091,
32358,mehwaralmokawma,2026-09-08,2026-09-08 00:00:00+03:00,2026-09-09 00:00:00+03:00,التفجيرات التي نفذها العدو في البلدات الجنوبيه,تلغيم وتفجير,المنصوري,976,المنصوري,none,1,NOT_IN_INCIDENTS,NEWS_FAILED,error,,28618;28867;31711;32338;32304;32505;32525;32667;32696;32750,
32358,mehwaralmokawma,2026-09-08,2026-09-08 00:00:00+03:00,2026-09-09 00:00:00+03:00,التفجيرات التي نفذها العدو في البلدات الجنوبيه,تلغيم وتفجير,بني حيان,205,بني حيان,none,1,NOT_IN_INCIDENTS,NEWS_FAILED,error,,2092;31411;32505;32684;32703,
32358,mehwaralmokawma,2026-09-08,2026-09-08 00:00:00+03:00,2026-09-09 00:00:00+03:00,التفجيرات التي نفذها العدو في البلدات الجنوبيه,تلغيم وتفجير,وادي السلوقي,1464,تولين,none,1,NOT_IN_INCIDENTS,NEWS_FAILED,error,,2092;30239;30589;31411;32505;32690,
32358,mehwaralmokawma,2026-09-08,2026-09-08 00:00:00+03:00,2026-09-09 00:00:00+03:00,التفجيرات التي نفذها العدو في البلدات الجنوبيه,تلغيم وتفجير,زوطر الشرقيه,1519,زوطر الشرقية,none,1,NOT_IN_INCIDENTS,NEWS_FAILED,error,,2091,
32358,mehwaralmokawma,2026-09-08,2026-09-08 00:00:00+03:00,2026-09-09 00:00:00+03:00,التفجيرات التي نفذها العدو في البلدات الجنوبيه,تلغيم وتفجير,كفرتبنيت,857,كفر تبنيت,none,1,SAME_VILLAGE_OTHER_ACTION,قصف مدفعي,,,,
32548,Janoubana,2026-09-09,2026-09-09 00:00:00+03:00,2026-09-09 07:30:00+03:00,الغارات من الطيران الحربي,قصف وغارات,كفرتبنيت (2),857,كفر تبنيت,none,2,NOT_IN_INCIDENTS,NEWS_NEVER_ARRIVED,,,,
32548,Janoubana,2026-09-09,2026-09-09 00:00:00+03:00,2026-09-09 07:30:00+03:00,الغارات من الطيران الحربي,قصف وغارات,النبطيه الفوقا (2),1153,نبطية الفوقا,none,2,NOT_IN_INCIDENTS,NEWS_NEVER_ARRIVED,,,,
32548,Janoubana,2026-09-09,2026-09-09 00:00:00+03:00,2026-09-09 07:30:00+03:00,القصف المدفعي,قصف مدفعي,النبطيه الفوقا,1153,نبطية الفوقا,none,1,NOT_IN_INCIDENTS,NEWS_NEVER_ARRIVED,,,,
32548,Janoubana,2026-09-09,2026-09-09 00:00:00+03:00,2026-09-09 07:30:00+03:00,القصف المدفعي,قصف مدفعي,اطراف ميفدون,1003,ميفدون,none,1,NOT_IN_INCIDENTS,NEWS_FAILED,error,,32698;32733,
32548,Janoubana,2026-09-09,2026-09-09 00:00:00+03:00,2026-09-09 07:30:00+03:00,القصف المدفعي,قصف مدفعي,الدبشه | دوحه كفررمان,851,كفر رمان,none,1,NOT_IN_INCIDENTS,NEWS_FAILED,error,,32677,
32548,Janoubana,2026-09-09,2026-09-09 00:00:00+03:00,2026-09-09 07:30:00+03:00,القصف المدفعي,قصف مدفعي,المنصوري,976,المنصوري,none,1,NOT_IN_INCIDENTS,NEWS_NEVER_ARRIVED,,,,
32495,nabatiehchannel,2026-09-09,2026-09-09 00:00:00+03:00,2026-09-09 10:56:45+03:00,الغارات الحربيه,قصف وغارات,بين النبطيه الفوقا-كفرتبنيت,1153,نبطية الفوقا,between,1,NOT_IN_INCIDENTS,NEWS_NEVER_ARRIVED,,,,
32495,nabatiehchannel,2026-09-09,2026-09-09 00:00:00+03:00,2026-09-09 10:56:45+03:00,القصف المدفعي,قصف مدفعي,النبطيه الفوقا,1153,نبطية الفوقا,none,1,NOT_IN_INCIDENTS,NEWS_NEVER_ARRIVED,,,,
32495,nabatiehchannel,2026-09-09,2026-09-09 00:00:00+03:00,2026-09-09 10:56:45+03:00,القصف المدفعي,قصف مدفعي,وادي السلوقي,1464,تولين,none,1,NOT_IN_INCIDENTS,NEWS_FAILED,error,,32577;32614,
32495,nabatiehchannel,2026-09-09,2026-09-09 00:00:00+03:00,2026-09-09 10:56:45+03:00,القصف المدفعي,قصف مدفعي,المنصوري,976,المنصوري,none,1,NOT_IN_INCIDENTS,NEWS_FAILED,error,,32614;32660,
32495,nabatiehchannel,2026-09-09,2026-09-09 00:00:00+03:00,2026-09-09 10:56:45+03:00,القصف المدفعي,قصف مدفعي,دوحه كفررمان,851,كفر رمان,none,1,NOT_IN_INCIDENTS,NEWS_FAILED,error,,32677,
32495,nabatiehchannel,2026-09-09,2026-09-09 00:00:00+03:00,2026-09-09 10:56:45+03:00,التفجيرات المعاديه,تلغيم وتفجير,المنصوري,976,المنصوري,none,1,NOT_IN_INCIDENTS,NEWS_FAILED,error,,32614;32660,
32495,nabatiehchannel,2026-09-09,2026-09-09 00:00:00+03:00,2026-09-09 10:56:45+03:00,التفجيرات المعاديه,قنابل صوتية,محلقه معاديه القت قنبله صوتيه في بلده حاريص لجهه بلده حداثا,650,حاريص,none,1,DUPLICATE_OF_NEWS,,,785edcce-e5d8-4065-bcfb-06948c79621b,,42
32495,nabatiehchannel,2026-09-09,2026-09-09 00:00:00+03:00,2026-09-09 10:56:45+03:00,التفجيرات المعاديه,قنابل صوتية,محلقه معاديه القت قنبله صوتيه علي بلده المنصوري,976,المنصوري,none,1,NOT_IN_INCIDENTS,NEWS_FAILED,error,,32614;32660,
32495,nabatiehchannel,2026-09-09,2026-09-09 00:00:00+03:00,2026-09-09 10:56:45+03:00,التفجيرات المعاديه,قصف مدفعي,قصف مدفعي معاد استهدف بلده حولا,701,حولا,none,1,NOT_IN_INCIDENTS,NEWS_NEVER_ARRIVED,,,,
28588,Janoubana,2026-09-09,2026-09-09 00:00:00+03:00,2026-09-09 16:27:00+03:00,الغارات من الطيران الحربي,قصف وغارات,كفرتبنيت (2),857,كفر تبنيت,none,2,NOT_IN_INCIDENTS,NEWS_NEVER_ARRIVED,,,,
28588,Janoubana,2026-09-09,2026-09-09 00:00:00+03:00,2026-09-09 16:27:00+03:00,الغارات من الطيران الحربي,قصف وغارات,وادي السلوقي جهه شقرا,1464,تولين,none,1,NOT_IN_INCIDENTS,NEWS_FAILED,error,,2111;29797;32419;32420;32576;32577;32582;32614,
28588,Janoubana,2026-09-09,2026-09-09 00:00:00+03:00,2026-09-09 16:27:00+03:00,الغارات من الطيران الحربي,قصف وغارات,وادي زبقين,1523,زبقين,none,1,NOT_IN_INCIDENTS,NEWS_FAILED,error,,32630;29578;29806;32419;32606;32631;32636;32647,
28588,Janoubana,2026-09-09,2026-09-09 00:00:00+03:00,2026-09-09 16:27:00+03:00,الغارات من الطيران الحربي,قصف وغارات,المنصوري,976,المنصوري,none,1,NOT_IN_INCIDENTS,NEWS_FAILED,error,,32582;32614;32660,
28588,Janoubana,2026-09-09,2026-09-09 00:00:00+03:00,2026-09-09 16:27:00+03:00,القصف المدفعي,قصف مدفعي,النبطيه الفوقا,1153,نبطية الفوقا,none,1,NOT_IN_INCIDENTS,NEWS_NEVER_ARRIVED,,,,
28588,Janoubana,2026-09-09,2026-09-09 00:00:00+03:00,2026-09-09 16:27:00+03:00,القصف المدفعي,قصف مدفعي,اطراف ميفدون,1003,ميفدون,none,1,NOT_IN_INCIDENTS,NEWS_FAILED,error,,32698;32733,
28588,Janoubana,2026-09-09,2026-09-09 00:00:00+03:00,2026-09-09 16:27:00+03:00,القصف المدفعي,قصف مدفعي,الدبشه | دوحه كفررمان,851,كفر رمان,none,1,NOT_IN_INCIDENTS,NEWS_FAILED,error,,32677,
28588,Janoubana,2026-09-09,2026-09-09 00:00:00+03:00,2026-09-09 16:27:00+03:00,القصف المدفعي,قصف مدفعي,المنصوري,976,المنصوري,none,1,NOT_IN_INCIDENTS,NEWS_FAILED,error,,32582;32614;32660,
28588,Janoubana,2026-09-09,2026-09-09 00:00:00+03:00,2026-09-09 16:27:00+03:00,القصف المدفعي,قصف مدفعي,اطراف قبريخا,1219,قبريخا,none,1,NOT_IN_INCIDENTS,NEWS_FAILED,error,,32614,
28588,Janoubana,2026-09-09,2026-09-09 00:00:00+03:00,2026-09-09 16:27:00+03:00,القصف المدفعي,قصف مدفعي,بيت ياحون,273,بيت ياحون,none,1,NOT_IN_INCIDENTS,NEWS_WRONG_VILLAGE,عدشيت القصير,,32326,
28588,Janoubana,2026-09-09,2026-09-09 00:00:00+03:00,2026-09-09 16:27:00+03:00,عمليات التفجير,تلغيم وتفجير,المنصوري (32),976,المنصوري,none,32,NOT_IN_INCIDENTS,NEWS_FAILED,error,,32582;32614;32660,
28588,Janoubana,2026-09-09,2026-09-09 00:00:00+03:00,2026-09-09 16:27:00+03:00,عمليات التفجير,تلغيم وتفجير,وادي السلوقي (3),1464,تولين,none,3,NOT_IN_INCIDENTS,NEWS_FAILED,error,,2111;29797;32419;32420;32576;32577;32582;32614,
28588,Janoubana,2026-09-09,2026-09-09 00:00:00+03:00,2026-09-09 16:27:00+03:00,عمليات التفجير,تلغيم وتفجير,اطراف طيرحرفا,1443,طير حرفا,none,1,NOT_IN_INCIDENTS,NEWS_NEVER_ARRIVED,,,,
28588,Janoubana,2026-09-09,2026-09-09 00:00:00+03:00,2026-09-09 16:27:00+03:00,عمليات التفجير,تلغيم وتفجير,بني حيان (4),205,بني حيان,none,4,NOT_IN_INCIDENTS,NEWS_FAILED,error,,32660;32669,
28588,Janoubana,2026-09-09,2026-09-09 00:00:00+03:00,2026-09-09 16:27:00+03:00,عمليات التفجير,تلغيم وتفجير,الطيري,1457,طيري,none,1,NOT_IN_INCIDENTS,NEWS_FAILED,error,,32582,
28588,Janoubana,2026-09-09,2026-09-09 00:00:00+03:00,2026-09-09 16:27:00+03:00,عمليات التفجير,تلغيم وتفجير,القنطره,1228,قنطرة,none,1,NOT_IN_INCIDENTS,NEWS_WRONG_VILLAGE,عدشيت القصير,,32326,
28588,Janoubana,2026-09-09,2026-09-09 00:00:00+03:00,2026-09-09 16:27:00+03:00,عمليات التفجير,تلغيم وتفجير,الخيام (3),901,الخيام,none,3,SAME_VILLAGE_OTHER_ACTION,قصف وغارات,,,,
28038,alichoeib1970,2026-09-09,2026-09-09 00:00:00+03:00,2026-09-09 23:58:15+03:00,الغارات التي نفذها الطيران الحربي المعادي,قصف وغارات,بين النبطيه الفوقا-كفرتبنيت | النبطيه الفوقا,1153,نبطية الفوقا,between,1,NOT_IN_INCIDENTS,NEWS_FAILED,error,,32944;32974;28015;28100;28217,
28038,alichoeib1970,2026-09-09,2026-09-09 00:00:00+03:00,2026-09-09 23:58:15+03:00,الغارات التي نفذها الطيران الحربي المعادي,قصف وغارات,وادي زبقين,1523,زبقين,none,1,NOT_IN_INCIDENTS,NEWS_FAILED,error,,32630;29578;29806;32419;32606;32631;32636;32647,
28038,alichoeib1970,2026-09-09,2026-09-09 00:00:00+03:00,2026-09-09 23:58:15+03:00,الغارات التي نفذها الطيران الحربي المعادي,قصف وغارات,وادي السلوقي,1464,تولين,none,1,NOT_IN_INCIDENTS,NEWS_FAILED,error,,2111;28782;29401;29797;32419;32420;32576;32577;32582;32614;32804;33098;28202,
28038,alichoeib1970,2026-09-09,2026-09-09 00:00:00+03:00,2026-09-09 23:58:15+03:00,الغارات التي نفذها الطيران الحربي المعادي,قصف وغارات,الخيام,901,الخيام,none,1,DUPLICATE_OF_NEWS,,,9d2e9713-8d5c-473c-b83c-51c86a857cd8;e3eb955c-2b34-4ecf-894f-44102a3a5673;5397f166-cc63-4c0b-82a1-20dfdcf77a70,,232
28038,alichoeib1970,2026-09-09,2026-09-09 00:00:00+03:00,2026-09-09 23:58:15+03:00,الغارات التي نفذها الطيران الحربي المعادي,قصف وغارات,بين حداثا و حاريص,601,حداثا,between,1,DUPLICATE_OF_NEWS,,,0834539d-8429-42b1-9354-91d1d1f73e13,,257
28038,alichoeib1970,2026-09-09,2026-09-09 00:00:00+03:00,2026-09-09 23:58:15+03:00,الغارات التي نفذها الطيران الحربي المعادي,قصف وغارات,صربين,1412,صربين,none,1,DUPLICATE_OF_NEWS,,,49294689-c29e-4cce-a9e7-5f8b0f7756a6;66344ea3-4068-4515-8dac-81a202f88e6b,,266
28038,alichoeib1970,2026-09-09,2026-09-09 00:00:00+03:00,2026-09-09 23:58:15+03:00,الغارات التي نفذها الطيران الحربي المعادي,قصف وغارات,القنطره,1228,قنطرة,none,1,DUPLICATE_OF_NEWS,,,bd067d72-77f3-4453-98f9-d824ddcb9d4d,,92
28038,alichoeib1970,2026-09-09,2026-09-09 00:00:00+03:00,2026-09-09 23:58:15+03:00,الغارات التي نفذها الطيران الحربي المعادي,قصف وغارات,المنصوري,976,المنصوري,none,1,DUPLICATE_OF_NEWS,,,8b99af11-6adc-4947-946e-cd4f32c19e72,,82
28038,alichoeib1970,2026-09-09,2026-09-09 00:00:00+03:00,2026-09-09 23:58:15+03:00,الغارات التي نفذها الطيران المسير المعادي,قصف وغارات,مرج حاروف,652,حروف,none,1,DUPLICATE_OF_NEWS,,,303f0add-098d-42da-b4bb-f3772e9ac433;ae3efd5c-38a9-457f-b812-5b085f8b7d1c;f925af88-cd8c-4de5-8a06-e0894abf2cb3,,69
28038,alichoeib1970,2026-09-09,2026-09-09 00:00:00+03:00,2026-09-09 23:58:15+03:00,القصف المدفعي المعادي,قصف مدفعي,النبطيه الفوقا,1153,نبطية الفوقا,none,1,NOT_IN_INCIDENTS,NEWS_FAILED,error,,32944;32974;28015;28100;28217,
28038,alichoeib1970,2026-09-09,2026-09-09 00:00:00+03:00,2026-09-09 23:58:15+03:00,القصف المدفعي المعادي,قصف مدفعي,دوحه كفررمان,851,كفر رمان,none,1,NOT_IN_INCIDENTS,NEWS_FAILED,error,,32677;28206,
28038,alichoeib1970,2026-09-09,2026-09-09 00:00:00+03:00,2026-09-09 23:58:15+03:00,القصف المدفعي المعادي,قصف مدفعي,وادي السلوقي,1464,تولين,none,1,NOT_IN_INCIDENTS,NEWS_FAILED,error,,2111;28782;29401;29797;32419;32420;32576;32577;32582;32614;32804;33098;28202,
28038,alichoeib1970,2026-09-09,2026-09-09 00:00:00+03:00,2026-09-09 23:58:15+03:00,القصف المدفعي المعادي,قصف مدفعي,زوطر الشرقيه,1519,زوطر الشرقية,none,1,NOT_IN_INCIDENTS,NEWS_REJECTED,unspecified,,33387,
28038,alichoeib1970,2026-09-09,2026-09-09 00:00:00+03:00,2026-09-09 23:58:15+03:00,القصف المدفعي المعادي,قصف مدفعي,حداثا,601,حداثا,none,1,NOT_IN_INCIDENTS,NEWS_FAILED,error,,32093;32660;32777;28197,
28038,alichoeib1970,2026-09-09,2026-09-09 00:00:00+03:00,2026-09-09 23:58:15+03:00,القصف المدفعي المعادي,قصف مدفعي,مجدل سلم,966,مجدل سلم,none,1,DUPLICATE_OF_NEWS,,,24c830a7-d151-422e-9abd-5fc868195d99,,346
28038,alichoeib1970,2026-09-09,2026-09-09 00:00:00+03:00,2026-09-09 23:58:15+03:00,القصف المدفعي المعادي,قصف مدفعي,ميس الجبل,1079,ميس الجبل,none,1,NOT_IN_INCIDENTS,NEWS_NEVER_ARRIVED,,,,
28038,alichoeib1970,2026-09-09,2026-09-09 00:00:00+03:00,2026-09-09 23:58:15+03:00,القصف المدفعي المعادي,قصف مدفعي,بيت ياحون,273,بيت ياحون,none,1,DUPLICATE_OF_NEWS,,,f9efdbfe-b6a7-47b1-a83a-a0b089be7657,,46
28038,alichoeib1970,2026-09-09,2026-09-09 00:00:00+03:00,2026-09-09 23:58:15+03:00,القصف المدفعي المعادي,قصف مدفعي,برعشيت,207,برعشيت,none,1,DUPLICATE_OF_NEWS,,,6037d8c0-6154-483c-a08f-daa9b513e181,,46
28038,alichoeib1970,2026-09-09,2026-09-09 00:00:00+03:00,2026-09-09 23:58:15+03:00,القصف المدفعي المعادي,قصف مدفعي,المنصوري,976,المنصوري,none,1,SAME_VILLAGE_OTHER_ACTION,قصف وغارات,,,,
28038,alichoeib1970,2026-09-09,2026-09-09 00:00:00+03:00,2026-09-09 23:58:15+03:00,القصف المدفعي المعادي,قصف مدفعي,حولا,701,حولا,none,1,DUPLICATE_OF_NEWS,,,d38ea938-6ce5-4872-a1c1-1736fa4a19a4,,362
28038,alichoeib1970,2026-09-09,2026-09-09 00:00:00+03:00,2026-09-09 23:58:15+03:00,القصف المدفعي المعادي,قصف مدفعي,قبريخا,1219,قبريخا,none,1,NOT_IN_INCIDENTS,NEWS_FAILED,error,,32614,
28038,alichoeib1970,2026-09-09,2026-09-09 00:00:00+03:00,2026-09-09 23:58:15+03:00,التفجيرات التي نفذها العدو في البلدات الجنوبيه,تلغيم وتفجير,المنصوري,976,المنصوري,none,1,SAME_VILLAGE_OTHER_ACTION,قصف وغارات,,,,
28038,alichoeib1970,2026-09-09,2026-09-09 00:00:00+03:00,2026-09-09 23:58:15+03:00,التفجيرات التي نفذها العدو في البلدات الجنوبيه,تلغيم وتفجير,مركبا,991,مركبا,none,1,NOT_IN_INCIDENTS,NEWS_FAILED,error,,32660;32669,
28038,alichoeib1970,2026-09-09,2026-09-09 00:00:00+03:00,2026-09-09 23:58:15+03:00,التفجيرات التي نفذها العدو في البلدات الجنوبيه,تلغيم وتفجير,بني حيان,205,بني حيان,none,1,SAME_VILLAGE_OTHER_ACTION,قصف وغارات,,,,
28038,alichoeib1970,2026-09-09,2026-09-09 00:00:00+03:00,2026-09-09 23:58:15+03:00,التفجيرات التي نفذها العدو في البلدات الجنوبيه,تلغيم وتفجير,الخيام,901,الخيام,none,1,SAME_VILLAGE_OTHER_ACTION,قصف وغارات,,,,
28038,alichoeib1970,2026-09-09,2026-09-09 00:00:00+03:00,2026-09-09 23:58:15+03:00,التفجيرات التي نفذها العدو في البلدات الجنوبيه,تلغيم وتفجير,طير حرفا,1443,طير حرفا,none,1,NOT_IN_INCIDENTS,NEWS_NEVER_ARRIVED,,,,
28038,alichoeib1970,2026-09-09,2026-09-09 00:00:00+03:00,2026-09-09 23:58:15+03:00,التفجيرات التي نفذها العدو في البلدات الجنوبيه,تلغيم وتفجير,القنطره | بين القنطره و عدشيت القصير,1228,قنطرة,between,1,SAME_VILLAGE_OTHER_ACTION,قصف مدفعي; قصف وغارات,,,,
28038,alichoeib1970,2026-09-09,2026-09-09 00:00:00+03:00,2026-09-09 23:58:15+03:00,التفجيرات التي نفذها العدو في البلدات الجنوبيه,تلغيم وتفجير,الطيري,1457,طيري,none,1,NOT_IN_INCIDENTS,NEWS_FAILED,error,,32582,
28038,alichoeib1970,2026-09-09,2026-09-09 00:00:00+03:00,2026-09-09 23:58:15+03:00,التفجيرات التي نفذها العدو في البلدات الجنوبيه,تلغيم وتفجير,مجدلزون,969,مجدل زون,none,1,NOT_IN_INCIDENTS,NEWS_FAILED,error,,32582,
28038,alichoeib1970,2026-09-09,2026-09-09 00:00:00+03:00,2026-09-09 23:58:15+03:00,القنابل الصوتيه,قنابل صوتية,المنصوري,976,المنصوري,none,1,SAME_VILLAGE_OTHER_ACTION,قصف وغارات,,,,
28038,alichoeib1970,2026-09-09,2026-09-09 00:00:00+03:00,2026-09-09 23:58:15+03:00,القنابل الصوتيه,قنابل صوتية,حداثا,601,حداثا,none,1,NOT_IN_INCIDENTS,NEWS_FAILED,error,,32093;32660;32777;28197,
27993,Janoubana; nabatiehchannel; sameralhajali,2026-09-09,2026-09-09 00:00:00+03:00,2026-09-09 23:59:33+03:00,الغارات التي نفذها الطيران الحربي المعادي,قصف وغارات,بين النبطيه الفوقا-كفرتبنيت | النبطيه الفوقا,1153,نبطية الفوقا,between,1,NOT_IN_INCIDENTS,NEWS_FAILED,error,,32944;32974;28015;28100;28217,
27993,Janoubana; nabatiehchannel; sameralhajali,2026-09-09,2026-09-09 00:00:00+03:00,2026-09-09 23:59:33+03:00,الغارات التي نفذها الطيران الحربي المعادي,قصف وغارات,وادي زبقين,1523,زبقين,none,1,NOT_IN_INCIDENTS,NEWS_FAILED,error,,32630;29578;29806;32419;32606;32631;32636;32647,
27993,Janoubana; nabatiehchannel; sameralhajali,2026-09-09,2026-09-09 00:00:00+03:00,2026-09-09 23:59:33+03:00,الغارات التي نفذها الطيران الحربي المعادي,قصف وغارات,وادي السلوقي,1464,تولين,none,1,NOT_IN_INCIDENTS,NEWS_FAILED,error,,2111;28782;29401;29797;32419;32420;32576;32577;32582;32614;32804;33098;28202,
27993,Janoubana; nabatiehchannel; sameralhajali,2026-09-09,2026-09-09 00:00:00+03:00,2026-09-09 23:59:33+03:00,الغارات التي نفذها الطيران الحربي المعادي,قصف وغارات,الخيام,901,الخيام,none,1,DUPLICATE_OF_NEWS,,,9d2e9713-8d5c-473c-b83c-51c86a857cd8;e3eb955c-2b34-4ecf-894f-44102a3a5673;5397f166-cc63-4c0b-82a1-20dfdcf77a70,,233
27993,Janoubana; nabatiehchannel; sameralhajali,2026-09-09,2026-09-09 00:00:00+03:00,2026-09-09 23:59:33+03:00,الغارات التي نفذها الطيران الحربي المعادي,قصف وغارات,بين حداثا و حاريص,601,حداثا,between,1,DUPLICATE_OF_NEWS,,,0834539d-8429-42b1-9354-91d1d1f73e13,,258
27993,Janoubana; nabatiehchannel; sameralhajali,2026-09-09,2026-09-09 00:00:00+03:00,2026-09-09 23:59:33+03:00,الغارات التي نفذها الطيران الحربي المعادي,قصف وغارات,صربين,1412,صربين,none,1,DUPLICATE_OF_NEWS,,,49294689-c29e-4cce-a9e7-5f8b0f7756a6;66344ea3-4068-4515-8dac-81a202f88e6b,,267
27993,Janoubana; nabatiehchannel; sameralhajali,2026-09-09,2026-09-09 00:00:00+03:00,2026-09-09 23:59:33+03:00,الغارات التي نفذها الطيران الحربي المعادي,قصف وغارات,القنطره,1228,قنطرة,none,1,DUPLICATE_OF_NEWS,,,bd067d72-77f3-4453-98f9-d824ddcb9d4d,,93
27993,Janoubana; nabatiehchannel; sameralhajali,2026-09-09,2026-09-09 00:00:00+03:00,2026-09-09 23:59:33+03:00,الغارات التي نفذها الطيران الحربي المعادي,قصف وغارات,المنصوري,976,المنصوري,none,1,DUPLICATE_OF_NEWS,,,8b99af11-6adc-4947-946e-cd4f32c19e72,,83
27993,Janoubana; nabatiehchannel; sameralhajali,2026-09-09,2026-09-09 00:00:00+03:00,2026-09-09 23:59:33+03:00,الغارات التي نفذها الطيران المسير المعادي,قصف وغارات,مرج حاروف,652,حروف,none,1,DUPLICATE_OF_NEWS,,,303f0add-098d-42da-b4bb-f3772e9ac433;ae3efd5c-38a9-457f-b812-5b085f8b7d1c;f925af88-cd8c-4de5-8a06-e0894abf2cb3,,70
27993,Janoubana; nabatiehchannel; sameralhajali,2026-09-09,2026-09-09 00:00:00+03:00,2026-09-09 23:59:33+03:00,القصف المدفعي المعادي,قصف مدفعي,النبطيه الفوقا,1153,نبطية الفوقا,none,1,NOT_IN_INCIDENTS,NEWS_FAILED,error,,32944;32974;28015;28100;28217,
27993,Janoubana; nabatiehchannel; sameralhajali,2026-09-09,2026-09-09 00:00:00+03:00,2026-09-09 23:59:33+03:00,القصف المدفعي المعادي,قصف مدفعي,دوحه كفررمان,851,كفر رمان,none,1,NOT_IN_INCIDENTS,NEWS_FAILED,error,,32677;28206,
27993,Janoubana; nabatiehchannel; sameralhajali,2026-09-09,2026-09-09 00:00:00+03:00,2026-09-09 23:59:33+03:00,القصف المدفعي المعادي,قصف مدفعي,وادي السلوقي,1464,تولين,none,1,NOT_IN_INCIDENTS,NEWS_FAILED,error,,2111;28782;29401;29797;32419;32420;32576;32577;32582;32614;32804;33098;28202,
27993,Janoubana; nabatiehchannel; sameralhajali,2026-09-09,2026-09-09 00:00:00+03:00,2026-09-09 23:59:33+03:00,القصف المدفعي المعادي,قصف مدفعي,زوطر الشرقيه,1519,زوطر الشرقية,none,1,NOT_IN_INCIDENTS,NEWS_REJECTED,unspecified,,33387,
27993,Janoubana; nabatiehchannel; sameralhajali,2026-09-09,2026-09-09 00:00:00+03:00,2026-09-09 23:59:33+03:00,القصف المدفعي المعادي,قصف مدفعي,حداثا,601,حداثا,none,1,NOT_IN_INCIDENTS,NEWS_FAILED,error,,32093;32660;32777;28197,
27993,Janoubana; nabatiehchannel; sameralhajali,2026-09-09,2026-09-09 00:00:00+03:00,2026-09-09 23:59:33+03:00,القصف المدفعي المعادي,قصف مدفعي,مجدل سلم,966,مجدل سلم,none,1,DUPLICATE_OF_NEWS,,,24c830a7-d151-422e-9abd-5fc868195d99,,347
27993,Janoubana; nabatiehchannel; sameralhajali,2026-09-09,2026-09-09 00:00:00+03:00,2026-09-09 23:59:33+03:00,القصف المدفعي المعادي,قصف مدفعي,ميس الجبل,1079,ميس الجبل,none,1,NOT_IN_INCIDENTS,NEWS_NEVER_ARRIVED,,,,
27993,Janoubana; nabatiehchannel; sameralhajali,2026-09-09,2026-09-09 00:00:00+03:00,2026-09-09 23:59:33+03:00,القصف المدفعي المعادي,قصف مدفعي,بيت ياحون,273,بيت ياحون,none,1,DUPLICATE_OF_NEWS,,,f9efdbfe-b6a7-47b1-a83a-a0b089be7657,,47
27993,Janoubana; nabatiehchannel; sameralhajali,2026-09-09,2026-09-09 00:00:00+03:00,2026-09-09 23:59:33+03:00,القصف المدفعي المعادي,قصف مدفعي,برعشيت,207,برعشيت,none,1,DUPLICATE_OF_NEWS,,,6037d8c0-6154-483c-a08f-daa9b513e181,,47
27993,Janoubana; nabatiehchannel; sameralhajali,2026-09-09,2026-09-09 00:00:00+03:00,2026-09-09 23:59:33+03:00,القصف المدفعي المعادي,قصف مدفعي,المنصوري,976,المنصوري,none,1,SAME_VILLAGE_OTHER_ACTION,قصف وغارات,,,,
27993,Janoubana; nabatiehchannel; sameralhajali,2026-09-09,2026-09-09 00:00:00+03:00,2026-09-09 23:59:33+03:00,القصف المدفعي المعادي,قصف مدفعي,حولا,701,حولا,none,1,DUPLICATE_OF_NEWS,,,d38ea938-6ce5-4872-a1c1-1736fa4a19a4,,364
27993,Janoubana; nabatiehchannel; sameralhajali,2026-09-09,2026-09-09 00:00:00+03:00,2026-09-09 23:59:33+03:00,القصف المدفعي المعادي,قصف مدفعي,قبريخا,1219,قبريخا,none,1,NOT_IN_INCIDENTS,NEWS_FAILED,error,,32614,
27993,Janoubana; nabatiehchannel; sameralhajali,2026-09-09,2026-09-09 00:00:00+03:00,2026-09-09 23:59:33+03:00,التفجيرات التي نفذها العدو في البلدات الجنوبيه,تلغيم وتفجير,المنصوري,976,المنصوري,none,1,SAME_VILLAGE_OTHER_ACTION,قصف وغارات,,,,
27993,Janoubana; nabatiehchannel; sameralhajali,2026-09-09,2026-09-09 00:00:00+03:00,2026-09-09 23:59:33+03:00,التفجيرات التي نفذها العدو في البلدات الجنوبيه,تلغيم وتفجير,مركبا,991,مركبا,none,1,NOT_IN_INCIDENTS,NEWS_FAILED,error,,32660;32669,
27993,Janoubana; nabatiehchannel; sameralhajali,2026-09-09,2026-09-09 00:00:00+03:00,2026-09-09 23:59:33+03:00,التفجيرات التي نفذها العدو في البلدات الجنوبيه,تلغيم وتفجير,بني حيان,205,بني حيان,none,1,SAME_VILLAGE_OTHER_ACTION,قصف وغارات,,,,
27993,Janoubana; nabatiehchannel; sameralhajali,2026-09-09,2026-09-09 00:00:00+03:00,2026-09-09 23:59:33+03:00,التفجيرات التي نفذها العدو في البلدات الجنوبيه,تلغيم وتفجير,الخيام,901,الخيام,none,1,SAME_VILLAGE_OTHER_ACTION,قصف وغارات,,,,
27993,Janoubana; nabatiehchannel; sameralhajali,2026-09-09,2026-09-09 00:00:00+03:00,2026-09-09 23:59:33+03:00,التفجيرات التي نفذها العدو في البلدات الجنوبيه,تلغيم وتفجير,طير حرفا,1443,طير حرفا,none,1,NOT_IN_INCIDENTS,NEWS_NEVER_ARRIVED,,,,
27993,Janoubana; nabatiehchannel; sameralhajali,2026-09-09,2026-09-09 00:00:00+03:00,2026-09-09 23:59:33+03:00,التفجيرات التي نفذها العدو في البلدات الجنوبيه,تلغيم وتفجير,القنطره | بين القنطره و عدشيت القصير,1228,قنطرة,between,1,SAME_VILLAGE_OTHER_ACTION,قصف مدفعي; قصف وغارات,,,,
27993,Janoubana; nabatiehchannel; sameralhajali,2026-09-09,2026-09-09 00:00:00+03:00,2026-09-09 23:59:33+03:00,التفجيرات التي نفذها العدو في البلدات الجنوبيه,تلغيم وتفجير,الطيري,1457,طيري,none,1,NOT_IN_INCIDENTS,NEWS_FAILED,error,,32582,
27993,Janoubana; nabatiehchannel; sameralhajali,2026-09-09,2026-09-09 00:00:00+03:00,2026-09-09 23:59:33+03:00,التفجيرات التي نفذها العدو في البلدات الجنوبيه,تلغيم وتفجير,مجدلزون,969,مجدل زون,none,1,NOT_IN_INCIDENTS,NEWS_FAILED,error,,32582,
27993,Janoubana; nabatiehchannel; sameralhajali,2026-09-09,2026-09-09 00:00:00+03:00,2026-09-09 23:59:33+03:00,القنابل الصوتيه,قنابل صوتية,المنصوري,976,المنصوري,none,1,SAME_VILLAGE_OTHER_ACTION,قصف وغارات,,,,
27993,Janoubana; nabatiehchannel; sameralhajali,2026-09-09,2026-09-09 00:00:00+03:00,2026-09-09 23:59:33+03:00,القنابل الصوتيه,قنابل صوتية,حداثا,601,حداثا,none,1,NOT_IN_INCIDENTS,NEWS_FAILED,error,,32093;32660;32777;28197,
27996,hashemsayed,2026-09-13,2026-09-13 00:00:00+03:00,2026-09-13 11:31:37+03:00,القصف المدفعي,قصف مدفعي,وادي السلوقي,1464,تولين,none,1,NOT_IN_INCIDENTS,NEWS_WRONG_VILLAGE,المنصوري; زبقين; طلوسة; كفر تبنيت; وادي الست,,28127;28127;28127;28127;28127;28127;28127;28127;28127;28127;28127;28127;28127;28127;28127;28127;28127;28127;28127;28127;28127;28127;28127;28127;28127,
27996,hashemsayed,2026-09-13,2026-09-13 00:00:00+03:00,2026-09-13 11:31:37+03:00,القصف المدفعي,قصف مدفعي,اطراف زوطر الشرقيه وميفدون | زوطر الشرقيه,1519,زوطر الشرقية,none,1,NOT_IN_INCIDENTS,NEWS_WRONG_VILLAGE,المنصوري; زبقين; طلوسة; كفر تبنيت; وادي الست,,28127;28127;28127;28127;28127;28127;28127;28127;28127;28127;28127;28127;28127;28127;28127;28127;28127;28127;28127;28127;28127;28127;28127;28127;28127,
27996,hashemsayed,2026-09-13,2026-09-13 00:00:00+03:00,2026-09-13 11:31:37+03:00,القصف المدفعي,قصف مدفعي,اطراف زوطر الشرقيه وميفدون,1003,ميفدون,none,1,NOT_IN_INCIDENTS,NEWS_WRONG_VILLAGE,المنصوري; زبقين; طلوسة; كفر تبنيت; وادي الست,,28127;28127;28127;28127;28127;28127;28127;28127;28127;28127;28127;28127;28127;28127;28127;28127;28127;28127;28127;28127;28127;28127;28127;28127;28127,
27996,hashemsayed,2026-09-13,2026-09-13 00:00:00+03:00,2026-09-13 11:31:37+03:00,التفجيرات,تلغيم وتفجير,بيت ياحون,273,بيت ياحون,none,1,DUPLICATE_OF_NEWS,,,7944bcfc-498a-439e-aa49-55207da26ad5,,-24
27996,hashemsayed,2026-09-13,2026-09-13 00:00:00+03:00,2026-09-13 11:31:37+03:00,التمشيط بالاسلحه الرشاشه,عملية تمشيط,زوطر الشرقيه,1519,زوطر الشرقية,none,1,NOT_IN_INCIDENTS,NEWS_WRONG_VILLAGE,المنصوري; زبقين; طلوسة; كفر تبنيت; وادي الست,,28127;28127;28127;28127;28127;28127;28127;28127;28127;28127;28127;28127;28127;28127;28127;28127;28127;28127;28127;28127;28127;28127;28127;28127;28127,
27996,hashemsayed,2026-09-13,2026-09-13 00:00:00+03:00,2026-09-13 11:31:37+03:00,غارات من الطيران الحربي,قصف وغارات,- حي الدير في بلده النبطيه الفوقا,1153,نبطية الفوقا,none,1,DUPLICATE_OF_NEWS,,,2ae52779-2896-4f08-b122-26ff719b3a2c;48fea209-5a10-4528-8da2-bb7fbd7d887d,,-4
27996,hashemsayed,2026-09-13,2026-09-13 00:00:00+03:00,2026-09-13 11:31:37+03:00,غارات من الطيران الحربي,قصف وغارات,- بلده كفرتبنيت,857,كفر تبنيت,none,1,DUPLICATE_OF_NEWS,,,3b66dd84-a536-417f-ae16-2d3578b11343;f5787d8a-5106-4ab7-8253-9dbe1e78859e;d4199d2e-4453-4a17-9ef9-d40a1fb21de7;328cd8dd-8261-46c0-be68-2cce6c9f1417;81520340-2d28-443b-86a8-010e47bf6dbb;a3fe5ff6-74cd-4105-a92f-d2d65458fd77;1b2b96fa-9f76-4556-895b-2ddc5933ad04;1514aa14-659a-40a0-be25-208e08b9cd33,,-17
27996,hashemsayed,2026-09-13,2026-09-13 00:00:00+03:00,2026-09-13 11:31:37+03:00,غارات من الطيران الحربي,قصف وغارات,- مرتفع علي الطاهر,87,علي الطاهر,none,1,DUPLICATE_OF_NEWS,,,17a78b85-511f-42fd-ad4d-e02756c22915,,-4
33149,alichoeib1970,2026-09-13,2026-09-13 00:00:00+03:00,2026-09-13 23:57:02+03:00,الغارات التي نفذها الطيران الحربي المعادي,قصف وغارات,النبطيه الفوقا,1153,نبطية الفوقا,none,1,DUPLICATE_OF_NEWS,,,2ae52779-2896-4f08-b122-26ff719b3a2c;48fea209-5a10-4528-8da2-bb7fbd7d887d,,741
33149,alichoeib1970,2026-09-13,2026-09-13 00:00:00+03:00,2026-09-13 23:57:02+03:00,الغارات التي نفذها الطيران الحربي المعادي,قصف وغارات,كفرتبنيت,857,كفر تبنيت,none,1,DUPLICATE_OF_NEWS,,,3b66dd84-a536-417f-ae16-2d3578b11343;f5787d8a-5106-4ab7-8253-9dbe1e78859e;d4199d2e-4453-4a17-9ef9-d40a1fb21de7;328cd8dd-8261-46c0-be68-2cce6c9f1417;81520340-2d28-443b-86a8-010e47bf6dbb;a3fe5ff6-74cd-4105-a92f-d2d65458fd77;1b2b96fa-9f76-4556-895b-2ddc5933ad04;1514aa14-659a-40a0-be25-208e08b9cd33,,729
33149,alichoeib1970,2026-09-13,2026-09-13 00:00:00+03:00,2026-09-13 23:57:02+03:00,الغارات التي نفذها الطيران الحربي المعادي,قصف وغارات,علي الطاهر,87,علي الطاهر,none,1,DUPLICATE_OF_NEWS,,,17a78b85-511f-42fd-ad4d-e02756c22915,,741
33149,alichoeib1970,2026-09-13,2026-09-13 00:00:00+03:00,2026-09-13 23:57:02+03:00,الغارات التي نفذها الطيران الحربي المعادي,قصف وغارات,اطراف ميفدون,1003,ميفدون,none,1,SAME_VILLAGE_OTHER_ACTION,تلغيم وتفجير; عملية تمشيط; قصف مدفعي,,,,
33149,alichoeib1970,2026-09-13,2026-09-13 00:00:00+03:00,2026-09-13 23:57:02+03:00,الغارات التي نفذها الطيران الحربي المعادي,قصف وغارات,القنطره,1228,قنطرة,none,1,DUPLICATE_OF_NEWS,,,62ff0e85-02d5-424a-ad05-a0b47af559ea;92ba754c-476a-4040-97df-73824a72e227;336383de-c6e6-418e-b5fe-43a9c44fb30f,,286
33149,alichoeib1970,2026-09-13,2026-09-13 00:00:00+03:00,2026-09-13 23:57:02+03:00,الغارات التي نفذها الطيران الحربي المعادي,قصف وغارات,وادي زبقين,1523,زبقين,none,1,DUPLICATE_OF_NEWS,,,1014282f-74e4-43de-aaf6-ad178e95a6e6;8fb4f1fd-f106-44eb-81e3-14e42493dd03;ab57f505-c96d-4198-9dd9-330e085fb0f3;dfd81814-4f83-4e12-8276-787a82177d6f,,769
33149,alichoeib1970,2026-09-13,2026-09-13 00:00:00+03:00,2026-09-13 23:57:02+03:00,الغارات التي نفذها الطيران الحربي المعادي,قصف وغارات,بين حداثا و حاريص,601,حداثا,between,1,DUPLICATE_OF_NEWS,,,be57af87-2b4c-42c5-a13e-6f11fbcc9395,,226
33149,alichoeib1970,2026-09-13,2026-09-13 00:00:00+03:00,2026-09-13 23:57:02+03:00,الغارات التي نفذها الطيران الحربي المعادي,قصف وغارات,المنصوري,976,المنصوري,none,1,DUPLICATE_OF_NEWS,,,771e35d1-b5df-45ff-85a6-1c215468c724;8e1521e6-9e17-4730-af8c-8a7051260b92;b5d47541-f511-43e9-bdb8-a239c7eb231e;c500dc6e-cf22-41c3-afa9-c40a5ca723f6;1a1dcc05-3958-433c-86db-d1827bff0211,,769
33149,alichoeib1970,2026-09-13,2026-09-13 00:00:00+03:00,2026-09-13 23:57:02+03:00,القصف المدفعي المعادي,قصف مدفعي,وادي السلوقي,1464,تولين,none,1,NOT_IN_INCIDENTS,NEWS_FAILED,error,,27940;27944;28021;28026,
33149,alichoeib1970,2026-09-13,2026-09-13 00:00:00+03:00,2026-09-13 23:57:02+03:00,القصف المدفعي المعادي,قصف مدفعي,زوطر الشرقيه,1519,زوطر الشرقية,none,1,DUPLICATE_OF_NEWS,,,18a9f658-6961-4a52-8655-71c611c31c7c;600d7e5f-77eb-4be6-bd7d-16a6bcc8647f;ae9e7876-99b9-4c70-9c4f-f07224d944e1;eb89f1f2-24a5-4531-ae56-a155a222e64c,,249
33149,alichoeib1970,2026-09-13,2026-09-13 00:00:00+03:00,2026-09-13 23:57:02+03:00,القصف المدفعي المعادي,قصف مدفعي,المنصوري,976,المنصوري,none,1,DUPLICATE_OF_NEWS,,,e3f31d11-c7f6-4764-853b-40adccacf06e,,722
33149,alichoeib1970,2026-09-13,2026-09-13 00:00:00+03:00,2026-09-13 23:57:02+03:00,القصف المدفعي المعادي,قصف مدفعي,وادي زبقين,1523,زبقين,none,1,DUPLICATE_OF_NEWS,,,cf32f9a5-dc68-4c96-b557-07d18f7f78c2;c36612af-b006-4c56-aa39-f6c0de4b12e7,,722
33149,alichoeib1970,2026-09-13,2026-09-13 00:00:00+03:00,2026-09-13 23:57:02+03:00,القصف المدفعي المعادي,قصف مدفعي,حداثا,601,حداثا,none,1,SAME_VILLAGE_OTHER_ACTION,عملية تمشيط,,,,
33149,alichoeib1970,2026-09-13,2026-09-13 00:00:00+03:00,2026-09-13 23:57:02+03:00,القصف المدفعي المعادي,قصف مدفعي,بيت ياحون,273,بيت ياحون,none,1,DUPLICATE_OF_NEWS,,,0e546060-c498-4216-9e0b-2af8251750a8,,722
33149,alichoeib1970,2026-09-13,2026-09-13 00:00:00+03:00,2026-09-13 23:57:02+03:00,القصف المدفعي المعادي,قصف مدفعي,النبطيه الفوقا,1153,نبطية الفوقا,none,1,DUPLICATE_OF_NEWS,,,679c20ad-8f7d-4d41-a6c5-90f6e5161898;d89a36f4-e244-41a8-a1d0-a736212f34cc;dfe74f89-1492-482c-80e6-1e933463823f;e0de5435-4807-47bc-be98-2017a75d7fb2,,249
33149,alichoeib1970,2026-09-13,2026-09-13 00:00:00+03:00,2026-09-13 23:57:02+03:00,القصف المدفعي المعادي,قصف مدفعي,صربين,1412,صربين,none,1,NOT_IN_INCIDENTS,NEWS_NEVER_ARRIVED,,,,
33149,alichoeib1970,2026-09-13,2026-09-13 00:00:00+03:00,2026-09-13 23:57:02+03:00,القصف المدفعي المعادي,قصف مدفعي,كفرتبنيت,857,كفر تبنيت,none,1,DUPLICATE_OF_NEWS,,,fe88aa1a-ce16-47c1-a027-57389b69adb1,,722
33149,alichoeib1970,2026-09-13,2026-09-13 00:00:00+03:00,2026-09-13 23:57:02+03:00,القصف المدفعي المعادي,قصف مدفعي,علي الطاهر,87,علي الطاهر,none,1,DUPLICATE_OF_NEWS,,,11f1842c-d4f0-4a48-a42e-b0540d991cba;d828c21e-0858-473c-babc-1bd89d6ba8b6;c37eb55d-cfc3-4f7a-b456-585225a9e180;e7bcc946-4d98-4453-8088-84e7c2ecda14;9c5743d7-d4a8-4665-801e-1ea782f1812d,,249
33149,alichoeib1970,2026-09-13,2026-09-13 00:00:00+03:00,2026-09-13 23:57:02+03:00,التفجيرات التي نفذها العدو في البلدات الجنوبيه,تلغيم وتفجير,بيت ياحون,273,بيت ياحون,none,1,DUPLICATE_OF_NEWS,,,7944bcfc-498a-439e-aa49-55207da26ad5,,722
33149,alichoeib1970,2026-09-13,2026-09-13 00:00:00+03:00,2026-09-13 23:57:02+03:00,التفجيرات التي نفذها العدو في البلدات الجنوبيه,تلغيم وتفجير,المنصوري,976,المنصوري,none,1,DUPLICATE_OF_NEWS,,,226c4876-53cb-44bf-8ed1-30463cebc451,,722
33149,alichoeib1970,2026-09-13,2026-09-13 00:00:00+03:00,2026-09-13 23:57:02+03:00,التفجيرات التي نفذها العدو في البلدات الجنوبيه,تلغيم وتفجير,الطيري,1457,طيري,none,1,NOT_IN_INCIDENTS,NEWS_FAILED,error,,29236;29460,
33149,alichoeib1970,2026-09-13,2026-09-13 00:00:00+03:00,2026-09-13 23:57:02+03:00,التفجيرات التي نفذها العدو في البلدات الجنوبيه,تلغيم وتفجير,مجدلزون,969,مجدل زون,none,1,NOT_IN_INCIDENTS,NEWS_NEVER_ARRIVED,,,,
33149,alichoeib1970,2026-09-13,2026-09-13 00:00:00+03:00,2026-09-13 23:57:02+03:00,التفجيرات التي نفذها العدو في البلدات الجنوبيه,تلغيم وتفجير,القنطره,1228,قنطرة,none,1,DUPLICATE_OF_NEWS,,,240935b8-ad3d-4007-a2e2-d08fea00e2a2;b333c6e3-cb5d-4fc9-9a4a-06ba49bfdfa5;3bede9e3-5464-4592-a353-275bc061c4a1;243643f0-2b24-4bbd-a25a-0290254d5828,,249
33149,alichoeib1970,2026-09-13,2026-09-13 00:00:00+03:00,2026-09-13 23:57:02+03:00,التفجيرات التي نفذها العدو في البلدات الجنوبيه,تلغيم وتفجير,زوطر الشرقيه,1519,زوطر الشرقية,none,1,DUPLICATE_OF_NEWS,,,85c5beab-cd13-47f7-b4da-d4a688086b08;cb445bf0-2fbc-4ff0-8a97-f9f0e2f1bfd9;f1f53fa3-5e7e-4433-8f0d-5bdf2e1739c6,,249
33149,alichoeib1970,2026-09-13,2026-09-13 00:00:00+03:00,2026-09-13 23:57:02+03:00,التفجيرات التي نفذها العدو في البلدات الجنوبيه,تلغيم وتفجير,كونين,919,كونين,none,1,DUPLICATE_OF_NEWS,,,070d4dbb-9c5a-4225-8536-067acafdbb33;c5ea7481-2a1d-4bb2-91d3-56c708e10f69;c657d2e5-791f-42fd-84ad-224616bc6d99,,249
33149,alichoeib1970,2026-09-13,2026-09-13 00:00:00+03:00,2026-09-13 23:57:02+03:00,القنابل الصوتيه,قنابل صوتية,المنصوري,976,المنصوري,none,1,DUPLICATE_OF_NEWS,,,548d4802-678c-4590-978b-1ef9ccff623d,,722
33149,alichoeib1970,2026-09-13,2026-09-13 00:00:00+03:00,2026-09-13 23:57:02+03:00,القنابل المضيئه,قنابل مضيئة وحارقة,حولا,701,حولا,none,1,NOT_IN_INCIDENTS,NEWS_NEVER_ARRIVED,,,,
33149,alichoeib1970,2026-09-13,2026-09-13 00:00:00+03:00,2026-09-13 23:57:02+03:00,القنابل المضيئه,قنابل مضيئة وحارقة,مركبا,991,مركبا,none,1,NOT_IN_INCIDENTS,NEWS_NEVER_ARRIVED,,,,
33187,Janoubana; nabatiehchannel; sameralhajali,2026-09-13,2026-09-13 00:00:00+03:00,2026-09-13 23:57:21+03:00,الغارات التي نفذها الطيران الحربي المعادي,قصف وغارات,النبطيه الفوقا,1153,نبطية الفوقا,none,1,DUPLICATE_OF_NEWS,,,2ae52779-2896-4f08-b122-26ff719b3a2c;48fea209-5a10-4528-8da2-bb7fbd7d887d,,741
33187,Janoubana; nabatiehchannel; sameralhajali,2026-09-13,2026-09-13 00:00:00+03:00,2026-09-13 23:57:21+03:00,الغارات التي نفذها الطيران الحربي المعادي,قصف وغارات,كفرتبنيت,857,كفر تبنيت,none,1,DUPLICATE_OF_NEWS,,,3b66dd84-a536-417f-ae16-2d3578b11343;f5787d8a-5106-4ab7-8253-9dbe1e78859e;d4199d2e-4453-4a17-9ef9-d40a1fb21de7;328cd8dd-8261-46c0-be68-2cce6c9f1417;81520340-2d28-443b-86a8-010e47bf6dbb;a3fe5ff6-74cd-4105-a92f-d2d65458fd77;1b2b96fa-9f76-4556-895b-2ddc5933ad04;1514aa14-659a-40a0-be25-208e08b9cd33,,729
33187,Janoubana; nabatiehchannel; sameralhajali,2026-09-13,2026-09-13 00:00:00+03:00,2026-09-13 23:57:21+03:00,الغارات التي نفذها الطيران الحربي المعادي,قصف وغارات,علي الطاهر,87,علي الطاهر,none,1,DUPLICATE_OF_NEWS,,,17a78b85-511f-42fd-ad4d-e02756c22915,,741
33187,Janoubana; nabatiehchannel; sameralhajali,2026-09-13,2026-09-13 00:00:00+03:00,2026-09-13 23:57:21+03:00,الغارات التي نفذها الطيران الحربي المعادي,قصف وغارات,اطراف ميفدون,1003,ميفدون,none,1,SAME_VILLAGE_OTHER_ACTION,تلغيم وتفجير; عملية تمشيط; قصف مدفعي,,,,
33187,Janoubana; nabatiehchannel; sameralhajali,2026-09-13,2026-09-13 00:00:00+03:00,2026-09-13 23:57:21+03:00,الغارات التي نفذها الطيران الحربي المعادي,قصف وغارات,القنطره,1228,قنطرة,none,1,DUPLICATE_OF_NEWS,,,62ff0e85-02d5-424a-ad05-a0b47af559ea;92ba754c-476a-4040-97df-73824a72e227;336383de-c6e6-418e-b5fe-43a9c44fb30f,,286
33187,Janoubana; nabatiehchannel; sameralhajali,2026-09-13,2026-09-13 00:00:00+03:00,2026-09-13 23:57:21+03:00,الغارات التي نفذها الطيران الحربي المعادي,قصف وغارات,وادي زبقين,1523,زبقين,none,1,DUPLICATE_OF_NEWS,,,1014282f-74e4-43de-aaf6-ad178e95a6e6;8fb4f1fd-f106-44eb-81e3-14e42493dd03;ab57f505-c96d-4198-9dd9-330e085fb0f3;dfd81814-4f83-4e12-8276-787a82177d6f,,770
33187,Janoubana; nabatiehchannel; sameralhajali,2026-09-13,2026-09-13 00:00:00+03:00,2026-09-13 23:57:21+03:00,الغارات التي نفذها الطيران الحربي المعادي,قصف وغارات,بين حداثا و حاريص,601,حداثا,between,1,DUPLICATE_OF_NEWS,,,be57af87-2b4c-42c5-a13e-6f11fbcc9395,,227
33187,Janoubana; nabatiehchannel; sameralhajali,2026-09-13,2026-09-13 00:00:00+03:00,2026-09-13 23:57:21+03:00,الغارات التي نفذها الطيران الحربي المعادي,قصف وغارات,المنصوري,976,المنصوري,none,1,DUPLICATE_OF_NEWS,,,771e35d1-b5df-45ff-85a6-1c215468c724;8e1521e6-9e17-4730-af8c-8a7051260b92;b5d47541-f511-43e9-bdb8-a239c7eb231e;c500dc6e-cf22-41c3-afa9-c40a5ca723f6;1a1dcc05-3958-433c-86db-d1827bff0211,,770
33187,Janoubana; nabatiehchannel; sameralhajali,2026-09-13,2026-09-13 00:00:00+03:00,2026-09-13 23:57:21+03:00,القصف المدفعي المعادي,قصف مدفعي,وادي السلوقي,1464,تولين,none,1,NOT_IN_INCIDENTS,NEWS_FAILED,error,,27940;27944;28021;28026,
33187,Janoubana; nabatiehchannel; sameralhajali,2026-09-13,2026-09-13 00:00:00+03:00,2026-09-13 23:57:21+03:00,القصف المدفعي المعادي,قصف مدفعي,زوطر الشرقيه,1519,زوطر الشرقية,none,1,DUPLICATE_OF_NEWS,,,18a9f658-6961-4a52-8655-71c611c31c7c;600d7e5f-77eb-4be6-bd7d-16a6bcc8647f;ae9e7876-99b9-4c70-9c4f-f07224d944e1;eb89f1f2-24a5-4531-ae56-a155a222e64c,,250
33187,Janoubana; nabatiehchannel; sameralhajali,2026-09-13,2026-09-13 00:00:00+03:00,2026-09-13 23:57:21+03:00,القصف المدفعي المعادي,قصف مدفعي,المنصوري,976,المنصوري,none,1,DUPLICATE_OF_NEWS,,,e3f31d11-c7f6-4764-853b-40adccacf06e,,722
33187,Janoubana; nabatiehchannel; sameralhajali,2026-09-13,2026-09-13 00:00:00+03:00,2026-09-13 23:57:21+03:00,القصف المدفعي المعادي,قصف مدفعي,وادي زبقين,1523,زبقين,none,1,DUPLICATE_OF_NEWS,,,cf32f9a5-dc68-4c96-b557-07d18f7f78c2;c36612af-b006-4c56-aa39-f6c0de4b12e7,,722
33187,Janoubana; nabatiehchannel; sameralhajali,2026-09-13,2026-09-13 00:00:00+03:00,2026-09-13 23:57:21+03:00,القصف المدفعي المعادي,قصف مدفعي,حداثا,601,حداثا,none,1,SAME_VILLAGE_OTHER_ACTION,عملية تمشيط,,,,
33187,Janoubana; nabatiehchannel; sameralhajali,2026-09-13,2026-09-13 00:00:00+03:00,2026-09-13 23:57:21+03:00,القصف المدفعي المعادي,قصف مدفعي,بيت ياحون,273,بيت ياحون,none,1,DUPLICATE_OF_NEWS,,,0e546060-c498-4216-9e0b-2af8251750a8,,722
33187,Janoubana; nabatiehchannel; sameralhajali,2026-09-13,2026-09-13 00:00:00+03:00,2026-09-13 23:57:21+03:00,القصف المدفعي المعادي,قصف مدفعي,النبطيه الفوقا,1153,نبطية الفوقا,none,1,DUPLICATE_OF_NEWS,,,679c20ad-8f7d-4d41-a6c5-90f6e5161898;d89a36f4-e244-41a8-a1d0-a736212f34cc;dfe74f89-1492-482c-80e6-1e933463823f;e0de5435-4807-47bc-be98-2017a75d7fb2,,250
33187,Janoubana; nabatiehchannel; sameralhajali,2026-09-13,2026-09-13 00:00:00+03:00,2026-09-13 23:57:21+03:00,القصف المدفعي المعادي,قصف مدفعي,صربين,1412,صربين,none,1,NOT_IN_INCIDENTS,NEWS_NEVER_ARRIVED,,,,
33187,Janoubana; nabatiehchannel; sameralhajali,2026-09-13,2026-09-13 00:00:00+03:00,2026-09-13 23:57:21+03:00,القصف المدفعي المعادي,قصف مدفعي,كفرتبنيت,857,كفر تبنيت,none,1,DUPLICATE_OF_NEWS,,,fe88aa1a-ce16-47c1-a027-57389b69adb1,,722
33187,Janoubana; nabatiehchannel; sameralhajali,2026-09-13,2026-09-13 00:00:00+03:00,2026-09-13 23:57:21+03:00,القصف المدفعي المعادي,قصف مدفعي,علي الطاهر,87,علي الطاهر,none,1,DUPLICATE_OF_NEWS,,,11f1842c-d4f0-4a48-a42e-b0540d991cba;d828c21e-0858-473c-babc-1bd89d6ba8b6;c37eb55d-cfc3-4f7a-b456-585225a9e180;e7bcc946-4d98-4453-8088-84e7c2ecda14;9c5743d7-d4a8-4665-801e-1ea782f1812d,,250
33187,Janoubana; nabatiehchannel; sameralhajali,2026-09-13,2026-09-13 00:00:00+03:00,2026-09-13 23:57:21+03:00,التفجيرات التي نفذها العدو في البلدات الجنوبيه,تلغيم وتفجير,بيت ياحون,273,بيت ياحون,none,1,DUPLICATE_OF_NEWS,,,7944bcfc-498a-439e-aa49-55207da26ad5,,722
33187,Janoubana; nabatiehchannel; sameralhajali,2026-09-13,2026-09-13 00:00:00+03:00,2026-09-13 23:57:21+03:00,التفجيرات التي نفذها العدو في البلدات الجنوبيه,تلغيم وتفجير,المنصوري,976,المنصوري,none,1,DUPLICATE_OF_NEWS,,,226c4876-53cb-44bf-8ed1-30463cebc451,,722
33187,Janoubana; nabatiehchannel; sameralhajali,2026-09-13,2026-09-13 00:00:00+03:00,2026-09-13 23:57:21+03:00,التفجيرات التي نفذها العدو في البلدات الجنوبيه,تلغيم وتفجير,الطيري,1457,طيري,none,1,NOT_IN_INCIDENTS,NEWS_FAILED,error,,29236;29460,
33187,Janoubana; nabatiehchannel; sameralhajali,2026-09-13,2026-09-13 00:00:00+03:00,2026-09-13 23:57:21+03:00,التفجيرات التي نفذها العدو في البلدات الجنوبيه,تلغيم وتفجير,مجدلزون,969,مجدل زون,none,1,NOT_IN_INCIDENTS,NEWS_NEVER_ARRIVED,,,,
33187,Janoubana; nabatiehchannel; sameralhajali,2026-09-13,2026-09-13 00:00:00+03:00,2026-09-13 23:57:21+03:00,التفجيرات التي نفذها العدو في البلدات الجنوبيه,تلغيم وتفجير,القنطره,1228,قنطرة,none,1,DUPLICATE_OF_NEWS,,,240935b8-ad3d-4007-a2e2-d08fea00e2a2;b333c6e3-cb5d-4fc9-9a4a-06ba49bfdfa5;3bede9e3-5464-4592-a353-275bc061c4a1;243643f0-2b24-4bbd-a25a-0290254d5828,,250
33187,Janoubana; nabatiehchannel; sameralhajali,2026-09-13,2026-09-13 00:00:00+03:00,2026-09-13 23:57:21+03:00,التفجيرات التي نفذها العدو في البلدات الجنوبيه,تلغيم وتفجير,زوطر الشرقيه,1519,زوطر الشرقية,none,1,DUPLICATE_OF_NEWS,,,85c5beab-cd13-47f7-b4da-d4a688086b08;cb445bf0-2fbc-4ff0-8a97-f9f0e2f1bfd9;f1f53fa3-5e7e-4433-8f0d-5bdf2e1739c6,,250
33187,Janoubana; nabatiehchannel; sameralhajali,2026-09-13,2026-09-13 00:00:00+03:00,2026-09-13 23:57:21+03:00,التفجيرات التي نفذها العدو في البلدات الجنوبيه,تلغيم وتفجير,كونين,919,كونين,none,1,DUPLICATE_OF_NEWS,,,070d4dbb-9c5a-4225-8536-067acafdbb33;c5ea7481-2a1d-4bb2-91d3-56c708e10f69;c657d2e5-791f-42fd-84ad-224616bc6d99,,250
33187,Janoubana; nabatiehchannel; sameralhajali,2026-09-13,2026-09-13 00:00:00+03:00,2026-09-13 23:57:21+03:00,القنابل الصوتيه,قنابل صوتية,المنصوري,976,المنصوري,none,1,DUPLICATE_OF_NEWS,,,548d4802-678c-4590-978b-1ef9ccff623d,,722
33187,Janoubana; nabatiehchannel; sameralhajali,2026-09-13,2026-09-13 00:00:00+03:00,2026-09-13 23:57:21+03:00,القنابل المضيئه,قنابل مضيئة وحارقة,حولا,701,حولا,none,1,NOT_IN_INCIDENTS,NEWS_NEVER_ARRIVED,,,,
33187,Janoubana; nabatiehchannel; sameralhajali,2026-09-13,2026-09-13 00:00:00+03:00,2026-09-13 23:57:21+03:00,القنابل المضيئه,قنابل مضيئة وحارقة,مركبا,991,مركبا,none,1,NOT_IN_INCIDENTS,NEWS_NEVER_ARRIVED,,,,
33192,hashemsayed,2026-09-14,2026-09-14 00:00:00+03:00,2026-09-14 09:13:21+03:00,غارات من الطيران الحربي,قصف وغارات,المنصوري,976,المنصوري,none,1,NOT_IN_INCIDENTS,NEWS_NEVER_ARRIVED,,,,
33192,hashemsayed,2026-09-14,2026-09-14 00:00:00+03:00,2026-09-14 09:13:21+03:00,قصف مدفعي,قصف مدفعي,وادي زبقين,1523,زبقين,none,1,NOT_IN_INCIDENTS,NEWS_FAILED,error,,27888;27934;27947,
33192,hashemsayed,2026-09-14,2026-09-14 00:00:00+03:00,2026-09-14 09:13:21+03:00,قصف مدفعي,قصف مدفعي,بين دوحه كفررمان و علي الطاهر,851,كفر رمان,between,1,NOT_IN_INCIDENTS,NEWS_NEVER_ARRIVED,,,,
33192,hashemsayed,2026-09-14,2026-09-14 00:00:00+03:00,2026-09-14 09:13:21+03:00,تمشيط,عملية تمشيط,بيت ياحون,273,بيت ياحون,none,1,NOT_IN_INCIDENTS,NEWS_NEVER_ARRIVED,,,,
33170,nabatiehchannel,2026-09-14,2026-09-14 00:00:00+03:00,2026-09-14 12:19:46+03:00,الغارات الحربيه,قصف وغارات,المنصوري,976,المنصوري,none,1,NOT_IN_INCIDENTS,NEWS_NEVER_ARRIVED,,,,
33170,nabatiehchannel,2026-09-14,2026-09-14 00:00:00+03:00,2026-09-14 12:19:46+03:00,القصف المدفعي,قصف مدفعي,وادي زبقين,1523,زبقين,none,1,NOT_IN_INCIDENTS,NEWS_FAILED,error,,27888;27934;27947,
33170,nabatiehchannel,2026-09-14,2026-09-14 00:00:00+03:00,2026-09-14 12:19:46+03:00,القصف المدفعي,قصف مدفعي,بين دوحه كفررمان و علي الطاهر,851,كفر رمان,between,1,NOT_IN_INCIDENTS,NEWS_NEVER_ARRIVED,,,,
33170,nabatiehchannel,2026-09-14,2026-09-14 00:00:00+03:00,2026-09-14 12:19:46+03:00,القصف المدفعي,قصف مدفعي,قصف مدفعي معاد استهدف بلده النبطيه الفوقا,1153,نبطية الفوقا,none,1,NOT_IN_INCIDENTS,NEWS_REJECTED,unspecified,,33518,
27763,mehwaralmokawma,2026-09-14,2026-09-14 00:00:00+03:00,2026-09-14 11:42:00+03:00,القصف المدفعي,قصف مدفعي,00:11 | وادي زبقين,1523,زبقين,none,1,NOT_IN_INCIDENTS,NEWS_FAILED,error,,27888;27934;27947,
27763,mehwaralmokawma,2026-09-14,2026-09-14 00:00:00+03:00,2026-09-14 11:42:00+03:00,القصف المدفعي,قصف مدفعي,02:14 | محيط دير سريان,524,دير سريان,none,1,NOT_IN_INCIDENTS,NEWS_NEVER_ARRIVED,,,,
27763,mehwaralmokawma,2026-09-14,2026-09-14 00:00:00+03:00,2026-09-14 11:42:00+03:00,القصف المدفعي,قصف مدفعي,02:16 | محيط زوطر الشرقيه,1519,زوطر الشرقية,none,1,NOT_IN_INCIDENTS,NEWS_NEVER_ARRIVED,,,,
27763,mehwaralmokawma,2026-09-14,2026-09-14 00:00:00+03:00,2026-09-14 11:42:00+03:00,القصف المدفعي,قصف مدفعي,08:05 | خراج الهباريه قرب محطه المياه,672,هبّارية,none,1,DUPLICATE_OF_NEWS,,,a3bf56ab-717d-453b-a39d-a7a411c5110e,,223
27763,mehwaralmokawma,2026-09-14,2026-09-14 00:00:00+03:00,2026-09-14 11:42:00+03:00,القصف المدفعي,قصف مدفعي,09:30 | النبطيه الفوقا,1153,نبطية الفوقا,none,1,NOT_IN_INCIDENTS,NEWS_REJECTED,unspecified,,33518,
27763,mehwaralmokawma,2026-09-14,2026-09-14 00:00:00+03:00,2026-09-14 11:42:00+03:00,التفجيرات,تلغيم وتفجير,01:06 | محيط كونين,919,كونين,none,1,NOT_IN_INCIDENTS,NEWS_NEVER_ARRIVED,,,,
27763,mehwaralmokawma,2026-09-14,2026-09-14 00:00:00+03:00,2026-09-14 11:42:00+03:00,التفجيرات,تلغيم وتفجير,11:42 | مدينه بنت جبيل,280,بنت جبيل,none,1,NOT_IN_INCIDENTS,NEWS_WRONG_VILLAGE,حداثا,,33093,
32885,alichoeib1970,2026-09-14,2026-09-14 00:00:00+03:00,2026-09-14 23:56:55+03:00,الغارات التي نفذها الطيران الحربي المعادي,قصف وغارات,المنصوري,976,المنصوري,none,1,SAME_VILLAGE_OTHER_ACTION,قصف مدفعي,,,,
32885,alichoeib1970,2026-09-14,2026-09-14 00:00:00+03:00,2026-09-14 23:56:55+03:00,الغارات التي نفذها الطيران الحربي المعادي,قصف وغارات,وادي السلوقي,1464,تولين,none,1,SAME_VILLAGE_OTHER_ACTION,قصف مدفعي,,,,
32885,alichoeib1970,2026-09-14,2026-09-14 00:00:00+03:00,2026-09-14 23:56:55+03:00,الغارات التي نفذها الطيران الحربي المعادي,قصف وغارات,كفرتبنيت,857,كفر تبنيت,none,1,DUPLICATE_OF_NEWS,,,aed834d5-c491-4bee-84a3-ce77a5943aba;000b026d-b0a8-4f08-b1e8-1d37c56cffa6,,208
32885,alichoeib1970,2026-09-14,2026-09-14 00:00:00+03:00,2026-09-14 23:56:55+03:00,الغارات التي نفذها الطيران الحربي المعادي,قصف وغارات,بين زوطر الشرقيه و النبطيه الفوقا,1519,زوطر الشرقية,between,1,SAME_VILLAGE_OTHER_ACTION,قصف مدفعي,,,,
32885,alichoeib1970,2026-09-14,2026-09-14 00:00:00+03:00,2026-09-14 23:56:55+03:00,الغارات التي نفذها الطيران الحربي المعادي,قصف وغارات,وادي زبقين,1523,زبقين,none,1,NOT_IN_INCIDENTS,NEWS_FAILED,error,,27888;27863;27934;27947,
32885,alichoeib1970,2026-09-14,2026-09-14 00:00:00+03:00,2026-09-14 23:56:55+03:00,الغارات التي نفذها الطيران الحربي المعادي,قصف وغارات,القنطره,1228,قنطرة,none,1,DUPLICATE_OF_NEWS,,,2f1d8672-d836-47fe-9628-2a9a2e6f3e9f;c5b384f9-c330-4532-ae5c-bff0b43706b8,,70
32885,alichoeib1970,2026-09-14,2026-09-14 00:00:00+03:00,2026-09-14 23:56:55+03:00,الغارات التي نفذها الطيران المسير المعادي,قصف وغارات,الجرمق,736,الجرمق,none,1,DUPLICATE_OF_NEWS,,,557b56a7-9c09-4bef-972a-c4e8f6787e73,,288
32885,alichoeib1970,2026-09-14,2026-09-14 00:00:00+03:00,2026-09-14 23:56:55+03:00,القصف المدفعي المعادي,قصف مدفعي,وادي زبقين,1523,زبقين,none,1,NOT_IN_INCIDENTS,NEWS_FAILED,error,,27888;27863;27934;27947,
32885,alichoeib1970,2026-09-14,2026-09-14 00:00:00+03:00,2026-09-14 23:56:55+03:00,القصف المدفعي المعادي,قصف مدفعي,دوحه كفررمان,851,كفر رمان,none,1,NOT_IN_INCIDENTS,NEWS_NEVER_ARRIVED,,,,
32885,alichoeib1970,2026-09-14,2026-09-14 00:00:00+03:00,2026-09-14 23:56:55+03:00,القصف المدفعي المعادي,قصف مدفعي,علي الطاهر,87,علي الطاهر,none,1,NOT_IN_INCIDENTS,NEWS_FAILED,error,,27867,
32885,alichoeib1970,2026-09-14,2026-09-14 00:00:00+03:00,2026-09-14 23:56:55+03:00,القصف المدفعي المعادي,قصف مدفعي,النبطيه الفوقا,1153,نبطية الفوقا,none,1,NOT_IN_INCIDENTS,NEWS_REJECTED,unspecified,,33518;33529,
32885,alichoeib1970,2026-09-14,2026-09-14 00:00:00+03:00,2026-09-14 23:56:55+03:00,القصف المدفعي المعادي,قصف مدفعي,كفرتبنيت,857,كفر تبنيت,none,1,SAME_VILLAGE_OTHER_ACTION,قصف وغارات,,,,
32885,alichoeib1970,2026-09-14,2026-09-14 00:00:00+03:00,2026-09-14 23:56:55+03:00,القصف المدفعي المعادي,قصف مدفعي,المنصوري,976,المنصوري,none,1,DUPLICATE_OF_NEWS,,,72d0cf6b-e6ca-4f0e-8717-b99670bc2417,,432
32885,alichoeib1970,2026-09-14,2026-09-14 00:00:00+03:00,2026-09-14 23:56:55+03:00,القصف المدفعي المعادي,قصف مدفعي,مجدلزون,969,مجدل زون,none,1,NOT_IN_INCIDENTS,NEWS_NEVER_ARRIVED,,,,
32885,alichoeib1970,2026-09-14,2026-09-14 00:00:00+03:00,2026-09-14 23:56:55+03:00,القصف المدفعي المعادي,قصف مدفعي,وادي السلوقي,1464,تولين,none,1,DUPLICATE_OF_NEWS,,,6057dfc4-790a-47c9-a865-811d35955e42,,1061
32885,alichoeib1970,2026-09-14,2026-09-14 00:00:00+03:00,2026-09-14 23:56:55+03:00,القصف المدفعي المعادي,قصف مدفعي,الهباريه,672,هبّارية,none,1,DUPLICATE_OF_NEWS,,,a3bf56ab-717d-453b-a39d-a7a411c5110e,,891
32885,alichoeib1970,2026-09-14,2026-09-14 00:00:00+03:00,2026-09-14 23:56:55+03:00,القصف المدفعي المعادي,قصف مدفعي,بين حداثا-حاريص,601,حداثا,between,1,DUPLICATE_OF_NEWS,,,5d5cc9c2-cdf2-46c8-b52d-0aee27f2a64f;1adaa576-8734-46e8-a74a-e0cb186d63a1,,323
32885,alichoeib1970,2026-09-14,2026-09-14 00:00:00+03:00,2026-09-14 23:56:55+03:00,التفجيرات التي نفذها العدو في البلدات الجنوبيه,تلغيم وتفجير,المنصوري,976,المنصوري,none,1,SAME_VILLAGE_OTHER_ACTION,قصف مدفعي,,,,
32885,alichoeib1970,2026-09-14,2026-09-14 00:00:00+03:00,2026-09-14 23:56:55+03:00,التفجيرات التي نفذها العدو في البلدات الجنوبيه,تلغيم وتفجير,بنت جبيل,280,بنت جبيل,none,1,NOT_IN_INCIDENTS,NEWS_FAILED,error,,33172,
32885,alichoeib1970,2026-09-14,2026-09-14 00:00:00+03:00,2026-09-14 23:56:55+03:00,التفجيرات التي نفذها العدو في البلدات الجنوبيه,تلغيم وتفجير,مجدلزون,969,مجدل زون,none,1,NOT_IN_INCIDENTS,NEWS_NEVER_ARRIVED,,,,
32888,nabatiehchannel; sameralhajali,2026-09-14,2026-09-14 00:00:00+03:00,2026-09-14 23:57:49+03:00,الغارات التي نفذها الطيران الحربي المعادي,قصف وغارات,المنصوري,976,المنصوري,none,1,SAME_VILLAGE_OTHER_ACTION,قصف مدفعي,,,,
32888,nabatiehchannel; sameralhajali,2026-09-14,2026-09-14 00:00:00+03:00,2026-09-14 23:57:49+03:00,الغارات التي نفذها الطيران الحربي المعادي,قصف وغارات,وادي السلوقي,1464,تولين,none,1,SAME_VILLAGE_OTHER_ACTION,قصف مدفعي,,,,
32888,nabatiehchannel; sameralhajali,2026-09-14,2026-09-14 00:00:00+03:00,2026-09-14 23:57:49+03:00,الغارات التي نفذها الطيران الحربي المعادي,قصف وغارات,كفرتبنيت,857,كفر تبنيت,none,1,DUPLICATE_OF_NEWS,,,aed834d5-c491-4bee-84a3-ce77a5943aba;000b026d-b0a8-4f08-b1e8-1d37c56cffa6,,209
32888,nabatiehchannel; sameralhajali,2026-09-14,2026-09-14 00:00:00+03:00,2026-09-14 23:57:49+03:00,الغارات التي نفذها الطيران الحربي المعادي,قصف وغارات,بين زوطر الشرقيه و النبطيه الفوقا,1519,زوطر الشرقية,between,1,SAME_VILLAGE_OTHER_ACTION,قصف مدفعي,,,,
32888,nabatiehchannel; sameralhajali,2026-09-14,2026-09-14 00:00:00+03:00,2026-09-14 23:57:49+03:00,الغارات التي نفذها الطيران الحربي المعادي,قصف وغارات,وادي زبقين,1523,زبقين,none,1,NOT_IN_INCIDENTS,NEWS_FAILED,error,,27888;27863;27934;27947,
32888,nabatiehchannel; sameralhajali,2026-09-14,2026-09-14 00:00:00+03:00,2026-09-14 23:57:49+03:00,الغارات التي نفذها الطيران الحربي المعادي,قصف وغارات,القنطره,1228,قنطرة,none,1,DUPLICATE_OF_NEWS,,,2f1d8672-d836-47fe-9628-2a9a2e6f3e9f;c5b384f9-c330-4532-ae5c-bff0b43706b8,,71
32888,nabatiehchannel; sameralhajali,2026-09-14,2026-09-14 00:00:00+03:00,2026-09-14 23:57:49+03:00,الغارات التي نفذها الطيران المسير المعادي,قصف وغارات,الجرمق,736,الجرمق,none,1,DUPLICATE_OF_NEWS,,,557b56a7-9c09-4bef-972a-c4e8f6787e73,,289
32888,nabatiehchannel; sameralhajali,2026-09-14,2026-09-14 00:00:00+03:00,2026-09-14 23:57:49+03:00,القصف المدفعي المعادي,قصف مدفعي,وادي زبقين,1523,زبقين,none,1,NOT_IN_INCIDENTS,NEWS_FAILED,error,,27888;27863;27934;27947,
32888,nabatiehchannel; sameralhajali,2026-09-14,2026-09-14 00:00:00+03:00,2026-09-14 23:57:49+03:00,القصف المدفعي المعادي,قصف مدفعي,دوحه كفررمان,851,كفر رمان,none,1,NOT_IN_INCIDENTS,NEWS_NEVER_ARRIVED,,,,
32888,nabatiehchannel; sameralhajali,2026-09-14,2026-09-14 00:00:00+03:00,2026-09-14 23:57:49+03:00,القصف المدفعي المعادي,قصف مدفعي,علي الطاهر,87,علي الطاهر,none,1,NOT_IN_INCIDENTS,NEWS_FAILED,error,,27867,
32888,nabatiehchannel; sameralhajali,2026-09-14,2026-09-14 00:00:00+03:00,2026-09-14 23:57:49+03:00,القصف المدفعي المعادي,قصف مدفعي,النبطيه الفوقا,1153,نبطية الفوقا,none,1,NOT_IN_INCIDENTS,NEWS_REJECTED,unspecified,,33518;33529,
32888,nabatiehchannel; sameralhajali,2026-09-14,2026-09-14 00:00:00+03:00,2026-09-14 23:57:49+03:00,القصف المدفعي المعادي,قصف مدفعي,كفرتبنيت,857,كفر تبنيت,none,1,SAME_VILLAGE_OTHER_ACTION,قصف وغارات,,,,
32888,nabatiehchannel; sameralhajali,2026-09-14,2026-09-14 00:00:00+03:00,2026-09-14 23:57:49+03:00,القصف المدفعي المعادي,قصف مدفعي,المنصوري,976,المنصوري,none,1,DUPLICATE_OF_NEWS,,,72d0cf6b-e6ca-4f0e-8717-b99670bc2417,,432
32888,nabatiehchannel; sameralhajali,2026-09-14,2026-09-14 00:00:00+03:00,2026-09-14 23:57:49+03:00,القصف المدفعي المعادي,قصف مدفعي,مجدلزون,969,مجدل زون,none,1,NOT_IN_INCIDENTS,NEWS_NEVER_ARRIVED,,,,
32888,nabatiehchannel; sameralhajali,2026-09-14,2026-09-14 00:00:00+03:00,2026-09-14 23:57:49+03:00,القصف المدفعي المعادي,قصف مدفعي,وادي السلوقي,1464,تولين,none,1,DUPLICATE_OF_NEWS,,,6057dfc4-790a-47c9-a865-811d35955e42,,1062
32888,nabatiehchannel; sameralhajali,2026-09-14,2026-09-14 00:00:00+03:00,2026-09-14 23:57:49+03:00,القصف المدفعي المعادي,قصف مدفعي,الهباريه,672,هبّارية,none,1,DUPLICATE_OF_NEWS,,,a3bf56ab-717d-453b-a39d-a7a411c5110e,,892
32888,nabatiehchannel; sameralhajali,2026-09-14,2026-09-14 00:00:00+03:00,2026-09-14 23:57:49+03:00,القصف المدفعي المعادي,قصف مدفعي,بين حداثا-حاريص,601,حداثا,between,1,DUPLICATE_OF_NEWS,,,5d5cc9c2-cdf2-46c8-b52d-0aee27f2a64f;1adaa576-8734-46e8-a74a-e0cb186d63a1,,324
32888,nabatiehchannel; sameralhajali,2026-09-14,2026-09-14 00:00:00+03:00,2026-09-14 23:57:49+03:00,التفجيرات التي نفذها العدو في البلدات الجنوبيه,تلغيم وتفجير,المنصوري,976,المنصوري,none,1,SAME_VILLAGE_OTHER_ACTION,قصف مدفعي,,,,
32888,nabatiehchannel; sameralhajali,2026-09-14,2026-09-14 00:00:00+03:00,2026-09-14 23:57:49+03:00,التفجيرات التي نفذها العدو في البلدات الجنوبيه,تلغيم وتفجير,بنت جبيل,280,بنت جبيل,none,1,NOT_IN_INCIDENTS,NEWS_FAILED,error,,33172,
32888,nabatiehchannel; sameralhajali,2026-09-14,2026-09-14 00:00:00+03:00,2026-09-14 23:57:49+03:00,التفجيرات التي نفذها العدو في البلدات الجنوبيه,تلغيم وتفجير,مجدلزون,969,مجدل زون,none,1,NOT_IN_INCIDENTS,NEWS_NEVER_ARRIVED,,,,
32877,Janoubana,2026-09-14,2026-09-14 00:00:00+03:00,2026-09-15 00:01:05+03:00,الغارات التي نفذها الطيران الحربي المعادي,قصف وغارات,المنصوري,976,المنصوري,none,1,SAME_VILLAGE_OTHER_ACTION,قصف مدفعي,,,,
32877,Janoubana,2026-09-14,2026-09-14 00:00:00+03:00,2026-09-15 00:01:05+03:00,الغارات التي نفذها الطيران الحربي المعادي,قصف وغارات,وادي السلوقي,1464,تولين,none,1,SAME_VILLAGE_OTHER_ACTION,قصف مدفعي,,,,
32877,Janoubana,2026-09-14,2026-09-14 00:00:00+03:00,2026-09-15 00:01:05+03:00,الغارات التي نفذها الطيران الحربي المعادي,قصف وغارات,كفرتبنيت,857,كفر تبنيت,none,1,DUPLICATE_OF_NEWS,,,aed834d5-c491-4bee-84a3-ce77a5943aba;000b026d-b0a8-4f08-b1e8-1d37c56cffa6,,212
32877,Janoubana,2026-09-14,2026-09-14 00:00:00+03:00,2026-09-15 00:01:05+03:00,الغارات التي نفذها الطيران الحربي المعادي,قصف وغارات,بين زوطر الشرقيه و النبطيه الفوقا,1519,زوطر الشرقية,between,1,SAME_VILLAGE_OTHER_ACTION,قصف مدفعي,,,,
32877,Janoubana,2026-09-14,2026-09-14 00:00:00+03:00,2026-09-15 00:01:05+03:00,الغارات التي نفذها الطيران الحربي المعادي,قصف وغارات,وادي زبقين,1523,زبقين,none,1,NOT_IN_INCIDENTS,NEWS_FAILED,error,,27888;27863;27934;27947,
32877,Janoubana,2026-09-14,2026-09-14 00:00:00+03:00,2026-09-15 00:01:05+03:00,الغارات التي نفذها الطيران الحربي المعادي,قصف وغارات,القنطره,1228,قنطرة,none,1,DUPLICATE_OF_NEWS,,,2f1d8672-d836-47fe-9628-2a9a2e6f3e9f;c5b384f9-c330-4532-ae5c-bff0b43706b8,,74
32877,Janoubana,2026-09-14,2026-09-14 00:00:00+03:00,2026-09-15 00:01:05+03:00,الغارات التي نفذها الطيران المسير المعادي,قصف وغارات,الجرمق,736,الجرمق,none,1,DUPLICATE_OF_NEWS,,,557b56a7-9c09-4bef-972a-c4e8f6787e73,,293
32877,Janoubana,2026-09-14,2026-09-14 00:00:00+03:00,2026-09-15 00:01:05+03:00,القصف المدفعي المعادي,قصف مدفعي,وادي زبقين,1523,زبقين,none,1,NOT_IN_INCIDENTS,NEWS_FAILED,error,,27888;27863;27934;27947,
32877,Janoubana,2026-09-14,2026-09-14 00:00:00+03:00,2026-09-15 00:01:05+03:00,القصف المدفعي المعادي,قصف مدفعي,دوحه كفررمان,851,كفر رمان,none,1,NOT_IN_INCIDENTS,NEWS_NEVER_ARRIVED,,,,
32877,Janoubana,2026-09-14,2026-09-14 00:00:00+03:00,2026-09-15 00:01:05+03:00,القصف المدفعي المعادي,قصف مدفعي,علي الطاهر,87,علي الطاهر,none,1,NOT_IN_INCIDENTS,NEWS_FAILED,error,,27867,
32877,Janoubana,2026-09-14,2026-09-14 00:00:00+03:00,2026-09-15 00:01:05+03:00,القصف المدفعي المعادي,قصف مدفعي,النبطيه الفوقا,1153,نبطية الفوقا,none,1,NOT_IN_INCIDENTS,NEWS_REJECTED,unspecified,,33518;33529,
32877,Janoubana,2026-09-14,2026-09-14 00:00:00+03:00,2026-09-15 00:01:05+03:00,القصف المدفعي المعادي,قصف مدفعي,كفرتبنيت,857,كفر تبنيت,none,1,SAME_VILLAGE_OTHER_ACTION,قصف وغارات,,,,
32877,Janoubana,2026-09-14,2026-09-14 00:00:00+03:00,2026-09-15 00:01:05+03:00,القصف المدفعي المعادي,قصف مدفعي,المنصوري,976,المنصوري,none,1,DUPLICATE_OF_NEWS,,,72d0cf6b-e6ca-4f0e-8717-b99670bc2417,,436
32877,Janoubana,2026-09-14,2026-09-14 00:00:00+03:00,2026-09-15 00:01:05+03:00,القصف المدفعي المعادي,قصف مدفعي,مجدلزون,969,مجدل زون,none,1,NOT_IN_INCIDENTS,NEWS_NEVER_ARRIVED,,,,
32877,Janoubana,2026-09-14,2026-09-14 00:00:00+03:00,2026-09-15 00:01:05+03:00,القصف المدفعي المعادي,قصف مدفعي,وادي السلوقي,1464,تولين,none,1,DUPLICATE_OF_NEWS,,,6057dfc4-790a-47c9-a865-811d35955e42,,1066
32877,Janoubana,2026-09-14,2026-09-14 00:00:00+03:00,2026-09-15 00:01:05+03:00,القصف المدفعي المعادي,قصف مدفعي,الهباريه,672,هبّارية,none,1,DUPLICATE_OF_NEWS,,,a3bf56ab-717d-453b-a39d-a7a411c5110e,,895
32877,Janoubana,2026-09-14,2026-09-14 00:00:00+03:00,2026-09-15 00:01:05+03:00,القصف المدفعي المعادي,قصف مدفعي,بين حداثا-حاريص,601,حداثا,between,1,DUPLICATE_OF_NEWS,,,5d5cc9c2-cdf2-46c8-b52d-0aee27f2a64f;1adaa576-8734-46e8-a74a-e0cb186d63a1,,328
32877,Janoubana,2026-09-14,2026-09-14 00:00:00+03:00,2026-09-15 00:01:05+03:00,التفجيرات التي نفذها العدو في البلدات الجنوبيه,تلغيم وتفجير,المنصوري,976,المنصوري,none,1,SAME_VILLAGE_OTHER_ACTION,قصف مدفعي,,,,
32877,Janoubana,2026-09-14,2026-09-14 00:00:00+03:00,2026-09-15 00:01:05+03:00,التفجيرات التي نفذها العدو في البلدات الجنوبيه,تلغيم وتفجير,بنت جبيل,280,بنت جبيل,none,1,NOT_IN_INCIDENTS,NEWS_FAILED,error,,33172,
32877,Janoubana,2026-09-14,2026-09-14 00:00:00+03:00,2026-09-15 00:01:05+03:00,التفجيرات التي نفذها العدو في البلدات الجنوبيه,تلغيم وتفجير,مجدلزون,969,مجدل زون,none,1,NOT_IN_INCIDENTS,NEWS_NEVER_ARRIVED,,,,
32249,mehwaralmokawma,2026-09-14,2026-09-14 00:00:00+03:00,2026-09-15 00:16:22+03:00,الغارات التي نفذها الطيران الحربي المعادي,قصف وغارات,المنصوري,976,المنصوري,none,1,SAME_VILLAGE_OTHER_ACTION,قصف مدفعي,,,,
32249,mehwaralmokawma,2026-09-14,2026-09-14 00:00:00+03:00,2026-09-15 00:16:22+03:00,الغارات التي نفذها الطيران الحربي المعادي,قصف وغارات,وادي السلوقي,1464,تولين,none,1,SAME_VILLAGE_OTHER_ACTION,قصف مدفعي,,,,
32249,mehwaralmokawma,2026-09-14,2026-09-14 00:00:00+03:00,2026-09-15 00:16:22+03:00,الغارات التي نفذها الطيران الحربي المعادي,قصف وغارات,كفرتبنيت,857,كفر تبنيت,none,1,DUPLICATE_OF_NEWS,,,aed834d5-c491-4bee-84a3-ce77a5943aba;000b026d-b0a8-4f08-b1e8-1d37c56cffa6,,228
32249,mehwaralmokawma,2026-09-14,2026-09-14 00:00:00+03:00,2026-09-15 00:16:22+03:00,الغارات التي نفذها الطيران الحربي المعادي,قصف وغارات,بين زوطر الشرقيه و النبطيه الفوقا,1519,زوطر الشرقية,between,1,SAME_VILLAGE_OTHER_ACTION,قصف مدفعي,,,,
32249,mehwaralmokawma,2026-09-14,2026-09-14 00:00:00+03:00,2026-09-15 00:16:22+03:00,الغارات التي نفذها الطيران الحربي المعادي,قصف وغارات,وادي زبقين,1523,زبقين,none,1,NOT_IN_INCIDENTS,NEWS_FAILED,error,,27888;27863;27934;27947,
32249,mehwaralmokawma,2026-09-14,2026-09-14 00:00:00+03:00,2026-09-15 00:16:22+03:00,الغارات التي نفذها الطيران الحربي المعادي,قصف وغارات,القنطره,1228,قنطرة,none,1,DUPLICATE_OF_NEWS,,,2f1d8672-d836-47fe-9628-2a9a2e6f3e9f;c5b384f9-c330-4532-ae5c-bff0b43706b8,,90
32249,mehwaralmokawma,2026-09-14,2026-09-14 00:00:00+03:00,2026-09-15 00:16:22+03:00,الغارات التي نفذها الطيران المسير المعادي,قصف وغارات,الجرمق,736,الجرمق,none,1,DUPLICATE_OF_NEWS,,,557b56a7-9c09-4bef-972a-c4e8f6787e73,,308
32249,mehwaralmokawma,2026-09-14,2026-09-14 00:00:00+03:00,2026-09-15 00:16:22+03:00,القصف المدفعي المعادي,قصف مدفعي,وادي زبقين,1523,زبقين,none,1,NOT_IN_INCIDENTS,NEWS_FAILED,error,,27888;27863;27934;27947,
32249,mehwaralmokawma,2026-09-14,2026-09-14 00:00:00+03:00,2026-09-15 00:16:22+03:00,القصف المدفعي المعادي,قصف مدفعي,دوحه كفررمان,851,كفر رمان,none,1,NOT_IN_INCIDENTS,NEWS_NEVER_ARRIVED,,,,
32249,mehwaralmokawma,2026-09-14,2026-09-14 00:00:00+03:00,2026-09-15 00:16:22+03:00,القصف المدفعي المعادي,قصف مدفعي,علي الطاهر,87,علي الطاهر,none,1,NOT_IN_INCIDENTS,NEWS_FAILED,error,,27867,
32249,mehwaralmokawma,2026-09-14,2026-09-14 00:00:00+03:00,2026-09-15 00:16:22+03:00,القصف المدفعي المعادي,قصف مدفعي,النبطيه الفوقا,1153,نبطية الفوقا,none,1,NOT_IN_INCIDENTS,NEWS_REJECTED,unspecified,,33518;33529,
32249,mehwaralmokawma,2026-09-14,2026-09-14 00:00:00+03:00,2026-09-15 00:16:22+03:00,القصف المدفعي المعادي,قصف مدفعي,كفرتبنيت,857,كفر تبنيت,none,1,SAME_VILLAGE_OTHER_ACTION,قصف وغارات,,,,
32249,mehwaralmokawma,2026-09-14,2026-09-14 00:00:00+03:00,2026-09-15 00:16:22+03:00,القصف المدفعي المعادي,قصف مدفعي,المنصوري,976,المنصوري,none,1,DUPLICATE_OF_NEWS,,,72d0cf6b-e6ca-4f0e-8717-b99670bc2417,,451
32249,mehwaralmokawma,2026-09-14,2026-09-14 00:00:00+03:00,2026-09-15 00:16:22+03:00,القصف المدفعي المعادي,قصف مدفعي,مجدلزون,969,مجدل زون,none,1,NOT_IN_INCIDENTS,NEWS_NEVER_ARRIVED,,,,
32249,mehwaralmokawma,2026-09-14,2026-09-14 00:00:00+03:00,2026-09-15 00:16:22+03:00,القصف المدفعي المعادي,قصف مدفعي,وادي السلوقي,1464,تولين,none,1,DUPLICATE_OF_NEWS,,,6057dfc4-790a-47c9-a865-811d35955e42,,1081
32249,mehwaralmokawma,2026-09-14,2026-09-14 00:00:00+03:00,2026-09-15 00:16:22+03:00,القصف المدفعي المعادي,قصف مدفعي,الهباريه,672,هبّارية,none,1,DUPLICATE_OF_NEWS,,,a3bf56ab-717d-453b-a39d-a7a411c5110e,,910
32249,mehwaralmokawma,2026-09-14,2026-09-14 00:00:00+03:00,2026-09-15 00:16:22+03:00,القصف المدفعي المعادي,قصف مدفعي,بين حداثا-حاريص,601,حداثا,between,1,DUPLICATE_OF_NEWS,,,5d5cc9c2-cdf2-46c8-b52d-0aee27f2a64f;1adaa576-8734-46e8-a74a-e0cb186d63a1,,343
32249,mehwaralmokawma,2026-09-14,2026-09-14 00:00:00+03:00,2026-09-15 00:16:22+03:00,التفجيرات التي نفذها العدو في البلدات الجنوبيه,تلغيم وتفجير,المنصوري,976,المنصوري,none,1,SAME_VILLAGE_OTHER_ACTION,قصف مدفعي,,,,
32249,mehwaralmokawma,2026-09-14,2026-09-14 00:00:00+03:00,2026-09-15 00:16:22+03:00,التفجيرات التي نفذها العدو في البلدات الجنوبيه,تلغيم وتفجير,بنت جبيل,280,بنت جبيل,none,1,NOT_IN_INCIDENTS,NEWS_FAILED,error,,33172,
32249,mehwaralmokawma,2026-09-14,2026-09-14 00:00:00+03:00,2026-09-15 00:16:22+03:00,التفجيرات التي نفذها العدو في البلدات الجنوبيه,تلغيم وتفجير,مجدلزون,969,مجدل زون,none,1,NOT_IN_INCIDENTS,NEWS_NEVER_ARRIVED,,,,
32375,nabatiehchannel,2026-09-15,2026-09-15 00:00:00+03:00,2026-09-15 12:14:01+03:00,القصف المدفعي,قصف مدفعي,وادي زبقين,1523,زبقين,none,1,NOT_IN_INCIDENTS,NEWS_WRONG_VILLAGE,علي الطاهر,,33148,
32375,nabatiehchannel,2026-09-15,2026-09-15 00:00:00+03:00,2026-09-15 12:14:01+03:00,القصف المدفعي,قصف مدفعي,المنصوري | قصف مدفعي معاد يستهدف بلده المنصوري,976,المنصوري,none,1,NOT_IN_INCIDENTS,NEWS_WRONG_VILLAGE,علي الطاهر,,33148,
32375,nabatiehchannel,2026-09-15,2026-09-15 00:00:00+03:00,2026-09-15 12:14:01+03:00,القصف المدفعي,قصف مدفعي,كفرتبنيت | قصف مدفعي معاد يستهدف بلده كفرتبنيت,857,كفر تبنيت,none,1,NOT_IN_INCIDENTS,NEWS_NEVER_ARRIVED,,,,
32375,nabatiehchannel,2026-09-15,2026-09-15 00:00:00+03:00,2026-09-15 12:14:01+03:00,التفجيرات,تلغيم وتفجير,بين كونين و برعشيت,919,كونين,between,1,NOT_IN_INCIDENTS,NEWS_WRONG_VILLAGE,علي الطاهر,,33148,
32375,nabatiehchannel,2026-09-15,2026-09-15 00:00:00+03:00,2026-09-15 12:14:01+03:00,التفجيرات,تلغيم وتفجير,المنصوري,976,المنصوري,none,1,NOT_IN_INCIDENTS,NEWS_WRONG_VILLAGE,علي الطاهر,,33148,
32375,nabatiehchannel,2026-09-15,2026-09-15 00:00:00+03:00,2026-09-15 12:14:01+03:00,التفجيرات,قنابل صوتية,محلقه معاديه القت قنبله صوتيه علي بلده دبين,534,دبين,none,1,NOT_IN_INCIDENTS,NEWS_FAILED,error,,32894,
28044,alichoeib1970,2026-09-15,2026-09-15 00:00:00+03:00,2026-09-16 00:00:00+03:00,الغارات التي نفذها الطيران الحربي المعادي,قصف وغارات,المنصوري,976,المنصوري,none,1,DUPLICATE_OF_NEWS,,,35342d1b-a933-4814-bf57-f2383b0f7672,,249
28044,alichoeib1970,2026-09-15,2026-09-15 00:00:00+03:00,2026-09-16 00:00:00+03:00,الغارات التي نفذها الطيران الحربي المعادي,قصف وغارات,النبطيه الفوقا,1153,نبطية الفوقا,none,1,NOT_IN_INCIDENTS,NEWS_FAILED,error,,27766;28077,
28044,alichoeib1970,2026-09-15,2026-09-15 00:00:00+03:00,2026-09-16 00:00:00+03:00,الغارات التي نفذها الطيران الحربي المعادي,قصف وغارات,اطراف زوطر الشرقيه,1519,زوطر الشرقية,none,1,DUPLICATE_OF_NEWS,,,2668cbb0-013a-436e-90c6-e513daa3b2e2;6f8b4683-d471-40e7-a106-5722e1d29865;cdce203b-27ab-4fb2-99d4-7534bf73d728,,26
28044,alichoeib1970,2026-09-15,2026-09-15 00:00:00+03:00,2026-09-16 00:00:00+03:00,الغارات التي نفذها الطيران الحربي المعادي,قصف وغارات,القنطره,1228,قنطرة,none,1,NOT_IN_INCIDENTS,NEWS_FAILED,error,,32428;32889;33190;27878;28096,
28044,alichoeib1970,2026-09-15,2026-09-15 00:00:00+03:00,2026-09-16 00:00:00+03:00,الغارات التي نفذها الطيران الحربي المعادي,قصف وغارات,وادي زبقين,1523,زبقين,none,1,DUPLICATE_OF_NEWS,,,f5887b90-0d3f-486c-91d1-35e7e0e7c8ea,,11
28044,alichoeib1970,2026-09-15,2026-09-15 00:00:00+03:00,2026-09-16 00:00:00+03:00,القصف المدفعي المعادي,قصف مدفعي,وادي زبقين,1523,زبقين,none,1,SAME_VILLAGE_OTHER_ACTION,قصف وغارات,,,,
28044,alichoeib1970,2026-09-15,2026-09-15 00:00:00+03:00,2026-09-16 00:00:00+03:00,القصف المدفعي المعادي,قصف مدفعي,المنصوري,976,المنصوري,none,1,SAME_VILLAGE_OTHER_ACTION,قصف وغارات,,,,
28044,alichoeib1970,2026-09-15,2026-09-15 00:00:00+03:00,2026-09-16 00:00:00+03:00,القصف المدفعي المعادي,قصف مدفعي,كفرتبنيت,857,كفر تبنيت,none,1,NOT_IN_INCIDENTS,NEWS_NEVER_ARRIVED,,,,
28044,alichoeib1970,2026-09-15,2026-09-15 00:00:00+03:00,2026-09-16 00:00:00+03:00,القصف المدفعي المعادي,قصف مدفعي,ميس الجبل,1079,ميس الجبل,none,1,DUPLICATE_OF_NEWS,,,f65fa063-a556-4586-a39f-a14ad8aa4fe0,,214
28044,alichoeib1970,2026-09-15,2026-09-15 00:00:00+03:00,2026-09-16 00:00:00+03:00,القصف المدفعي المعادي,قصف مدفعي,وادي السلوقي | اطراف تولين,1464,تولين,none,1,DUPLICATE_OF_NEWS,,,de35a35c-0049-453d-9c08-09536f17a7b9;6cbf9dd6-658d-4270-900c-0d03487143b4,,3
28044,alichoeib1970,2026-09-15,2026-09-15 00:00:00+03:00,2026-09-16 00:00:00+03:00,القصف المدفعي المعادي,قصف مدفعي,بيت ليف,269,بيت ليف,none,1,DUPLICATE_OF_NEWS,,,f1faaf41-f711-427f-a4cd-dab5464d6275,,152
28044,alichoeib1970,2026-09-15,2026-09-15 00:00:00+03:00,2026-09-16 00:00:00+03:00,القصف المدفعي المعادي,قصف مدفعي,بين برعشيت و كونين,207,برعشيت,between,1,NOT_IN_INCIDENTS,NEWS_WRONG_VILLAGE,بيت ليف; علي الطاهر,,2172;33148,
28044,alichoeib1970,2026-09-15,2026-09-15 00:00:00+03:00,2026-09-16 00:00:00+03:00,القصف المدفعي المعادي,قصف مدفعي,حداثا,601,حداثا,none,1,DUPLICATE_OF_NEWS,,,17150b14-164c-4c0c-a4b4-bce1ff34ea6c;eb57cbe0-035c-43f5-b406-2e54923f0407,,250
28044,alichoeib1970,2026-09-15,2026-09-15 00:00:00+03:00,2026-09-16 00:00:00+03:00,القصف المدفعي المعادي,قصف مدفعي,حاريص,650,حاريص,none,1,DUPLICATE_OF_NEWS,,,cdcedba8-efc1-4ef6-bb9e-66d6775aa307,,250
28044,alichoeib1970,2026-09-15,2026-09-15 00:00:00+03:00,2026-09-16 00:00:00+03:00,التفجيرات التي نفذها العدو في البلدات الجنوبيه,تلغيم وتفجير,بين كونين و برعشيت,919,كونين,between,1,NOT_IN_INCIDENTS,NEWS_FAILED,error,,32907,
28044,alichoeib1970,2026-09-15,2026-09-15 00:00:00+03:00,2026-09-16 00:00:00+03:00,التفجيرات التي نفذها العدو في البلدات الجنوبيه,تلغيم وتفجير,المنصوري,976,المنصوري,none,1,SAME_VILLAGE_OTHER_ACTION,قصف وغارات,,,,
28044,alichoeib1970,2026-09-15,2026-09-15 00:00:00+03:00,2026-09-16 00:00:00+03:00,التفجيرات التي نفذها العدو في البلدات الجنوبيه,تلغيم وتفجير,مجدلزون,969,مجدل زون,none,1,NOT_IN_INCIDENTS,NEWS_FAILED,error,,33001,
28044,alichoeib1970,2026-09-15,2026-09-15 00:00:00+03:00,2026-09-16 00:00:00+03:00,التفجيرات التي نفذها العدو في البلدات الجنوبيه,تلغيم وتفجير,وادي السلوقي,1464,تولين,none,1,SAME_VILLAGE_OTHER_ACTION,قصف مدفعي,,,,
28044,alichoeib1970,2026-09-15,2026-09-15 00:00:00+03:00,2026-09-16 00:00:00+03:00,القنابل الصوتيه,قنابل صوتية,دبين,534,دبين,none,1,NOT_IN_INCIDENTS,NEWS_FAILED,error,,32894,
28045,mehwaralmokawma,2026-09-15,2026-09-15 00:00:00+03:00,2026-09-16 00:00:00+03:00,الغارات التي نفذها الطيران الحربي المعادي,قصف وغارات,المنصوري,976,المنصوري,none,1,DUPLICATE_OF_NEWS,,,35342d1b-a933-4814-bf57-f2383b0f7672,,249
28045,mehwaralmokawma,2026-09-15,2026-09-15 00:00:00+03:00,2026-09-16 00:00:00+03:00,الغارات التي نفذها الطيران الحربي المعادي,قصف وغارات,النبطيه الفوقا,1153,نبطية الفوقا,none,1,NOT_IN_INCIDENTS,NEWS_FAILED,error,,27766;28077,
28045,mehwaralmokawma,2026-09-15,2026-09-15 00:00:00+03:00,2026-09-16 00:00:00+03:00,الغارات التي نفذها الطيران الحربي المعادي,قصف وغارات,اطراف زوطر الشرقيه,1519,زوطر الشرقية,none,1,DUPLICATE_OF_NEWS,,,2668cbb0-013a-436e-90c6-e513daa3b2e2;6f8b4683-d471-40e7-a106-5722e1d29865;cdce203b-27ab-4fb2-99d4-7534bf73d728,,27
28045,mehwaralmokawma,2026-09-15,2026-09-15 00:00:00+03:00,2026-09-16 00:00:00+03:00,الغارات التي نفذها الطيران الحربي المعادي,قصف وغارات,القنطره,1228,قنطرة,none,1,NOT_IN_INCIDENTS,NEWS_FAILED,error,,32428;32889;33190;27878;28096,
28045,mehwaralmokawma,2026-09-15,2026-09-15 00:00:00+03:00,2026-09-16 00:00:00+03:00,الغارات التي نفذها الطيران الحربي المعادي,قصف وغارات,وادي زبقين,1523,زبقين,none,1,DUPLICATE_OF_NEWS,,,f5887b90-0d3f-486c-91d1-35e7e0e7c8ea,,12
28045,mehwaralmokawma,2026-09-15,2026-09-15 00:00:00+03:00,2026-09-16 00:00:00+03:00,القصف المدفعي المعادي,قصف مدفعي,وادي زبقين,1523,زبقين,none,1,SAME_VILLAGE_OTHER_ACTION,قصف وغارات,,,,
28045,mehwaralmokawma,2026-09-15,2026-09-15 00:00:00+03:00,2026-09-16 00:00:00+03:00,القصف المدفعي المعادي,قصف مدفعي,المنصوري,976,المنصوري,none,1,SAME_VILLAGE_OTHER_ACTION,قصف وغارات,,,,
28045,mehwaralmokawma,2026-09-15,2026-09-15 00:00:00+03:00,2026-09-16 00:00:00+03:00,القصف المدفعي المعادي,قصف مدفعي,كفرتبنيت,857,كفر تبنيت,none,1,NOT_IN_INCIDENTS,NEWS_NEVER_ARRIVED,,,,
28045,mehwaralmokawma,2026-09-15,2026-09-15 00:00:00+03:00,2026-09-16 00:00:00+03:00,القصف المدفعي المعادي,قصف مدفعي,ميس الجبل,1079,ميس الجبل,none,1,DUPLICATE_OF_NEWS,,,f65fa063-a556-4586-a39f-a14ad8aa4fe0,,215
28045,mehwaralmokawma,2026-09-15,2026-09-15 00:00:00+03:00,2026-09-16 00:00:00+03:00,القصف المدفعي المعادي,قصف مدفعي,وادي السلوقي | اطراف تولين,1464,تولين,none,1,DUPLICATE_OF_NEWS,,,de35a35c-0049-453d-9c08-09536f17a7b9;6cbf9dd6-658d-4270-900c-0d03487143b4,,4
28045,mehwaralmokawma,2026-09-15,2026-09-15 00:00:00+03:00,2026-09-16 00:00:00+03:00,القصف المدفعي المعادي,قصف مدفعي,بيت ليف,269,بيت ليف,none,1,DUPLICATE_OF_NEWS,,,f1faaf41-f711-427f-a4cd-dab5464d6275,,153
28045,mehwaralmokawma,2026-09-15,2026-09-15 00:00:00+03:00,2026-09-16 00:00:00+03:00,القصف المدفعي المعادي,قصف مدفعي,بين برعشيت و كونين,207,برعشيت,between,1,NOT_IN_INCIDENTS,NEWS_WRONG_VILLAGE,بيت ليف; علي الطاهر,,2172;33148,
28045,mehwaralmokawma,2026-09-15,2026-09-15 00:00:00+03:00,2026-09-16 00:00:00+03:00,القصف المدفعي المعادي,قصف مدفعي,حداثا,601,حداثا,none,1,DUPLICATE_OF_NEWS,,,17150b14-164c-4c0c-a4b4-bce1ff34ea6c;eb57cbe0-035c-43f5-b406-2e54923f0407,,251
28045,mehwaralmokawma,2026-09-15,2026-09-15 00:00:00+03:00,2026-09-16 00:00:00+03:00,القصف المدفعي المعادي,قصف مدفعي,حاريص,650,حاريص,none,1,DUPLICATE_OF_NEWS,,,cdcedba8-efc1-4ef6-bb9e-66d6775aa307,,251
28045,mehwaralmokawma,2026-09-15,2026-09-15 00:00:00+03:00,2026-09-16 00:00:00+03:00,التفجيرات التي نفذها العدو في البلدات الجنوبيه,تلغيم وتفجير,بين كونين و برعشيت,919,كونين,between,1,NOT_IN_INCIDENTS,NEWS_FAILED,error,,32907,
28045,mehwaralmokawma,2026-09-15,2026-09-15 00:00:00+03:00,2026-09-16 00:00:00+03:00,التفجيرات التي نفذها العدو في البلدات الجنوبيه,تلغيم وتفجير,المنصوري,976,المنصوري,none,1,SAME_VILLAGE_OTHER_ACTION,قصف وغارات,,,,
28045,mehwaralmokawma,2026-09-15,2026-09-15 00:00:00+03:00,2026-09-16 00:00:00+03:00,التفجيرات التي نفذها العدو في البلدات الجنوبيه,تلغيم وتفجير,مجدلزون,969,مجدل زون,none,1,NOT_IN_INCIDENTS,NEWS_FAILED,error,,33001,
28045,mehwaralmokawma,2026-09-15,2026-09-15 00:00:00+03:00,2026-09-16 00:00:00+03:00,التفجيرات التي نفذها العدو في البلدات الجنوبيه,تلغيم وتفجير,وادي السلوقي,1464,تولين,none,1,SAME_VILLAGE_OTHER_ACTION,قصف مدفعي,,,,
28045,mehwaralmokawma,2026-09-15,2026-09-15 00:00:00+03:00,2026-09-16 00:00:00+03:00,القنابل الصوتيه,قنابل صوتية,دبين,534,دبين,none,1,NOT_IN_INCIDENTS,NEWS_FAILED,error,,32894,
28017,nabatiehchannel; sameralhajali,2026-09-15,2026-09-15 00:00:00+03:00,2026-09-16 00:00:00+03:00,الغارات التي نفذها الطيران الحربي المعادي,قصف وغارات,المنصوري,976,المنصوري,none,1,DUPLICATE_OF_NEWS,,,35342d1b-a933-4814-bf57-f2383b0f7672,,250
28017,nabatiehchannel; sameralhajali,2026-09-15,2026-09-15 00:00:00+03:00,2026-09-16 00:00:00+03:00,الغارات التي نفذها الطيران الحربي المعادي,قصف وغارات,النبطيه الفوقا,1153,نبطية الفوقا,none,1,NOT_IN_INCIDENTS,NEWS_FAILED,error,,27766;28077,
28017,nabatiehchannel; sameralhajali,2026-09-15,2026-09-15 00:00:00+03:00,2026-09-16 00:00:00+03:00,الغارات التي نفذها الطيران الحربي المعادي,قصف وغارات,اطراف زوطر الشرقيه,1519,زوطر الشرقية,none,1,DUPLICATE_OF_NEWS,,,2668cbb0-013a-436e-90c6-e513daa3b2e2;6f8b4683-d471-40e7-a106-5722e1d29865;cdce203b-27ab-4fb2-99d4-7534bf73d728,,27
28017,nabatiehchannel; sameralhajali,2026-09-15,2026-09-15 00:00:00+03:00,2026-09-16 00:00:00+03:00,الغارات التي نفذها الطيران الحربي المعادي,قصف وغارات,القنطره,1228,قنطرة,none,1,NOT_IN_INCIDENTS,NEWS_FAILED,error,,32428;32889;33190;27878;28096,
28017,nabatiehchannel; sameralhajali,2026-09-15,2026-09-15 00:00:00+03:00,2026-09-16 00:00:00+03:00,الغارات التي نفذها الطيران الحربي المعادي,قصف وغارات,وادي زبقين,1523,زبقين,none,1,DUPLICATE_OF_NEWS,,,f5887b90-0d3f-486c-91d1-35e7e0e7c8ea,,12
28017,nabatiehchannel; sameralhajali,2026-09-15,2026-09-15 00:00:00+03:00,2026-09-16 00:00:00+03:00,القصف المدفعي المعادي,قصف مدفعي,وادي زبقين,1523,زبقين,none,1,SAME_VILLAGE_OTHER_ACTION,قصف وغارات,,,,
28017,nabatiehchannel; sameralhajali,2026-09-15,2026-09-15 00:00:00+03:00,2026-09-16 00:00:00+03:00,القصف المدفعي المعادي,قصف مدفعي,المنصوري,976,المنصوري,none,1,SAME_VILLAGE_OTHER_ACTION,قصف وغارات,,,,
28017,nabatiehchannel; sameralhajali,2026-09-15,2026-09-15 00:00:00+03:00,2026-09-16 00:00:00+03:00,القصف المدفعي المعادي,قصف مدفعي,كفرتبنيت,857,كفر تبنيت,none,1,NOT_IN_INCIDENTS,NEWS_NEVER_ARRIVED,,,,
28017,nabatiehchannel; sameralhajali,2026-09-15,2026-09-15 00:00:00+03:00,2026-09-16 00:00:00+03:00,القصف المدفعي المعادي,قصف مدفعي,ميس الجبل,1079,ميس الجبل,none,1,DUPLICATE_OF_NEWS,,,f65fa063-a556-4586-a39f-a14ad8aa4fe0,,215
28017,nabatiehchannel; sameralhajali,2026-09-15,2026-09-15 00:00:00+03:00,2026-09-16 00:00:00+03:00,القصف المدفعي المعادي,قصف مدفعي,وادي السلوقي | اطراف تولين,1464,تولين,none,1,DUPLICATE_OF_NEWS,,,de35a35c-0049-453d-9c08-09536f17a7b9;6cbf9dd6-658d-4270-900c-0d03487143b4,,4
28017,nabatiehchannel; sameralhajali,2026-09-15,2026-09-15 00:00:00+03:00,2026-09-16 00:00:00+03:00,القصف المدفعي المعادي,قصف مدفعي,بيت ليف,269,بيت ليف,none,1,DUPLICATE_OF_NEWS,,,f1faaf41-f711-427f-a4cd-dab5464d6275,,153
28017,nabatiehchannel; sameralhajali,2026-09-15,2026-09-15 00:00:00+03:00,2026-09-16 00:00:00+03:00,القصف المدفعي المعادي,قصف مدفعي,بين برعشيت و كونين,207,برعشيت,between,1,NOT_IN_INCIDENTS,NEWS_WRONG_VILLAGE,بيت ليف; علي الطاهر,,2172;33148,
28017,nabatiehchannel; sameralhajali,2026-09-15,2026-09-15 00:00:00+03:00,2026-09-16 00:00:00+03:00,القصف المدفعي المعادي,قصف مدفعي,حداثا,601,حداثا,none,1,DUPLICATE_OF_NEWS,,,17150b14-164c-4c0c-a4b4-bce1ff34ea6c;eb57cbe0-035c-43f5-b406-2e54923f0407,,251
28017,nabatiehchannel; sameralhajali,2026-09-15,2026-09-15 00:00:00+03:00,2026-09-16 00:00:00+03:00,القصف المدفعي المعادي,قصف مدفعي,حاريص,650,حاريص,none,1,DUPLICATE_OF_NEWS,,,cdcedba8-efc1-4ef6-bb9e-66d6775aa307,,251
28017,nabatiehchannel; sameralhajali,2026-09-15,2026-09-15 00:00:00+03:00,2026-09-16 00:00:00+03:00,التفجيرات التي نفذها العدو في البلدات الجنوبيه,تلغيم وتفجير,بين كونين و برعشيت,919,كونين,between,1,NOT_IN_INCIDENTS,NEWS_FAILED,error,,32907,
28017,nabatiehchannel; sameralhajali,2026-09-15,2026-09-15 00:00:00+03:00,2026-09-16 00:00:00+03:00,التفجيرات التي نفذها العدو في البلدات الجنوبيه,تلغيم وتفجير,المنصوري,976,المنصوري,none,1,SAME_VILLAGE_OTHER_ACTION,قصف وغارات,,,,
28017,nabatiehchannel; sameralhajali,2026-09-15,2026-09-15 00:00:00+03:00,2026-09-16 00:00:00+03:00,التفجيرات التي نفذها العدو في البلدات الجنوبيه,تلغيم وتفجير,مجدلزون,969,مجدل زون,none,1,NOT_IN_INCIDENTS,NEWS_FAILED,error,,33001,
28017,nabatiehchannel; sameralhajali,2026-09-15,2026-09-15 00:00:00+03:00,2026-09-16 00:00:00+03:00,التفجيرات التي نفذها العدو في البلدات الجنوبيه,تلغيم وتفجير,وادي السلوقي,1464,تولين,none,1,SAME_VILLAGE_OTHER_ACTION,قصف مدفعي,,,,
28017,nabatiehchannel; sameralhajali,2026-09-15,2026-09-15 00:00:00+03:00,2026-09-16 00:00:00+03:00,القنابل الصوتيه,قنابل صوتية,دبين,534,دبين,none,1,NOT_IN_INCIDENTS,NEWS_FAILED,error,,32894,
28089,Janoubana,2026-09-15,2026-09-15 00:00:00+03:00,2026-09-16 00:00:00+03:00,الغارات التي نفذها الطيران الحربي المعادي,قصف وغارات,المنصوري,976,المنصوري,none,1,DUPLICATE_OF_NEWS,,,35342d1b-a933-4814-bf57-f2383b0f7672,,255
28089,Janoubana,2026-09-15,2026-09-15 00:00:00+03:00,2026-09-16 00:00:00+03:00,الغارات التي نفذها الطيران الحربي المعادي,قصف وغارات,النبطيه الفوقا,1153,نبطية الفوقا,none,1,NOT_IN_INCIDENTS,NEWS_FAILED,error,,27766;28077,
28089,Janoubana,2026-09-15,2026-09-15 00:00:00+03:00,2026-09-16 00:00:00+03:00,الغارات التي نفذها الطيران الحربي المعادي,قصف وغارات,اطراف زوطر الشرقيه,1519,زوطر الشرقية,none,1,DUPLICATE_OF_NEWS,,,2668cbb0-013a-436e-90c6-e513daa3b2e2;6f8b4683-d471-40e7-a106-5722e1d29865;cdce203b-27ab-4fb2-99d4-7534bf73d728,,32
28089,Janoubana,2026-09-15,2026-09-15 00:00:00+03:00,2026-09-16 00:00:00+03:00,الغارات التي نفذها الطيران الحربي المعادي,قصف وغارات,القنطره,1228,قنطرة,none,1,NOT_IN_INCIDENTS,NEWS_FAILED,error,,32428;32889;33190;27878;28096,
28089,Janoubana,2026-09-15,2026-09-15 00:00:00+03:00,2026-09-16 00:00:00+03:00,الغارات التي نفذها الطيران الحربي المعادي,قصف وغارات,وادي زبقين,1523,زبقين,none,1,DUPLICATE_OF_NEWS,,,f5887b90-0d3f-486c-91d1-35e7e0e7c8ea,,17
28089,Janoubana,2026-09-15,2026-09-15 00:00:00+03:00,2026-09-16 00:00:00+03:00,القصف المدفعي المعادي,قصف مدفعي,وادي زبقين,1523,زبقين,none,1,SAME_VILLAGE_OTHER_ACTION,قصف وغارات,,,,
28089,Janoubana,2026-09-15,2026-09-15 00:00:00+03:00,2026-09-16 00:00:00+03:00,القصف المدفعي المعادي,قصف مدفعي,المنصوري,976,المنصوري,none,1,SAME_VILLAGE_OTHER_ACTION,قصف وغارات,,,,
28089,Janoubana,2026-09-15,2026-09-15 00:00:00+03:00,2026-09-16 00:00:00+03:00,القصف المدفعي المعادي,قصف مدفعي,كفرتبنيت,857,كفر تبنيت,none,1,NOT_IN_INCIDENTS,NEWS_NEVER_ARRIVED,,,,
28089,Janoubana,2026-09-15,2026-09-15 00:00:00+03:00,2026-09-16 00:00:00+03:00,القصف المدفعي المعادي,قصف مدفعي,ميس الجبل,1079,ميس الجبل,none,1,DUPLICATE_OF_NEWS,,,f65fa063-a556-4586-a39f-a14ad8aa4fe0,,220
28089,Janoubana,2026-09-15,2026-09-15 00:00:00+03:00,2026-09-16 00:00:00+03:00,القصف المدفعي المعادي,قصف مدفعي,صربين,1412,صربين,none,1,NOT_IN_INCIDENTS,NEWS_WRONG_VILLAGE,ميس الجبل,,31917,
28089,Janoubana,2026-09-15,2026-09-15 00:00:00+03:00,2026-09-16 00:00:00+03:00,القصف المدفعي المعادي,قصف مدفعي,وادي السلوقي | اطراف تولين,1464,تولين,none,1,DUPLICATE_OF_NEWS,,,de35a35c-0049-453d-9c08-09536f17a7b9;6cbf9dd6-658d-4270-900c-0d03487143b4,,9
28089,Janoubana,2026-09-15,2026-09-15 00:00:00+03:00,2026-09-16 00:00:00+03:00,القصف المدفعي المعادي,قصف مدفعي,بيت ليف,269,بيت ليف,none,1,DUPLICATE_OF_NEWS,,,f1faaf41-f711-427f-a4cd-dab5464d6275,,158
28089,Janoubana,2026-09-15,2026-09-15 00:00:00+03:00,2026-09-16 00:00:00+03:00,القصف المدفعي المعادي,قصف مدفعي,مركبا,991,مركبا,none,1,DUPLICATE_OF_NEWS,,,35f0e04e-5c35-4f12-9fff-4819afc64bfd,,7
28089,Janoubana,2026-09-15,2026-09-15 00:00:00+03:00,2026-09-16 00:00:00+03:00,القصف المدفعي المعادي,قصف مدفعي,القنطره,1228,قنطرة,none,1,NOT_IN_INCIDENTS,NEWS_FAILED,error,,32428;32889;33190;27878;28096,
28089,Janoubana,2026-09-15,2026-09-15 00:00:00+03:00,2026-09-16 00:00:00+03:00,القصف المدفعي المعادي,قصف مدفعي,بين برعشيت و كونين,207,برعشيت,between,1,NOT_IN_INCIDENTS,NEWS_WRONG_VILLAGE,بيت ليف; علي الطاهر,,2172;33148,
28089,Janoubana,2026-09-15,2026-09-15 00:00:00+03:00,2026-09-16 00:00:00+03:00,القصف المدفعي المعادي,قصف مدفعي,حداثا,601,حداثا,none,1,DUPLICATE_OF_NEWS,,,17150b14-164c-4c0c-a4b4-bce1ff34ea6c;eb57cbe0-035c-43f5-b406-2e54923f0407,,256
28089,Janoubana,2026-09-15,2026-09-15 00:00:00+03:00,2026-09-16 00:00:00+03:00,القصف المدفعي المعادي,قصف مدفعي,حاريص,650,حاريص,none,1,DUPLICATE_OF_NEWS,,,cdcedba8-efc1-4ef6-bb9e-66d6775aa307,,256
28089,Janoubana,2026-09-15,2026-09-15 00:00:00+03:00,2026-09-16 00:00:00+03:00,التفجيرات التي نفذها العدو في البلدات الجنوبيه,تلغيم وتفجير,بين كونين و برعشيت,919,كونين,between,1,NOT_IN_INCIDENTS,NEWS_FAILED,error,,32907,
28089,Janoubana,2026-09-15,2026-09-15 00:00:00+03:00,2026-09-16 00:00:00+03:00,التفجيرات التي نفذها العدو في البلدات الجنوبيه,تلغيم وتفجير,المنصوري,976,المنصوري,none,1,SAME_VILLAGE_OTHER_ACTION,قصف وغارات,,,,
28089,Janoubana,2026-09-15,2026-09-15 00:00:00+03:00,2026-09-16 00:00:00+03:00,التفجيرات التي نفذها العدو في البلدات الجنوبيه,تلغيم وتفجير,مجدلزون,969,مجدل زون,none,1,NOT_IN_INCIDENTS,NEWS_FAILED,error,,33001,
28089,Janoubana,2026-09-15,2026-09-15 00:00:00+03:00,2026-09-16 00:00:00+03:00,التفجيرات التي نفذها العدو في البلدات الجنوبيه,تلغيم وتفجير,وادي السلوقي,1464,تولين,none,1,SAME_VILLAGE_OTHER_ACTION,قصف مدفعي,,,,
28089,Janoubana,2026-09-15,2026-09-15 00:00:00+03:00,2026-09-16 00:00:00+03:00,التفجيرات التي نفذها العدو في البلدات الجنوبيه,تلغيم وتفجير,ميس الجبل,1079,ميس الجبل,none,1,SAME_VILLAGE_OTHER_ACTION,قصف مدفعي,,,,
28089,Janoubana,2026-09-15,2026-09-15 00:00:00+03:00,2026-09-16 00:00:00+03:00,التفجيرات التي نفذها العدو في البلدات الجنوبيه,تلغيم وتفجير,بني حيان,205,بني حيان,none,1,NOT_IN_INCIDENTS,NEWS_NEVER_ARRIVED,,,,
28089,Janoubana,2026-09-15,2026-09-15 00:00:00+03:00,2026-09-16 00:00:00+03:00,القنابل الصوتيه,قنابل صوتية,دبين,534,دبين,none,1,NOT_IN_INCIDENTS,NEWS_FAILED,error,,32894,
27972,alichoeib1970,2026-09-16,2026-09-16 00:00:00+03:00,2026-09-16 08:09:09+03:00,القصف المدفعي,قصف مدفعي,الخيام,901,الخيام,none,1,DUPLICATE_OF_NEWS,,,e9464cfb-074f-4d12-b666-4ff2ed815e9d,,476
27972,alichoeib1970,2026-09-16,2026-09-16 00:00:00+03:00,2026-09-16 08:09:09+03:00,القصف المدفعي,قصف مدفعي,كفرتبنيت,857,كفر تبنيت,none,1,NOT_IN_INCIDENTS,NEWS_NEVER_ARRIVED,,,,
27972,alichoeib1970,2026-09-16,2026-09-16 00:00:00+03:00,2026-09-16 08:09:09+03:00,القصف المدفعي,قصف مدفعي,اطراف برعشيت,207,برعشيت,none,1,NOT_IN_INCIDENTS,NEWS_NEVER_ARRIVED,,,,
27972,alichoeib1970,2026-09-16,2026-09-16 00:00:00+03:00,2026-09-16 08:09:09+03:00,القصف المدفعي,قصف مدفعي,النبطيه الفوقا,1153,نبطية الفوقا,none,1,NOT_IN_INCIDENTS,NEWS_NEVER_ARRIVED,,,,
27972,alichoeib1970,2026-09-16,2026-09-16 00:00:00+03:00,2026-09-16 08:09:09+03:00,التفجيرات المعاديه,تلغيم وتفجير,المنصوري,976,المنصوري,none,1,NOT_IN_INCIDENTS,NEWS_FAILED,error,,32823,
30475,nabatiehchannel,2026-09-16,2026-09-16 00:00:00+03:00,2026-09-16 12:53:27+03:00,القصف المدفعي,قصف مدفعي,الخيام,901,الخيام,none,1,DUPLICATE_OF_NEWS,,,e9464cfb-074f-4d12-b666-4ff2ed815e9d,,761
30475,nabatiehchannel,2026-09-16,2026-09-16 00:00:00+03:00,2026-09-16 12:53:27+03:00,القصف المدفعي,قصف مدفعي,كفرتبنيت,857,كفر تبنيت,none,1,NOT_IN_INCIDENTS,NEWS_NEVER_ARRIVED,,,,
30475,nabatiehchannel,2026-09-16,2026-09-16 00:00:00+03:00,2026-09-16 12:53:27+03:00,القصف المدفعي,قصف مدفعي,اطراف برعشيت,207,برعشيت,none,1,NOT_IN_INCIDENTS,NEWS_NEVER_ARRIVED,,,,
30475,nabatiehchannel,2026-09-16,2026-09-16 00:00:00+03:00,2026-09-16 12:53:27+03:00,القصف المدفعي,قصف مدفعي,النبطيه الفوقا,1153,نبطية الفوقا,none,1,NOT_IN_INCIDENTS,NEWS_NEVER_ARRIVED,,,,
30475,nabatiehchannel,2026-09-16,2026-09-16 00:00:00+03:00,2026-09-16 12:53:27+03:00,التفجيرات المعاديه,تلغيم وتفجير,المنصوري,976,المنصوري,none,1,NOT_IN_INCIDENTS,NEWS_FAILED,error,,32823,
28092,alichoeib1970,2026-09-16,2026-09-15 00:00:00+03:00,2026-09-16 23:57:03+03:00,الغارات التي نفذها الطيران الحربي المعادي,قصف وغارات,النبطيه الفوقا,1153,نبطية الفوقا,none,1,NOT_IN_INCIDENTS,NEWS_FAILED,error,,27766;28077;28130;28185;28248;28257;28260,
28092,alichoeib1970,2026-09-16,2026-09-15 00:00:00+03:00,2026-09-16 23:57:03+03:00,الغارات التي نفذها الطيران الحربي المعادي,قصف وغارات,المنصوري,976,المنصوري,none,1,DUPLICATE_OF_NEWS,,,35342d1b-a933-4814-bf57-f2383b0f7672;c7c2b47b-7486-4b81-ad1d-1ad6f4e76ebe,,33
28092,alichoeib1970,2026-09-16,2026-09-15 00:00:00+03:00,2026-09-16 23:57:03+03:00,الغارات التي نفذها الطيران الحربي المعادي,قصف وغارات,القنطره,1228,قنطرة,none,1,NOT_IN_INCIDENTS,NEWS_FAILED,error,,32428;32889;33190;27878;28096;28130;28185,
28092,alichoeib1970,2026-09-16,2026-09-15 00:00:00+03:00,2026-09-16 23:57:03+03:00,الغارات التي نفذها الطيران الحربي المعادي,قصف وغارات,وادي السلوقي,1464,تولين,none,1,SAME_VILLAGE_OTHER_ACTION,قصف مدفعي,,,,
28092,alichoeib1970,2026-09-16,2026-09-15 00:00:00+03:00,2026-09-16 23:57:03+03:00,الغارات التي نفذها الطيران الحربي المعادي,قصف وغارات,بين زوطر الشرقيه و كفرتبنيت,1519,زوطر الشرقية,between,1,DUPLICATE_OF_NEWS,,,2668cbb0-013a-436e-90c6-e513daa3b2e2;6f8b4683-d471-40e7-a106-5722e1d29865;cdce203b-27ab-4fb2-99d4-7534bf73d728;329ee4a6-2744-434f-96e1-8ce7b1a5154b,,336
28092,alichoeib1970,2026-09-16,2026-09-15 00:00:00+03:00,2026-09-16 23:57:03+03:00,القصف المدفعي المعادي,قصف مدفعي,الخيام | سهل الخيام,901,الخيام,none,1,DUPLICATE_OF_NEWS,,,e9464cfb-074f-4d12-b666-4ff2ed815e9d;8a38bf5c-514f-4b8d-ad40-5283555e7619;39d0844b-92b9-4b64-ad22-62100a44f754,,336
28092,alichoeib1970,2026-09-16,2026-09-15 00:00:00+03:00,2026-09-16 23:57:03+03:00,القصف المدفعي المعادي,قصف مدفعي,كفرتبنيت,857,كفر تبنيت,none,1,DUPLICATE_OF_NEWS,,,202d0378-36af-40a5-b74d-8ffd5bcf0381,,295
28092,alichoeib1970,2026-09-16,2026-09-15 00:00:00+03:00,2026-09-16 23:57:03+03:00,القصف المدفعي المعادي,قصف مدفعي,برعشيت,207,برعشيت,none,1,NOT_IN_INCIDENTS,NEWS_WRONG_VILLAGE,بيت ليف; علي الطاهر,,2172;33148,
28092,alichoeib1970,2026-09-16,2026-09-15 00:00:00+03:00,2026-09-16 23:57:03+03:00,القصف المدفعي المعادي,قصف مدفعي,بيت ليف,269,بيت ليف,none,1,DUPLICATE_OF_NEWS,,,f1faaf41-f711-427f-a4cd-dab5464d6275,,1587
28092,alichoeib1970,2026-09-16,2026-09-15 00:00:00+03:00,2026-09-16 23:57:03+03:00,القصف المدفعي المعادي,قصف مدفعي,النبطيه الفوقا,1153,نبطية الفوقا,none,1,NOT_IN_INCIDENTS,NEWS_FAILED,error,,27766;28077;28130;28185;28248;28257;28260,
28092,alichoeib1970,2026-09-16,2026-09-15 00:00:00+03:00,2026-09-16 23:57:03+03:00,القصف المدفعي المعادي,قصف مدفعي,زوطر الشرقيه,1519,زوطر الشرقية,none,1,DUPLICATE_OF_NEWS,,,6518d238-e116-4416-ab77-077b4a8b5704,,1685
28092,alichoeib1970,2026-09-16,2026-09-15 00:00:00+03:00,2026-09-16 23:57:03+03:00,القصف المدفعي المعادي,قصف مدفعي,المنصوري,976,المنصوري,none,1,SAME_VILLAGE_OTHER_ACTION,قصف وغارات,,,,
28092,alichoeib1970,2026-09-16,2026-09-15 00:00:00+03:00,2026-09-16 23:57:03+03:00,القصف المدفعي المعادي,قصف مدفعي,حداثا,601,حداثا,none,1,DUPLICATE_OF_NEWS,,,17150b14-164c-4c0c-a4b4-bce1ff34ea6c;eb57cbe0-035c-43f5-b406-2e54923f0407,,1685
28092,alichoeib1970,2026-09-16,2026-09-15 00:00:00+03:00,2026-09-16 23:57:03+03:00,القصف المدفعي المعادي,قصف مدفعي,ميس الجبل,1079,ميس الجبل,none,1,DUPLICATE_OF_NEWS,,,f65fa063-a556-4586-a39f-a14ad8aa4fe0,,1649
28092,alichoeib1970,2026-09-16,2026-09-15 00:00:00+03:00,2026-09-16 23:57:03+03:00,القصف المدفعي المعادي,قصف مدفعي,وادي زبقين,1523,زبقين,none,1,SAME_VILLAGE_OTHER_ACTION,قصف وغارات,,,,
28092,alichoeib1970,2026-09-16,2026-09-15 00:00:00+03:00,2026-09-16 23:57:03+03:00,القصف المدفعي المعادي,قصف مدفعي,وادي السلوقي,1464,تولين,none,1,DUPLICATE_OF_NEWS,,,de35a35c-0049-453d-9c08-09536f17a7b9;6cbf9dd6-658d-4270-900c-0d03487143b4,,1438
28092,alichoeib1970,2026-09-16,2026-09-15 00:00:00+03:00,2026-09-16 23:57:03+03:00,القصف المدفعي المعادي,قصف مدفعي,عدشيت القصير,18,عدشيت القصير,none,1,DUPLICATE_OF_NEWS,,,2b6c3492-7c7c-4129-9fc8-06710e25cf6f,,57
28092,alichoeib1970,2026-09-16,2026-09-15 00:00:00+03:00,2026-09-16 23:57:03+03:00,القصف المدفعي المعادي,قصف مدفعي,بيت ياحون,273,بيت ياحون,none,1,NOT_IN_INCIDENTS,NEWS_FAILED,error,,1228;1226;2176;2174;27749,
28092,alichoeib1970,2026-09-16,2026-09-15 00:00:00+03:00,2026-09-16 23:57:03+03:00,التفجيرات التي نفذها العدو في البلدات الجنوبيه,تلغيم وتفجير,المنصوري,976,المنصوري,none,1,SAME_VILLAGE_OTHER_ACTION,قصف وغارات,,,,
28092,alichoeib1970,2026-09-16,2026-09-15 00:00:00+03:00,2026-09-16 23:57:03+03:00,التفجيرات التي نفذها العدو في البلدات الجنوبيه,تلغيم وتفجير,الطيري,1457,طيري,none,1,NOT_IN_INCIDENTS,NEWS_FAILED,error,,32695,
28092,alichoeib1970,2026-09-16,2026-09-15 00:00:00+03:00,2026-09-16 23:57:03+03:00,التفجيرات التي نفذها العدو في البلدات الجنوبيه,تلغيم وتفجير,بيت ياحون,273,بيت ياحون,none,1,NOT_IN_INCIDENTS,NEWS_FAILED,error,,1228;1226;2176;2174;27749,
28092,alichoeib1970,2026-09-16,2026-09-15 00:00:00+03:00,2026-09-16 23:57:03+03:00,التفجيرات التي نفذها العدو في البلدات الجنوبيه,تلغيم وتفجير,زوطر الشرقيه | نهر زوطر الشرقيه,1519,زوطر الشرقية,none,1,SAME_VILLAGE_OTHER_ACTION,قصف مدفعي; قصف وغارات,,,,
27977,nabatiehchannel; sameralhajali,2026-09-16,2026-09-15 00:00:00+03:00,2026-09-16 23:57:24+03:00,الغارات التي نفذها الطيران الحربي المعادي,قصف وغارات,النبطيه الفوقا,1153,نبطية الفوقا,none,1,NOT_IN_INCIDENTS,NEWS_FAILED,error,,27766;28077;28130;28185;28248;28257;28260,
27977,nabatiehchannel; sameralhajali,2026-09-16,2026-09-15 00:00:00+03:00,2026-09-16 23:57:24+03:00,الغارات التي نفذها الطيران الحربي المعادي,قصف وغارات,المنصوري,976,المنصوري,none,1,DUPLICATE_OF_NEWS,,,35342d1b-a933-4814-bf57-f2383b0f7672;c7c2b47b-7486-4b81-ad1d-1ad6f4e76ebe,,33
27977,nabatiehchannel; sameralhajali,2026-09-16,2026-09-15 00:00:00+03:00,2026-09-16 23:57:24+03:00,الغارات التي نفذها الطيران الحربي المعادي,قصف وغارات,القنطره,1228,قنطرة,none,1,NOT_IN_INCIDENTS,NEWS_FAILED,error,,32428;32889;33190;27878;28096;28130;28185,
27977,nabatiehchannel; sameralhajali,2026-09-16,2026-09-15 00:00:00+03:00,2026-09-16 23:57:24+03:00,الغارات التي نفذها الطيران الحربي المعادي,قصف وغارات,وادي السلوقي,1464,تولين,none,1,SAME_VILLAGE_OTHER_ACTION,قصف مدفعي,,,,
27977,nabatiehchannel; sameralhajali,2026-09-16,2026-09-15 00:00:00+03:00,2026-09-16 23:57:24+03:00,الغارات التي نفذها الطيران الحربي المعادي,قصف وغارات,بين زوطر الشرقيه و كفرتبنيت,1519,زوطر الشرقية,between,1,DUPLICATE_OF_NEWS,,,2668cbb0-013a-436e-90c6-e513daa3b2e2;6f8b4683-d471-40e7-a106-5722e1d29865;cdce203b-27ab-4fb2-99d4-7534bf73d728;329ee4a6-2744-434f-96e1-8ce7b1a5154b,,336
27977,nabatiehchannel; sameralhajali,2026-09-16,2026-09-15 00:00:00+03:00,2026-09-16 23:57:24+03:00,القصف المدفعي المعادي,قصف مدفعي,الخيام | سهل الخيام,901,الخيام,none,1,DUPLICATE_OF_NEWS,,,e9464cfb-074f-4d12-b666-4ff2ed815e9d;8a38bf5c-514f-4b8d-ad40-5283555e7619;39d0844b-92b9-4b64-ad22-62100a44f754,,336
27977,nabatiehchannel; sameralhajali,2026-09-16,2026-09-15 00:00:00+03:00,2026-09-16 23:57:24+03:00,القصف المدفعي المعادي,قصف مدفعي,كفرتبنيت,857,كفر تبنيت,none,1,DUPLICATE_OF_NEWS,,,202d0378-36af-40a5-b74d-8ffd5bcf0381,,296
27977,nabatiehchannel; sameralhajali,2026-09-16,2026-09-15 00:00:00+03:00,2026-09-16 23:57:24+03:00,القصف المدفعي المعادي,قصف مدفعي,برعشيت,207,برعشيت,none,1,NOT_IN_INCIDENTS,NEWS_WRONG_VILLAGE,بيت ليف; علي الطاهر,,2172;33148,
27977,nabatiehchannel; sameralhajali,2026-09-16,2026-09-15 00:00:00+03:00,2026-09-16 23:57:24+03:00,القصف المدفعي المعادي,قصف مدفعي,بيت ليف,269,بيت ليف,none,1,DUPLICATE_OF_NEWS,,,f1faaf41-f711-427f-a4cd-dab5464d6275,,1588
27977,nabatiehchannel; sameralhajali,2026-09-16,2026-09-15 00:00:00+03:00,2026-09-16 23:57:24+03:00,القصف المدفعي المعادي,قصف مدفعي,النبطيه الفوقا,1153,نبطية الفوقا,none,1,NOT_IN_INCIDENTS,NEWS_FAILED,error,,27766;28077;28130;28185;28248;28257;28260,
27977,nabatiehchannel; sameralhajali,2026-09-16,2026-09-15 00:00:00+03:00,2026-09-16 23:57:24+03:00,القصف المدفعي المعادي,قصف مدفعي,زوطر الشرقيه,1519,زوطر الشرقية,none,1,DUPLICATE_OF_NEWS,,,6518d238-e116-4416-ab77-077b4a8b5704,,1686
27977,nabatiehchannel; sameralhajali,2026-09-16,2026-09-15 00:00:00+03:00,2026-09-16 23:57:24+03:00,القصف المدفعي المعادي,قصف مدفعي,المنصوري,976,المنصوري,none,1,SAME_VILLAGE_OTHER_ACTION,قصف وغارات,,,,
27977,nabatiehchannel; sameralhajali,2026-09-16,2026-09-15 00:00:00+03:00,2026-09-16 23:57:24+03:00,القصف المدفعي المعادي,قصف مدفعي,حداثا,601,حداثا,none,1,DUPLICATE_OF_NEWS,,,17150b14-164c-4c0c-a4b4-bce1ff34ea6c;eb57cbe0-035c-43f5-b406-2e54923f0407,,1686
27977,nabatiehchannel; sameralhajali,2026-09-16,2026-09-15 00:00:00+03:00,2026-09-16 23:57:24+03:00,القصف المدفعي المعادي,قصف مدفعي,ميس الجبل,1079,ميس الجبل,none,1,DUPLICATE_OF_NEWS,,,f65fa063-a556-4586-a39f-a14ad8aa4fe0,,1650
27977,nabatiehchannel; sameralhajali,2026-09-16,2026-09-15 00:00:00+03:00,2026-09-16 23:57:24+03:00,القصف المدفعي المعادي,قصف مدفعي,وادي زبقين,1523,زبقين,none,1,SAME_VILLAGE_OTHER_ACTION,قصف وغارات,,,,
27977,nabatiehchannel; sameralhajali,2026-09-16,2026-09-15 00:00:00+03:00,2026-09-16 23:57:24+03:00,القصف المدفعي المعادي,قصف مدفعي,وادي السلوقي,1464,تولين,none,1,DUPLICATE_OF_NEWS,,,de35a35c-0049-453d-9c08-09536f17a7b9;6cbf9dd6-658d-4270-900c-0d03487143b4,,1438
27977,nabatiehchannel; sameralhajali,2026-09-16,2026-09-15 00:00:00+03:00,2026-09-16 23:57:24+03:00,القصف المدفعي المعادي,قصف مدفعي,عدشيت القصير,18,عدشيت القصير,none,1,DUPLICATE_OF_NEWS,,,2b6c3492-7c7c-4129-9fc8-06710e25cf6f,,57
27977,nabatiehchannel; sameralhajali,2026-09-16,2026-09-15 00:00:00+03:00,2026-09-16 23:57:24+03:00,القصف المدفعي المعادي,قصف مدفعي,بيت ياحون,273,بيت ياحون,none,1,NOT_IN_INCIDENTS,NEWS_FAILED,error,,1228;1226;2176;2174;27749,
27977,nabatiehchannel; sameralhajali,2026-09-16,2026-09-15 00:00:00+03:00,2026-09-16 23:57:24+03:00,التفجيرات التي نفذها العدو في البلدات الجنوبيه,تلغيم وتفجير,المنصوري,976,المنصوري,none,1,SAME_VILLAGE_OTHER_ACTION,قصف وغارات,,,,
27977,nabatiehchannel; sameralhajali,2026-09-16,2026-09-15 00:00:00+03:00,2026-09-16 23:57:24+03:00,التفجيرات التي نفذها العدو في البلدات الجنوبيه,تلغيم وتفجير,الطيري,1457,طيري,none,1,NOT_IN_INCIDENTS,NEWS_FAILED,error,,32695,
27977,nabatiehchannel; sameralhajali,2026-09-16,2026-09-15 00:00:00+03:00,2026-09-16 23:57:24+03:00,التفجيرات التي نفذها العدو في البلدات الجنوبيه,تلغيم وتفجير,بيت ياحون,273,بيت ياحون,none,1,NOT_IN_INCIDENTS,NEWS_FAILED,error,,1228;1226;2176;2174;27749,
27977,nabatiehchannel; sameralhajali,2026-09-16,2026-09-15 00:00:00+03:00,2026-09-16 23:57:24+03:00,التفجيرات التي نفذها العدو في البلدات الجنوبيه,تلغيم وتفجير,زوطر الشرقيه | نهر زوطر الشرقيه,1519,زوطر الشرقية,none,1,SAME_VILLAGE_OTHER_ACTION,قصف مدفعي; قصف وغارات,,,,
28370,mehwaralmokawma,2026-09-16,2026-09-15 00:00:00+03:00,2026-09-16 23:58:24+03:00,الغارات التي نفذها الطيران الحربي المعادي,قصف وغارات,النبطيه الفوقا,1153,نبطية الفوقا,none,1,NOT_IN_INCIDENTS,NEWS_FAILED,error,,27766;28077;28130;28185;28248;28257;28260,
28370,mehwaralmokawma,2026-09-16,2026-09-15 00:00:00+03:00,2026-09-16 23:58:24+03:00,الغارات التي نفذها الطيران الحربي المعادي,قصف وغارات,المنصوري,976,المنصوري,none,1,DUPLICATE_OF_NEWS,,,35342d1b-a933-4814-bf57-f2383b0f7672;c7c2b47b-7486-4b81-ad1d-1ad6f4e76ebe,,34
28370,mehwaralmokawma,2026-09-16,2026-09-15 00:00:00+03:00,2026-09-16 23:58:24+03:00,الغارات التي نفذها الطيران الحربي المعادي,قصف وغارات,القنطره,1228,قنطرة,none,1,NOT_IN_INCIDENTS,NEWS_FAILED,error,,32428;32889;33190;27878;28096;28130;28185,
28370,mehwaralmokawma,2026-09-16,2026-09-15 00:00:00+03:00,2026-09-16 23:58:24+03:00,الغارات التي نفذها الطيران الحربي المعادي,قصف وغارات,وادي السلوقي,1464,تولين,none,1,SAME_VILLAGE_OTHER_ACTION,قصف مدفعي,,,,
28370,mehwaralmokawma,2026-09-16,2026-09-15 00:00:00+03:00,2026-09-16 23:58:24+03:00,الغارات التي نفذها الطيران الحربي المعادي,قصف وغارات,بين زوطر الشرقيه و كفرتبنيت,1519,زوطر الشرقية,between,1,DUPLICATE_OF_NEWS,,,2668cbb0-013a-436e-90c6-e513daa3b2e2;6f8b4683-d471-40e7-a106-5722e1d29865;cdce203b-27ab-4fb2-99d4-7534bf73d728;329ee4a6-2744-434f-96e1-8ce7b1a5154b,,337
28370,mehwaralmokawma,2026-09-16,2026-09-15 00:00:00+03:00,2026-09-16 23:58:24+03:00,القصف المدفعي المعادي,قصف مدفعي,الخيام | سهل الخيام,901,الخيام,none,1,DUPLICATE_OF_NEWS,,,e9464cfb-074f-4d12-b666-4ff2ed815e9d;8a38bf5c-514f-4b8d-ad40-5283555e7619;39d0844b-92b9-4b64-ad22-62100a44f754,,337
28370,mehwaralmokawma,2026-09-16,2026-09-15 00:00:00+03:00,2026-09-16 23:58:24+03:00,القصف المدفعي المعادي,قصف مدفعي,كفرتبنيت,857,كفر تبنيت,none,1,DUPLICATE_OF_NEWS,,,202d0378-36af-40a5-b74d-8ffd5bcf0381,,297
28370,mehwaralmokawma,2026-09-16,2026-09-15 00:00:00+03:00,2026-09-16 23:58:24+03:00,القصف المدفعي المعادي,قصف مدفعي,برعشيت,207,برعشيت,none,1,NOT_IN_INCIDENTS,NEWS_WRONG_VILLAGE,بيت ليف; علي الطاهر,,2172;33148,
28370,mehwaralmokawma,2026-09-16,2026-09-15 00:00:00+03:00,2026-09-16 23:58:24+03:00,القصف المدفعي المعادي,قصف مدفعي,بيت ليف,269,بيت ليف,none,1,DUPLICATE_OF_NEWS,,,f1faaf41-f711-427f-a4cd-dab5464d6275,,1589
28370,mehwaralmokawma,2026-09-16,2026-09-15 00:00:00+03:00,2026-09-16 23:58:24+03:00,القصف المدفعي المعادي,قصف مدفعي,النبطيه الفوقا,1153,نبطية الفوقا,none,1,NOT_IN_INCIDENTS,NEWS_FAILED,error,,27766;28077;28130;28185;28248;28257;28260,
28370,mehwaralmokawma,2026-09-16,2026-09-15 00:00:00+03:00,2026-09-16 23:58:24+03:00,القصف المدفعي المعادي,قصف مدفعي,زوطر الشرقيه,1519,زوطر الشرقية,none,1,DUPLICATE_OF_NEWS,,,6518d238-e116-4416-ab77-077b4a8b5704,,1687
28370,mehwaralmokawma,2026-09-16,2026-09-15 00:00:00+03:00,2026-09-16 23:58:24+03:00,القصف المدفعي المعادي,قصف مدفعي,المنصوري,976,المنصوري,none,1,SAME_VILLAGE_OTHER_ACTION,قصف وغارات,,,,
28370,mehwaralmokawma,2026-09-16,2026-09-15 00:00:00+03:00,2026-09-16 23:58:24+03:00,القصف المدفعي المعادي,قصف مدفعي,حداثا,601,حداثا,none,1,DUPLICATE_OF_NEWS,,,17150b14-164c-4c0c-a4b4-bce1ff34ea6c;eb57cbe0-035c-43f5-b406-2e54923f0407,,1687
28370,mehwaralmokawma,2026-09-16,2026-09-15 00:00:00+03:00,2026-09-16 23:58:24+03:00,القصف المدفعي المعادي,قصف مدفعي,ميس الجبل,1079,ميس الجبل,none,1,DUPLICATE_OF_NEWS,,,f65fa063-a556-4586-a39f-a14ad8aa4fe0,,1651
28370,mehwaralmokawma,2026-09-16,2026-09-15 00:00:00+03:00,2026-09-16 23:58:24+03:00,القصف المدفعي المعادي,قصف مدفعي,وادي زبقين,1523,زبقين,none,1,SAME_VILLAGE_OTHER_ACTION,قصف وغارات,,,,
28370,mehwaralmokawma,2026-09-16,2026-09-15 00:00:00+03:00,2026-09-16 23:58:24+03:00,القصف المدفعي المعادي,قصف مدفعي,وادي السلوقي,1464,تولين,none,1,DUPLICATE_OF_NEWS,,,de35a35c-0049-453d-9c08-09536f17a7b9;6cbf9dd6-658d-4270-900c-0d03487143b4,,1439
28370,mehwaralmokawma,2026-09-16,2026-09-15 00:00:00+03:00,2026-09-16 23:58:24+03:00,القصف المدفعي المعادي,قصف مدفعي,عدشيت القصير,18,عدشيت القصير,none,1,DUPLICATE_OF_NEWS,,,2b6c3492-7c7c-4129-9fc8-06710e25cf6f,,58
28370,mehwaralmokawma,2026-09-16,2026-09-15 00:00:00+03:00,2026-09-16 23:58:24+03:00,القصف المدفعي المعادي,قصف مدفعي,بيت ياحون,273,بيت ياحون,none,1,NOT_IN_INCIDENTS,NEWS_FAILED,error,,1228;1226;2176;2174;27749,
28370,mehwaralmokawma,2026-09-16,2026-09-15 00:00:00+03:00,2026-09-16 23:58:24+03:00,التفجيرات التي نفذها العدو في البلدات الجنوبيه,تلغيم وتفجير,المنصوري,976,المنصوري,none,1,SAME_VILLAGE_OTHER_ACTION,قصف وغارات,,,,
28370,mehwaralmokawma,2026-09-16,2026-09-15 00:00:00+03:00,2026-09-16 23:58:24+03:00,التفجيرات التي نفذها العدو في البلدات الجنوبيه,تلغيم وتفجير,الطيري,1457,طيري,none,1,NOT_IN_INCIDENTS,NEWS_FAILED,error,,32695,
28370,mehwaralmokawma,2026-09-16,2026-09-15 00:00:00+03:00,2026-09-16 23:58:24+03:00,التفجيرات التي نفذها العدو في البلدات الجنوبيه,تلغيم وتفجير,بيت ياحون,273,بيت ياحون,none,1,NOT_IN_INCIDENTS,NEWS_FAILED,error,,1228;1226;2176;2174;27749,
28370,mehwaralmokawma,2026-09-16,2026-09-15 00:00:00+03:00,2026-09-16 23:58:24+03:00,التفجيرات التي نفذها العدو في البلدات الجنوبيه,تلغيم وتفجير,زوطر الشرقيه | نهر زوطر الشرقيه,1519,زوطر الشرقية,none,1,SAME_VILLAGE_OTHER_ACTION,قصف مدفعي; قصف وغارات,,,,
28327,Janoubana,2026-09-16,2026-09-15 00:00:00+03:00,2026-09-17 00:00:51+03:00,الغارات التي نفذها الطيران الحربي المعادي,قصف وغارات,النبطيه الفوقا,1153,نبطية الفوقا,none,1,NOT_IN_INCIDENTS,NEWS_FAILED,error,,27766;28077;28130;28185;28248;28257;28260,
28327,Janoubana,2026-09-16,2026-09-15 00:00:00+03:00,2026-09-17 00:00:51+03:00,الغارات التي نفذها الطيران الحربي المعادي,قصف وغارات,المنصوري,976,المنصوري,none,1,DUPLICATE_OF_NEWS,,,35342d1b-a933-4814-bf57-f2383b0f7672;c7c2b47b-7486-4b81-ad1d-1ad6f4e76ebe,,37
28327,Janoubana,2026-09-16,2026-09-15 00:00:00+03:00,2026-09-17 00:00:51+03:00,الغارات التي نفذها الطيران الحربي المعادي,قصف وغارات,القنطره,1228,قنطرة,none,1,NOT_IN_INCIDENTS,NEWS_FAILED,error,,32428;32889;33190;27878;28096;28130;28185,
28327,Janoubana,2026-09-16,2026-09-15 00:00:00+03:00,2026-09-17 00:00:51+03:00,الغارات التي نفذها الطيران الحربي المعادي,قصف وغارات,وادي السلوقي,1464,تولين,none,1,SAME_VILLAGE_OTHER_ACTION,قصف مدفعي,,,,
28327,Janoubana,2026-09-16,2026-09-15 00:00:00+03:00,2026-09-17 00:00:51+03:00,الغارات التي نفذها الطيران الحربي المعادي,قصف وغارات,بين زوطر الشرقيه و كفرتبنيت,1519,زوطر الشرقية,between,1,DUPLICATE_OF_NEWS,,,2668cbb0-013a-436e-90c6-e513daa3b2e2;6f8b4683-d471-40e7-a106-5722e1d29865;cdce203b-27ab-4fb2-99d4-7534bf73d728;329ee4a6-2744-434f-96e1-8ce7b1a5154b,,339
28327,Janoubana,2026-09-16,2026-09-15 00:00:00+03:00,2026-09-17 00:00:51+03:00,القصف المدفعي المعادي,قصف مدفعي,الخيام | سهل الخيام,901,الخيام,none,1,DUPLICATE_OF_NEWS,,,e9464cfb-074f-4d12-b666-4ff2ed815e9d;8a38bf5c-514f-4b8d-ad40-5283555e7619;39d0844b-92b9-4b64-ad22-62100a44f754,,340
28327,Janoubana,2026-09-16,2026-09-15 00:00:00+03:00,2026-09-17 00:00:51+03:00,القصف المدفعي المعادي,قصف مدفعي,كفرتبنيت,857,كفر تبنيت,none,1,DUPLICATE_OF_NEWS,,,202d0378-36af-40a5-b74d-8ffd5bcf0381,,299
28327,Janoubana,2026-09-16,2026-09-15 00:00:00+03:00,2026-09-17 00:00:51+03:00,القصف المدفعي المعادي,قصف مدفعي,برعشيت,207,برعشيت,none,1,NOT_IN_INCIDENTS,NEWS_WRONG_VILLAGE,بيت ليف; علي الطاهر,,2172;33148,
28327,Janoubana,2026-09-16,2026-09-15 00:00:00+03:00,2026-09-17 00:00:51+03:00,القصف المدفعي المعادي,قصف مدفعي,بيت ليف,269,بيت ليف,none,1,DUPLICATE_OF_NEWS,,,f1faaf41-f711-427f-a4cd-dab5464d6275,,1591
28327,Janoubana,2026-09-16,2026-09-15 00:00:00+03:00,2026-09-17 00:00:51+03:00,القصف المدفعي المعادي,قصف مدفعي,النبطيه الفوقا,1153,نبطية الفوقا,none,1,NOT_IN_INCIDENTS,NEWS_FAILED,error,,27766;28077;28130;28185;28248;28257;28260,
28327,Janoubana,2026-09-16,2026-09-15 00:00:00+03:00,2026-09-17 00:00:51+03:00,القصف المدفعي المعادي,قصف مدفعي,زوطر الشرقيه,1519,زوطر الشرقية,none,1,DUPLICATE_OF_NEWS,,,6518d238-e116-4416-ab77-077b4a8b5704,,1689
28327,Janoubana,2026-09-16,2026-09-15 00:00:00+03:00,2026-09-17 00:00:51+03:00,القصف المدفعي المعادي,قصف مدفعي,المنصوري,976,المنصوري,none,1,SAME_VILLAGE_OTHER_ACTION,قصف وغارات,,,,
28327,Janoubana,2026-09-16,2026-09-15 00:00:00+03:00,2026-09-17 00:00:51+03:00,القصف المدفعي المعادي,قصف مدفعي,حداثا,601,حداثا,none,1,DUPLICATE_OF_NEWS,,,17150b14-164c-4c0c-a4b4-bce1ff34ea6c;eb57cbe0-035c-43f5-b406-2e54923f0407,,1689
28327,Janoubana,2026-09-16,2026-09-15 00:00:00+03:00,2026-09-17 00:00:51+03:00,القصف المدفعي المعادي,قصف مدفعي,ميس الجبل,1079,ميس الجبل,none,1,DUPLICATE_OF_NEWS,,,f65fa063-a556-4586-a39f-a14ad8aa4fe0,,1653
28327,Janoubana,2026-09-16,2026-09-15 00:00:00+03:00,2026-09-17 00:00:51+03:00,القصف المدفعي المعادي,قصف مدفعي,وادي زبقين,1523,زبقين,none,1,SAME_VILLAGE_OTHER_ACTION,قصف وغارات,,,,
28327,Janoubana,2026-09-16,2026-09-15 00:00:00+03:00,2026-09-17 00:00:51+03:00,القصف المدفعي المعادي,قصف مدفعي,وادي السلوقي,1464,تولين,none,1,DUPLICATE_OF_NEWS,,,de35a35c-0049-453d-9c08-09536f17a7b9;6cbf9dd6-658d-4270-900c-0d03487143b4,,1442
28327,Janoubana,2026-09-16,2026-09-15 00:00:00+03:00,2026-09-17 00:00:51+03:00,القصف المدفعي المعادي,قصف مدفعي,عدشيت القصير,18,عدشيت القصير,none,1,DUPLICATE_OF_NEWS,,,2b6c3492-7c7c-4129-9fc8-06710e25cf6f,,61
28327,Janoubana,2026-09-16,2026-09-15 00:00:00+03:00,2026-09-17 00:00:51+03:00,القصف المدفعي المعادي,قصف مدفعي,بيت ياحون,273,بيت ياحون,none,1,NOT_IN_INCIDENTS,NEWS_FAILED,error,,1228;1226;2176;2174;27749,
28327,Janoubana,2026-09-16,2026-09-15 00:00:00+03:00,2026-09-17 00:00:51+03:00,التفجيرات التي نفذها العدو في البلدات الجنوبيه,تلغيم وتفجير,المنصوري,976,المنصوري,none,1,SAME_VILLAGE_OTHER_ACTION,قصف وغارات,,,,
28327,Janoubana,2026-09-16,2026-09-15 00:00:00+03:00,2026-09-17 00:00:51+03:00,التفجيرات التي نفذها العدو في البلدات الجنوبيه,تلغيم وتفجير,الطيري,1457,طيري,none,1,NOT_IN_INCIDENTS,NEWS_FAILED,error,,32695,
28327,Janoubana,2026-09-16,2026-09-15 00:00:00+03:00,2026-09-17 00:00:51+03:00,التفجيرات التي نفذها العدو في البلدات الجنوبيه,تلغيم وتفجير,بيت ياحون,273,بيت ياحون,none,1,NOT_IN_INCIDENTS,NEWS_FAILED,error,,1228;1226;2176;2174;27749,
28327,Janoubana,2026-09-16,2026-09-15 00:00:00+03:00,2026-09-17 00:00:51+03:00,التفجيرات التي نفذها العدو في البلدات الجنوبيه,تلغيم وتفجير,زوطر الشرقيه | نهر زوطر الشرقيه,1519,زوطر الشرقية,none,1,SAME_VILLAGE_OTHER_ACTION,قصف مدفعي; قصف وغارات,,,,
28327,Janoubana,2026-09-16,2026-09-15 00:00:00+03:00,2026-09-17 00:00:51+03:00,التفجيرات التي نفذها العدو في البلدات الجنوبيه,تلغيم وتفجير,كفرتبنيت,857,كفر تبنيت,none,1,SAME_VILLAGE_OTHER_ACTION,قذائف الدبابات; قصف وغارات,,,,
34437,Janoubana; nabatiehchannel,2026-09-17,2026-09-17 00:00:00+03:00,2026-09-17 18:06:00+03:00,الغارات من الطيران الحربي,قصف وغارات,المنصوري (10),976,المنصوري,none,10,DUPLICATE_OF_NEWS,,,b677a732-20da-4a5d-a43a-8db0f4dfb66d;c7c2b47b-7486-4b81-ad1d-1ad6f4e76ebe,,95
34437,Janoubana; nabatiehchannel,2026-09-17,2026-09-17 00:00:00+03:00,2026-09-17 18:06:00+03:00,القصف المدفعي,قصف مدفعي,النبطيه الفوقا,1153,نبطية الفوقا,none,1,NOT_IN_INCIDENTS,NEWS_NEVER_ARRIVED,,,,
34437,Janoubana; nabatiehchannel,2026-09-17,2026-09-17 00:00:00+03:00,2026-09-17 18:06:00+03:00,القصف المدفعي,قصف مدفعي,صربين,1412,صربين,none,1,NOT_IN_INCIDENTS,NEWS_NEVER_ARRIVED,,,,
34437,Janoubana; nabatiehchannel,2026-09-17,2026-09-17 00:00:00+03:00,2026-09-17 18:06:00+03:00,القصف المدفعي,قصف مدفعي,كفرتبنيت,857,كفر تبنيت,none,1,NOT_IN_INCIDENTS,NEWS_NEVER_ARRIVED,,,,
34437,Janoubana; nabatiehchannel,2026-09-17,2026-09-17 00:00:00+03:00,2026-09-17 18:06:00+03:00,القصف المدفعي,قصف مدفعي,وادي السلوقي,1464,تولين,none,1,NOT_IN_INCIDENTS,NEWS_FAILED,error,,34356;28319,
34437,Janoubana; nabatiehchannel,2026-09-17,2026-09-17 00:00:00+03:00,2026-09-17 18:06:00+03:00,القصف المدفعي,قصف مدفعي,اطراف ميفدون,1003,ميفدون,none,1,NOT_IN_INCIDENTS,NEWS_REJECTED,unspecified,,22,
34437,Janoubana; nabatiehchannel,2026-09-17,2026-09-17 00:00:00+03:00,2026-09-17 18:06:00+03:00,القصف المدفعي,قصف مدفعي,علي الطاهر,87,علي الطاهر,none,1,SAME_VILLAGE_OTHER_ACTION,قصف وغارات,,,,
34437,Janoubana; nabatiehchannel,2026-09-17,2026-09-17 00:00:00+03:00,2026-09-17 18:06:00+03:00,القصف المدفعي,قصف مدفعي,حداثا,601,حداثا,none,1,NOT_IN_INCIDENTS,NEWS_NEVER_ARRIVED,,,,
34437,Janoubana; nabatiehchannel,2026-09-17,2026-09-17 00:00:00+03:00,2026-09-17 18:06:00+03:00,عمليات التفجير,تلغيم وتفجير,المنصوري (5),976,المنصوري,none,5,SAME_VILLAGE_OTHER_ACTION,قصف وغارات,,,,
34437,Janoubana; nabatiehchannel,2026-09-17,2026-09-17 00:00:00+03:00,2026-09-17 18:06:00+03:00,عمليات التفجير,تلغيم وتفجير,بيت ياحون,273,بيت ياحون,none,1,NOT_IN_INCIDENTS,NEWS_NEVER_ARRIVED,,,,
34437,Janoubana; nabatiehchannel,2026-09-17,2026-09-17 00:00:00+03:00,2026-09-17 18:06:00+03:00,عمليات التفجير,تلغيم وتفجير,وادي السلوقي (2),1464,تولين,none,2,NOT_IN_INCIDENTS,NEWS_FAILED,error,,34356;28319,
34437,Janoubana; nabatiehchannel,2026-09-17,2026-09-17 00:00:00+03:00,2026-09-17 18:06:00+03:00,عمليات التفجير,تلغيم وتفجير,بنت جبيل,280,بنت جبيل,none,1,NOT_IN_INCIDENTS,NEWS_FAILED,error,,34414;34361,
34437,Janoubana; nabatiehchannel,2026-09-17,2026-09-17 00:00:00+03:00,2026-09-17 18:06:00+03:00,عمليات التفجير,تلغيم وتفجير,يحمر الشقيف,1492,يحمر,none,1,NOT_IN_INCIDENTS,NEWS_NEVER_ARRIVED,,,,
34548,alichoeib1970,2026-09-17,2026-09-17 00:00:00+03:00,2026-09-17 23:58:08+03:00,الغارات التي نفذها الطيران الحربي المعادي,قصف وغارات,المنصوري,976,المنصوري,none,1,DUPLICATE_OF_NEWS,,,b677a732-20da-4a5d-a43a-8db0f4dfb66d;c7c2b47b-7486-4b81-ad1d-1ad6f4e76ebe,,388
34548,alichoeib1970,2026-09-17,2026-09-17 00:00:00+03:00,2026-09-17 23:58:08+03:00,الغارات التي نفذها الطيران الحربي المعادي,قصف وغارات,وادي السلوقي,1464,تولين,none,1,NOT_IN_INCIDENTS,NEWS_FAILED,error,,34512;34356;28319,
34548,alichoeib1970,2026-09-17,2026-09-17 00:00:00+03:00,2026-09-17 23:58:08+03:00,الغارات التي نفذها الطيران الحربي المعادي,قصف وغارات,القنطره,1228,قنطرة,none,1,SAME_VILLAGE_OTHER_ACTION,عملية تمشيط,,,,
34548,alichoeib1970,2026-09-17,2026-09-17 00:00:00+03:00,2026-09-17 23:58:08+03:00,الغارات التي نفذها الطيران الحربي المعادي,قصف وغارات,بني حيان,205,بني حيان,none,1,SAME_VILLAGE_OTHER_ACTION,عملية تمشيط,,,,
34548,alichoeib1970,2026-09-17,2026-09-17 00:00:00+03:00,2026-09-17 23:58:08+03:00,الغارات التي نفذها الطيران الحربي المعادي,قصف وغارات,طلوسه,1431,طلوسة,none,1,DUPLICATE_OF_NEWS,,,77afa451-add5-4da7-8cdc-8bd2132cc4bb;fdcc259a-582e-4908-8168-86d5b45bd91c,,18
34548,alichoeib1970,2026-09-17,2026-09-17 00:00:00+03:00,2026-09-17 23:58:08+03:00,الغارات التي نفذها الطيران الحربي المعادي,قصف وغارات,النبطيه الفوقا,1153,نبطية الفوقا,none,1,NOT_IN_INCIDENTS,NEWS_REJECTED,unspecified,,34500,
34548,alichoeib1970,2026-09-17,2026-09-17 00:00:00+03:00,2026-09-17 23:58:08+03:00,القصف المدفعي المعادي,قصف مدفعي,كفرتبنيت,857,كفر تبنيت,none,1,NOT_IN_INCIDENTS,NEWS_NEVER_ARRIVED,,,,
34548,alichoeib1970,2026-09-17,2026-09-17 00:00:00+03:00,2026-09-17 23:58:08+03:00,القصف المدفعي المعادي,قصف مدفعي,وادي صربين,1412,صربين,none,1,NOT_IN_INCIDENTS,NEWS_FAILED,error,,34488,
34548,alichoeib1970,2026-09-17,2026-09-17 00:00:00+03:00,2026-09-17 23:58:08+03:00,القصف المدفعي المعادي,قصف مدفعي,النبطيه الفوقا,1153,نبطية الفوقا,none,1,NOT_IN_INCIDENTS,NEWS_REJECTED,unspecified,,34500,
34548,alichoeib1970,2026-09-17,2026-09-17 00:00:00+03:00,2026-09-17 23:58:08+03:00,القصف المدفعي المعادي,قصف مدفعي,وادي السلوقي,1464,تولين,none,1,NOT_IN_INCIDENTS,NEWS_FAILED,error,,34512;34356;28319,
34548,alichoeib1970,2026-09-17,2026-09-17 00:00:00+03:00,2026-09-17 23:58:08+03:00,القصف المدفعي المعادي,قصف مدفعي,زوطر الشرقيه,1519,زوطر الشرقية,none,1,NOT_IN_INCIDENTS,NEWS_REJECTED,unspecified,,68,
34548,alichoeib1970,2026-09-17,2026-09-17 00:00:00+03:00,2026-09-17 23:58:08+03:00,القصف المدفعي المعادي,قصف مدفعي,حداثا,601,حداثا,none,1,SAME_VILLAGE_OTHER_ACTION,قنابل مضيئة وحارقة,,,,
34548,alichoeib1970,2026-09-17,2026-09-17 00:00:00+03:00,2026-09-17 23:58:08+03:00,القصف المدفعي المعادي,قصف مدفعي,وادي زبقين,1523,زبقين,none,1,NOT_IN_INCIDENTS,NEWS_WRONG_VILLAGE,منصورية,,34469,
34548,alichoeib1970,2026-09-17,2026-09-17 00:00:00+03:00,2026-09-17 23:58:08+03:00,القصف المدفعي المعادي,قصف مدفعي,علي الطاهر,87,علي الطاهر,none,1,SAME_VILLAGE_OTHER_ACTION,قصف وغارات,,,,
34548,alichoeib1970,2026-09-17,2026-09-17 00:00:00+03:00,2026-09-17 23:58:08+03:00,القصف المدفعي المعادي,قصف مدفعي,اطراف ميفدون,1003,ميفدون,none,1,NOT_IN_INCIDENTS,NEWS_REJECTED,unspecified,,22,
34548,alichoeib1970,2026-09-17,2026-09-17 00:00:00+03:00,2026-09-17 23:58:08+03:00,القصف المدفعي المعادي,قصف مدفعي,القنطره,1228,قنطرة,none,1,SAME_VILLAGE_OTHER_ACTION,عملية تمشيط,,,,
34548,alichoeib1970,2026-09-17,2026-09-17 00:00:00+03:00,2026-09-17 23:58:08+03:00,القصف المدفعي المعادي,قصف مدفعي,المنصوري,976,المنصوري,none,1,SAME_VILLAGE_OTHER_ACTION,عملية تمشيط مروحي; قصف وغارات,,,,
34548,alichoeib1970,2026-09-17,2026-09-17 00:00:00+03:00,2026-09-17 23:58:08+03:00,التفجيرات التي نفذها العدو في البلدات الجنوبيه,تلغيم وتفجير,المنصوري,976,المنصوري,none,1,SAME_VILLAGE_OTHER_ACTION,عملية تمشيط مروحي; قصف وغارات,,,,
34548,alichoeib1970,2026-09-17,2026-09-17 00:00:00+03:00,2026-09-17 23:58:08+03:00,التفجيرات التي نفذها العدو في البلدات الجنوبيه,تلغيم وتفجير,وادي السلوقي,1464,تولين,none,1,NOT_IN_INCIDENTS,NEWS_FAILED,error,,34512;34356;28319,
34548,alichoeib1970,2026-09-17,2026-09-17 00:00:00+03:00,2026-09-17 23:58:08+03:00,التفجيرات التي نفذها العدو في البلدات الجنوبيه,تلغيم وتفجير,يحمر الشقيف,1492,يحمر,none,1,NOT_IN_INCIDENTS,NEWS_NEVER_ARRIVED,,,,
34548,alichoeib1970,2026-09-17,2026-09-17 00:00:00+03:00,2026-09-17 23:58:08+03:00,التفجيرات التي نفذها العدو في البلدات الجنوبيه,تلغيم وتفجير,حولا,701,حولا,none,1,NOT_IN_INCIDENTS,NEWS_NEVER_ARRIVED,,,,
34548,alichoeib1970,2026-09-17,2026-09-17 00:00:00+03:00,2026-09-17 23:58:08+03:00,التفجيرات التي نفذها العدو في البلدات الجنوبيه,تلغيم وتفجير,عيتا الشعب,149,عيتا الشعب,none,1,SAME_VILLAGE_OTHER_ACTION,قنابل مضيئة وحارقة,,,,
34548,alichoeib1970,2026-09-17,2026-09-17 00:00:00+03:00,2026-09-17 23:58:08+03:00,القنابل الصوتيه,قنابل صوتية,ياطر,1490,ياطر,none,1,SAME_VILLAGE_OTHER_ACTION,قنابل مضيئة وحارقة,,,,
34548,alichoeib1970,2026-09-17,2026-09-17 00:00:00+03:00,2026-09-17 23:58:08+03:00,القنابل الصوتيه,قنابل صوتية,زوطر الغربيه,1520,زوطر الغربية,none,1,SAME_VILLAGE_OTHER_ACTION,قصف وغارات,,,,
34548,alichoeib1970,2026-09-17,2026-09-17 00:00:00+03:00,2026-09-17 23:58:08+03:00,قذائف مضيئه,قنابل مضيئة وحارقة,عيتا الشعب,149,عيتا الشعب,none,1,DUPLICATE_OF_NEWS,,,fff5bfaa-a76e-488f-8b63-fd293e543ff5,,145
34548,alichoeib1970,2026-09-17,2026-09-17 00:00:00+03:00,2026-09-17 23:58:08+03:00,قذائف مضيئه,قنابل مضيئة وحارقة,بيت ليف,269,بيت ليف,none,1,NOT_IN_INCIDENTS,NEWS_FAILED,error,,34480;34474,
34550,nabatiehchannel; sameralhajali,2026-09-17,2026-09-17 00:00:00+03:00,2026-09-17 23:59:27+03:00,الغارات التي نفذها الطيران الحربي المعادي,قصف وغارات,المنصوري,976,المنصوري,none,1,DUPLICATE_OF_NEWS,,,b677a732-20da-4a5d-a43a-8db0f4dfb66d;c7c2b47b-7486-4b81-ad1d-1ad6f4e76ebe,,390
34550,nabatiehchannel; sameralhajali,2026-09-17,2026-09-17 00:00:00+03:00,2026-09-17 23:59:27+03:00,الغارات التي نفذها الطيران الحربي المعادي,قصف وغارات,وادي السلوقي,1464,تولين,none,1,NOT_IN_INCIDENTS,NEWS_FAILED,error,,34512;34356;28319,
34550,nabatiehchannel; sameralhajali,2026-09-17,2026-09-17 00:00:00+03:00,2026-09-17 23:59:27+03:00,الغارات التي نفذها الطيران الحربي المعادي,قصف وغارات,القنطره,1228,قنطرة,none,1,SAME_VILLAGE_OTHER_ACTION,عملية تمشيط,,,,
34550,nabatiehchannel; sameralhajali,2026-09-17,2026-09-17 00:00:00+03:00,2026-09-17 23:59:27+03:00,الغارات التي نفذها الطيران الحربي المعادي,قصف وغارات,بني حيان,205,بني حيان,none,1,SAME_VILLAGE_OTHER_ACTION,عملية تمشيط,,,,
34550,nabatiehchannel; sameralhajali,2026-09-17,2026-09-17 00:00:00+03:00,2026-09-17 23:59:27+03:00,الغارات التي نفذها الطيران الحربي المعادي,قصف وغارات,طلوسه,1431,طلوسة,none,1,DUPLICATE_OF_NEWS,,,77afa451-add5-4da7-8cdc-8bd2132cc4bb;fdcc259a-582e-4908-8168-86d5b45bd91c,,20
34550,nabatiehchannel; sameralhajali,2026-09-17,2026-09-17 00:00:00+03:00,2026-09-17 23:59:27+03:00,الغارات التي نفذها الطيران الحربي المعادي,قصف وغارات,النبطيه الفوقا,1153,نبطية الفوقا,none,1,NOT_IN_INCIDENTS,NEWS_REJECTED,unspecified,,34500,
34550,nabatiehchannel; sameralhajali,2026-09-17,2026-09-17 00:00:00+03:00,2026-09-17 23:59:27+03:00,القصف المدفعي المعادي,قصف مدفعي,كفرتبنيت,857,كفر تبنيت,none,1,NOT_IN_INCIDENTS,NEWS_NEVER_ARRIVED,,,,
34550,nabatiehchannel; sameralhajali,2026-09-17,2026-09-17 00:00:00+03:00,2026-09-17 23:59:27+03:00,القصف المدفعي المعادي,قصف مدفعي,وادي صربين,1412,صربين,none,1,NOT_IN_INCIDENTS,NEWS_FAILED,error,,34488,
34550,nabatiehchannel; sameralhajali,2026-09-17,2026-09-17 00:00:00+03:00,2026-09-17 23:59:27+03:00,القصف المدفعي المعادي,قصف مدفعي,النبطيه الفوقا,1153,نبطية الفوقا,none,1,NOT_IN_INCIDENTS,NEWS_REJECTED,unspecified,,34500,
34550,nabatiehchannel; sameralhajali,2026-09-17,2026-09-17 00:00:00+03:00,2026-09-17 23:59:27+03:00,القصف المدفعي المعادي,قصف مدفعي,وادي السلوقي,1464,تولين,none,1,NOT_IN_INCIDENTS,NEWS_FAILED,error,,34512;34356;28319,
34550,nabatiehchannel; sameralhajali,2026-09-17,2026-09-17 00:00:00+03:00,2026-09-17 23:59:27+03:00,القصف المدفعي المعادي,قصف مدفعي,زوطر الشرقيه,1519,زوطر الشرقية,none,1,NOT_IN_INCIDENTS,NEWS_REJECTED,unspecified,,68,
34550,nabatiehchannel; sameralhajali,2026-09-17,2026-09-17 00:00:00+03:00,2026-09-17 23:59:27+03:00,القصف المدفعي المعادي,قصف مدفعي,حداثا,601,حداثا,none,1,SAME_VILLAGE_OTHER_ACTION,قنابل مضيئة وحارقة,,,,
34550,nabatiehchannel; sameralhajali,2026-09-17,2026-09-17 00:00:00+03:00,2026-09-17 23:59:27+03:00,القصف المدفعي المعادي,قصف مدفعي,وادي زبقين,1523,زبقين,none,1,NOT_IN_INCIDENTS,NEWS_WRONG_VILLAGE,منصورية,,34469,
34550,nabatiehchannel; sameralhajali,2026-09-17,2026-09-17 00:00:00+03:00,2026-09-17 23:59:27+03:00,القصف المدفعي المعادي,قصف مدفعي,علي الطاهر,87,علي الطاهر,none,1,SAME_VILLAGE_OTHER_ACTION,قصف وغارات,,,,
34550,nabatiehchannel; sameralhajali,2026-09-17,2026-09-17 00:00:00+03:00,2026-09-17 23:59:27+03:00,القصف المدفعي المعادي,قصف مدفعي,اطراف ميفدون,1003,ميفدون,none,1,NOT_IN_INCIDENTS,NEWS_REJECTED,unspecified,,22,
34550,nabatiehchannel; sameralhajali,2026-09-17,2026-09-17 00:00:00+03:00,2026-09-17 23:59:27+03:00,القصف المدفعي المعادي,قصف مدفعي,القنطره,1228,قنطرة,none,1,SAME_VILLAGE_OTHER_ACTION,عملية تمشيط,,,,
34550,nabatiehchannel; sameralhajali,2026-09-17,2026-09-17 00:00:00+03:00,2026-09-17 23:59:27+03:00,القصف المدفعي المعادي,قصف مدفعي,المنصوري,976,المنصوري,none,1,SAME_VILLAGE_OTHER_ACTION,عملية تمشيط مروحي; قصف وغارات,,,,
34550,nabatiehchannel; sameralhajali,2026-09-17,2026-09-17 00:00:00+03:00,2026-09-17 23:59:27+03:00,التفجيرات التي نفذها العدو في البلدات الجنوبيه,تلغيم وتفجير,المنصوري,976,المنصوري,none,1,SAME_VILLAGE_OTHER_ACTION,عملية تمشيط مروحي; قصف وغارات,,,,
34550,nabatiehchannel; sameralhajali,2026-09-17,2026-09-17 00:00:00+03:00,2026-09-17 23:59:27+03:00,التفجيرات التي نفذها العدو في البلدات الجنوبيه,تلغيم وتفجير,وادي السلوقي,1464,تولين,none,1,NOT_IN_INCIDENTS,NEWS_FAILED,error,,34512;34356;28319,
34550,nabatiehchannel; sameralhajali,2026-09-17,2026-09-17 00:00:00+03:00,2026-09-17 23:59:27+03:00,التفجيرات التي نفذها العدو في البلدات الجنوبيه,تلغيم وتفجير,يحمر الشقيف,1492,يحمر,none,1,NOT_IN_INCIDENTS,NEWS_NEVER_ARRIVED,,,,
34550,nabatiehchannel; sameralhajali,2026-09-17,2026-09-17 00:00:00+03:00,2026-09-17 23:59:27+03:00,التفجيرات التي نفذها العدو في البلدات الجنوبيه,تلغيم وتفجير,حولا,701,حولا,none,1,NOT_IN_INCIDENTS,NEWS_NEVER_ARRIVED,,,,
34550,nabatiehchannel; sameralhajali,2026-09-17,2026-09-17 00:00:00+03:00,2026-09-17 23:59:27+03:00,التفجيرات التي نفذها العدو في البلدات الجنوبيه,تلغيم وتفجير,عيتا الشعب,149,عيتا الشعب,none,1,SAME_VILLAGE_OTHER_ACTION,قنابل مضيئة وحارقة,,,,
34550,nabatiehchannel; sameralhajali,2026-09-17,2026-09-17 00:00:00+03:00,2026-09-17 23:59:27+03:00,القنابل الصوتيه,قنابل صوتية,ياطر,1490,ياطر,none,1,SAME_VILLAGE_OTHER_ACTION,قنابل مضيئة وحارقة,,,,
34550,nabatiehchannel; sameralhajali,2026-09-17,2026-09-17 00:00:00+03:00,2026-09-17 23:59:27+03:00,القنابل الصوتيه,قنابل صوتية,زوطر الغربيه,1520,زوطر الغربية,none,1,SAME_VILLAGE_OTHER_ACTION,قصف وغارات,,,,
34550,nabatiehchannel; sameralhajali,2026-09-17,2026-09-17 00:00:00+03:00,2026-09-17 23:59:27+03:00,قذائف مضيئه,قنابل مضيئة وحارقة,عيتا الشعب,149,عيتا الشعب,none,1,DUPLICATE_OF_NEWS,,,fff5bfaa-a76e-488f-8b63-fd293e543ff5,,147
34550,nabatiehchannel; sameralhajali,2026-09-17,2026-09-17 00:00:00+03:00,2026-09-17 23:59:27+03:00,قذائف مضيئه,قنابل مضيئة وحارقة,بيت ليف,269,بيت ليف,none,1,NOT_IN_INCIDENTS,NEWS_FAILED,error,,34480;34474,
1240,alichoeib1970,2026-09-18,2026-09-18 00:00:00+03:00,2026-09-18 08:07:03+03:00,القصف المدفعي,قصف مدفعي,صربين,1412,صربين,none,1,NOT_IN_INCIDENTS,NEWS_NEVER_ARRIVED,,,,
1240,alichoeib1970,2026-09-18,2026-09-18 00:00:00+03:00,2026-09-18 08:07:03+03:00,القصف المدفعي,قصف مدفعي,علي الطاهر,87,علي الطاهر,none,1,NOT_IN_INCIDENTS,NEWS_WRONG_VILLAGE,كفر رمان,,34582,
1240,alichoeib1970,2026-09-18,2026-09-18 00:00:00+03:00,2026-09-18 08:07:03+03:00,القصف المدفعي,قصف مدفعي,حداثا,601,حداثا,none,1,NOT_IN_INCIDENTS,NEWS_FAILED,error,,34600;34590;34593;34594;34592;34596;34586;34588;34589,
1240,alichoeib1970,2026-09-18,2026-09-18 00:00:00+03:00,2026-09-18 08:07:03+03:00,القصف المدفعي,قصف مدفعي,حاريص,650,حاريص,none,1,NOT_IN_INCIDENTS,NEWS_FAILED,error,,34594,
1240,alichoeib1970,2026-09-18,2026-09-18 00:00:00+03:00,2026-09-18 08:07:03+03:00,التفجيرات المعاديه,تلغيم وتفجير,بين برعشيت و كونين,207,برعشيت,between,1,NOT_IN_INCIDENTS,NEWS_NEVER_ARRIVED,,,,
1240,alichoeib1970,2026-09-18,2026-09-18 00:00:00+03:00,2026-09-18 08:07:03+03:00,التفجيرات المعاديه,تلغيم وتفجير,المنصوري,976,المنصوري,none,1,DUPLICATE_OF_NEWS,,,4001e8a2-f522-48ae-a259-288abcc43ac7;06c56edc-e496-4a12-a740-043cedffeb11;97019356-f225-4778-9efe-aa70eb9fad3d;1d1faa00-3919-4ce0-bf90-f17a59246214;e4784ac0-a60e-48f5-a8fb-b7c52e750844,,-52
1240,alichoeib1970,2026-09-18,2026-09-18 00:00:00+03:00,2026-09-18 08:07:03+03:00,قنابل صوتيه,قنابل صوتية,حاريص,650,حاريص,none,1,NOT_IN_INCIDENTS,NEWS_FAILED,error,,34594,
1239,mehwaralmokawma,2026-09-18,2026-09-18 00:00:00+03:00,2026-09-18 08:07:32+03:00,القصف المدفعي,قصف مدفعي,صربين,1412,صربين,none,1,NOT_IN_INCIDENTS,NEWS_NEVER_ARRIVED,,,,
1239,mehwaralmokawma,2026-09-18,2026-09-18 00:00:00+03:00,2026-09-18 08:07:32+03:00,القصف المدفعي,قصف مدفعي,علي الطاهر,87,علي الطاهر,none,1,NOT_IN_INCIDENTS,NEWS_WRONG_VILLAGE,كفر رمان,,34582,
1239,mehwaralmokawma,2026-09-18,2026-09-18 00:00:00+03:00,2026-09-18 08:07:32+03:00,القصف المدفعي,قصف مدفعي,حداثا,601,حداثا,none,1,NOT_IN_INCIDENTS,NEWS_FAILED,error,,34600;34590;34593;34594;34592;34596;34586;34588;34589,
1239,mehwaralmokawma,2026-09-18,2026-09-18 00:00:00+03:00,2026-09-18 08:07:32+03:00,القصف المدفعي,قصف مدفعي,حاريص,650,حاريص,none,1,NOT_IN_INCIDENTS,NEWS_FAILED,error,,34594,
1239,mehwaralmokawma,2026-09-18,2026-09-18 00:00:00+03:00,2026-09-18 08:07:32+03:00,التفجيرات المعاديه,تلغيم وتفجير,بين برعشيت و كونين,207,برعشيت,between,1,NOT_IN_INCIDENTS,NEWS_NEVER_ARRIVED,,,,
1239,mehwaralmokawma,2026-09-18,2026-09-18 00:00:00+03:00,2026-09-18 08:07:32+03:00,التفجيرات المعاديه,تلغيم وتفجير,المنصوري,976,المنصوري,none,1,DUPLICATE_OF_NEWS,,,4001e8a2-f522-48ae-a259-288abcc43ac7;06c56edc-e496-4a12-a740-043cedffeb11;97019356-f225-4778-9efe-aa70eb9fad3d;1d1faa00-3919-4ce0-bf90-f17a59246214;e4784ac0-a60e-48f5-a8fb-b7c52e750844,,-51
1239,mehwaralmokawma,2026-09-18,2026-09-18 00:00:00+03:00,2026-09-18 08:07:32+03:00,قنابل صوتيه,قنابل صوتية,حاريص,650,حاريص,none,1,NOT_IN_INCIDENTS,NEWS_FAILED,error,,34594,
34608,nabatiehchannel,2026-09-18,2026-09-18 00:00:00+03:00,2026-09-18 09:59:21+03:00,القصف المدفعي,قصف مدفعي,صربين,1412,صربين,none,1,NOT_IN_INCIDENTS,NEWS_NEVER_ARRIVED,,,,
34608,nabatiehchannel,2026-09-18,2026-09-18 00:00:00+03:00,2026-09-18 09:59:21+03:00,القصف المدفعي,قصف مدفعي,علي الطاهر,87,علي الطاهر,none,1,NOT_IN_INCIDENTS,NEWS_WRONG_VILLAGE,كفر رمان,,34582,
34608,nabatiehchannel,2026-09-18,2026-09-18 00:00:00+03:00,2026-09-18 09:59:21+03:00,القصف المدفعي,قصف مدفعي,حداثا,601,حداثا,none,1,NOT_IN_INCIDENTS,NEWS_FAILED,error,,34600;34590;34593;34594;34592;34596;34586;34588;34589,
34608,nabatiehchannel,2026-09-18,2026-09-18 00:00:00+03:00,2026-09-18 09:59:21+03:00,القصف المدفعي,قصف مدفعي,حاريص,650,حاريص,none,1,NOT_IN_INCIDENTS,NEWS_FAILED,error,,34594,
34608,nabatiehchannel,2026-09-18,2026-09-18 00:00:00+03:00,2026-09-18 09:59:21+03:00,التفجيرات المعاديه,تلغيم وتفجير,بين برعشيت و كونين,207,برعشيت,between,1,NOT_IN_INCIDENTS,NEWS_NEVER_ARRIVED,,,,
34608,nabatiehchannel,2026-09-18,2026-09-18 00:00:00+03:00,2026-09-18 09:59:21+03:00,التفجيرات المعاديه,تلغيم وتفجير,المنصوري,976,المنصوري,none,1,DUPLICATE_OF_NEWS,,,4001e8a2-f522-48ae-a259-288abcc43ac7;06c56edc-e496-4a12-a740-043cedffeb11;97019356-f225-4778-9efe-aa70eb9fad3d;1d1faa00-3919-4ce0-bf90-f17a59246214;e4784ac0-a60e-48f5-a8fb-b7c52e750844,,61
34608,nabatiehchannel,2026-09-18,2026-09-18 00:00:00+03:00,2026-09-18 09:59:21+03:00,قنابل صوتيه,قنابل صوتية,حاريص,650,حاريص,none,1,NOT_IN_INCIDENTS,NEWS_FAILED,error,,34594,
34697,alichoeib1970,2026-09-18,2026-09-18 00:00:00+03:00,2026-09-18 23:58:43+03:00,الغارات التي نفذها الطيران الحربي المعادي,قصف وغارات,المنصوري,976,المنصوري,none,1,SAME_VILLAGE_OTHER_ACTION,تلغيم وتفجير; عملية تمشيط مروحي,,,,
34697,alichoeib1970,2026-09-18,2026-09-18 00:00:00+03:00,2026-09-18 23:58:43+03:00,القصف المدفعي المعادي,قصف مدفعي,صربين,1412,صربين,none,1,NOT_IN_INCIDENTS,NEWS_NEVER_ARRIVED,,,,
34697,alichoeib1970,2026-09-18,2026-09-18 00:00:00+03:00,2026-09-18 23:58:43+03:00,القصف المدفعي المعادي,قصف مدفعي,علي الطاهر,87,علي الطاهر,none,1,NOT_IN_INCIDENTS,NEWS_REJECTED,unspecified,,34694,
34697,alichoeib1970,2026-09-18,2026-09-18 00:00:00+03:00,2026-09-18 23:58:43+03:00,القصف المدفعي المعادي,قصف مدفعي,حداثا,601,حداثا,none,1,NOT_IN_INCIDENTS,NEWS_FAILED,error,,34600;34590;34593;34594;34592;34596;34586;34588;34589,
34697,alichoeib1970,2026-09-18,2026-09-18 00:00:00+03:00,2026-09-18 23:58:43+03:00,القصف المدفعي المعادي,قصف مدفعي,وادي زبقين,1523,زبقين,none,1,NOT_IN_INCIDENTS,NEWS_REJECTED,unspecified,,34688,
34697,alichoeib1970,2026-09-18,2026-09-18 00:00:00+03:00,2026-09-18 23:58:43+03:00,القصف المدفعي المعادي,قصف مدفعي,كفرتبنيت,857,كفر تبنيت,none,1,NOT_IN_INCIDENTS,NEWS_NEVER_ARRIVED,,,,
34697,alichoeib1970,2026-09-18,2026-09-18 00:00:00+03:00,2026-09-18 23:58:43+03:00,القصف المدفعي المعادي,قصف مدفعي,النبطيه الفوقا,1153,نبطية الفوقا,none,1,NOT_IN_INCIDENTS,NEWS_REJECTED,unspecified,,94;81;82;83;84;85;89;90;92,
34697,alichoeib1970,2026-09-18,2026-09-18 00:00:00+03:00,2026-09-18 23:58:43+03:00,القصف المدفعي المعادي,قصف مدفعي,زوطر الشرقيه,1519,زوطر الشرقية,none,1,NOT_IN_INCIDENTS,NEWS_REJECTED,unspecified,,86,
34697,alichoeib1970,2026-09-18,2026-09-18 00:00:00+03:00,2026-09-18 23:58:43+03:00,القصف المدفعي المعادي,قصف مدفعي,القنطره,1228,قنطرة,none,1,SAME_VILLAGE_OTHER_ACTION,عملية تمشيط,,,,
34697,alichoeib1970,2026-09-18,2026-09-18 00:00:00+03:00,2026-09-18 23:58:43+03:00,القصف المدفعي المعادي,قصف مدفعي,بني حيان,205,بني حيان,none,1,SAME_VILLAGE_OTHER_ACTION,عملية تمشيط,,,,
34697,alichoeib1970,2026-09-18,2026-09-18 00:00:00+03:00,2026-09-18 23:58:43+03:00,القصف المدفعي المعادي,قصف مدفعي,حاريص,650,حاريص,none,1,NOT_IN_INCIDENTS,NEWS_FAILED,error,,34594,
34697,alichoeib1970,2026-09-18,2026-09-18 00:00:00+03:00,2026-09-18 23:58:43+03:00,التفجيرات التي نفذها العدو في البلدات الجنوبيه,تلغيم وتفجير,بين برعشيت و كونين,207,برعشيت,between,1,NOT_IN_INCIDENTS,NEWS_NEVER_ARRIVED,,,,
34697,alichoeib1970,2026-09-18,2026-09-18 00:00:00+03:00,2026-09-18 23:58:43+03:00,التفجيرات التي نفذها العدو في البلدات الجنوبيه,تلغيم وتفجير,المنصوري,976,المنصوري,none,1,DUPLICATE_OF_NEWS,,,4001e8a2-f522-48ae-a259-288abcc43ac7;06c56edc-e496-4a12-a740-043cedffeb11;97019356-f225-4778-9efe-aa70eb9fad3d;1d1faa00-3919-4ce0-bf90-f17a59246214;e4784ac0-a60e-48f5-a8fb-b7c52e750844,,900
34697,alichoeib1970,2026-09-18,2026-09-18 00:00:00+03:00,2026-09-18 23:58:43+03:00,التفجيرات التي نفذها العدو في البلدات الجنوبيه,تلغيم وتفجير,ميس الجبل,1079,ميس الجبل,none,1,NOT_IN_INCIDENTS,NEWS_WRONG_VILLAGE,عيناتا بنت جبيل,,34663,
34697,alichoeib1970,2026-09-18,2026-09-18 00:00:00+03:00,2026-09-18 23:58:43+03:00,التفجيرات التي نفذها العدو في البلدات الجنوبيه,تلغيم وتفجير,البياضه,724,إسكندرونة,none,1,NOT_IN_INCIDENTS,NEWS_WRONG_VILLAGE,البياض صور,,34668,
34697,alichoeib1970,2026-09-18,2026-09-18 00:00:00+03:00,2026-09-18 23:58:43+03:00,التفجيرات التي نفذها العدو في البلدات الجنوبيه,تلغيم وتفجير,الخيام,901,الخيام,none,1,NOT_IN_INCIDENTS,NEWS_NEVER_ARRIVED,,,,
34697,alichoeib1970,2026-09-18,2026-09-18 00:00:00+03:00,2026-09-18 23:58:43+03:00,القنابل الصوتيه,قنابل صوتية,حاريص,650,حاريص,none,1,NOT_IN_INCIDENTS,NEWS_FAILED,error,,34594,
34697,alichoeib1970,2026-09-18,2026-09-18 00:00:00+03:00,2026-09-18 23:58:43+03:00,القنابل الصوتيه,قنابل صوتية,ياطر,1490,ياطر,none,1,SAME_VILLAGE_OTHER_ACTION,قنابل مضيئة وحارقة,,,,
34697,alichoeib1970,2026-09-18,2026-09-18 00:00:00+03:00,2026-09-18 23:58:43+03:00,القنابل الصوتيه,قنابل صوتية,ديرميماس باتجاه الجيش اللبناني,518,دير ميماس,none,1,DUPLICATE_OF_NEWS,,,fb6b40bb-0759-43b1-bb07-3626072937ae,,705
34698,mehwaralmokawma,2026-09-18,2026-09-19 00:00:00+03:00,2026-09-19 00:01:51+03:00,الغارات التي نفذها الطيران الحربي المعادي,قصف وغارات,المنصوري,976,المنصوري,none,1,NOT_IN_INCIDENTS,NEWS_NEVER_ARRIVED,,,,
34698,mehwaralmokawma,2026-09-18,2026-09-19 00:00:00+03:00,2026-09-19 00:01:51+03:00,القصف المدفعي المعادي,قصف مدفعي,صربين,1412,صربين,none,1,NOT_IN_INCIDENTS,NEWS_NEVER_ARRIVED,,,,
34698,mehwaralmokawma,2026-09-18,2026-09-19 00:00:00+03:00,2026-09-19 00:01:51+03:00,القصف المدفعي المعادي,قصف مدفعي,علي الطاهر,87,علي الطاهر,none,1,NOT_IN_INCIDENTS,NEWS_NEVER_ARRIVED,,,,
34698,mehwaralmokawma,2026-09-18,2026-09-19 00:00:00+03:00,2026-09-19 00:01:51+03:00,القصف المدفعي المعادي,قصف مدفعي,حداثا,601,حداثا,none,1,NOT_IN_INCIDENTS,NEWS_NEVER_ARRIVED,,,,
34698,mehwaralmokawma,2026-09-18,2026-09-19 00:00:00+03:00,2026-09-19 00:01:51+03:00,القصف المدفعي المعادي,قصف مدفعي,وادي زبقين,1523,زبقين,none,1,NOT_IN_INCIDENTS,NEWS_NEVER_ARRIVED,,,,
34698,mehwaralmokawma,2026-09-18,2026-09-19 00:00:00+03:00,2026-09-19 00:01:51+03:00,القصف المدفعي المعادي,قصف مدفعي,كفرتبنيت,857,كفر تبنيت,none,1,NOT_IN_INCIDENTS,NEWS_NEVER_ARRIVED,,,,
34698,mehwaralmokawma,2026-09-18,2026-09-19 00:00:00+03:00,2026-09-19 00:01:51+03:00,القصف المدفعي المعادي,قصف مدفعي,النبطيه الفوقا,1153,نبطية الفوقا,none,1,NOT_IN_INCIDENTS,NEWS_NEVER_ARRIVED,,,,
34698,mehwaralmokawma,2026-09-18,2026-09-19 00:00:00+03:00,2026-09-19 00:01:51+03:00,القصف المدفعي المعادي,قصف مدفعي,زوطر الشرقيه,1519,زوطر الشرقية,none,1,NOT_IN_INCIDENTS,NEWS_NEVER_ARRIVED,,,,
34698,mehwaralmokawma,2026-09-18,2026-09-19 00:00:00+03:00,2026-09-19 00:01:51+03:00,القصف المدفعي المعادي,قصف مدفعي,القنطره,1228,قنطرة,none,1,NOT_IN_INCIDENTS,NEWS_NEVER_ARRIVED,,,,
34698,mehwaralmokawma,2026-09-18,2026-09-19 00:00:00+03:00,2026-09-19 00:01:51+03:00,القصف المدفعي المعادي,قصف مدفعي,بني حيان,205,بني حيان,none,1,NOT_IN_INCIDENTS,NEWS_NEVER_ARRIVED,,,,
34698,mehwaralmokawma,2026-09-18,2026-09-19 00:00:00+03:00,2026-09-19 00:01:51+03:00,القصف المدفعي المعادي,قصف مدفعي,حاريص,650,حاريص,none,1,NOT_IN_INCIDENTS,NEWS_NEVER_ARRIVED,,,,
34698,mehwaralmokawma,2026-09-18,2026-09-19 00:00:00+03:00,2026-09-19 00:01:51+03:00,التفجيرات التي نفذها العدو في البلدات الجنوبيه,تلغيم وتفجير,بين برعشيت و كونين,207,برعشيت,between,1,NOT_IN_INCIDENTS,NEWS_NEVER_ARRIVED,,,,
34698,mehwaralmokawma,2026-09-18,2026-09-19 00:00:00+03:00,2026-09-19 00:01:51+03:00,التفجيرات التي نفذها العدو في البلدات الجنوبيه,تلغيم وتفجير,المنصوري,976,المنصوري,none,1,NOT_IN_INCIDENTS,NEWS_NEVER_ARRIVED,,,,
34698,mehwaralmokawma,2026-09-18,2026-09-19 00:00:00+03:00,2026-09-19 00:01:51+03:00,التفجيرات التي نفذها العدو في البلدات الجنوبيه,تلغيم وتفجير,ميس الجبل,1079,ميس الجبل,none,1,NOT_IN_INCIDENTS,NEWS_NEVER_ARRIVED,,,,
34698,mehwaralmokawma,2026-09-18,2026-09-19 00:00:00+03:00,2026-09-19 00:01:51+03:00,التفجيرات التي نفذها العدو في البلدات الجنوبيه,تلغيم وتفجير,البياضه,724,إسكندرونة,none,1,NOT_IN_INCIDENTS,NEWS_NEVER_ARRIVED,,,,
34698,mehwaralmokawma,2026-09-18,2026-09-19 00:00:00+03:00,2026-09-19 00:01:51+03:00,التفجيرات التي نفذها العدو في البلدات الجنوبيه,تلغيم وتفجير,الخيام,901,الخيام,none,1,NOT_IN_INCIDENTS,NEWS_NEVER_ARRIVED,,,,
34698,mehwaralmokawma,2026-09-18,2026-09-19 00:00:00+03:00,2026-09-19 00:01:51+03:00,القنابل الصوتيه,قنابل صوتية,حاريص,650,حاريص,none,1,NOT_IN_INCIDENTS,NEWS_NEVER_ARRIVED,,,,
34698,mehwaralmokawma,2026-09-18,2026-09-19 00:00:00+03:00,2026-09-19 00:01:51+03:00,القنابل الصوتيه,قنابل صوتية,ياطر,1490,ياطر,none,1,NOT_IN_INCIDENTS,NEWS_NEVER_ARRIVED,,,,
34698,mehwaralmokawma,2026-09-18,2026-09-19 00:00:00+03:00,2026-09-19 00:01:51+03:00,القنابل الصوتيه,قنابل صوتية,ديرميماس باتجاه الجيش اللبناني,518,دير ميماس,none,1,NOT_IN_INCIDENTS,NEWS_NEVER_ARRIVED,,,,
34700,Janoubana; nabatiehchannel,2026-09-18,2026-09-18 00:00:00+03:00,2026-09-18 00:00:00+03:00,الغارات من الطيران الحربي,قصف وغارات,المنصوري (3),976,المنصوري,none,3,SAME_VILLAGE_OTHER_ACTION,عملية تمشيط مروحي,,,,
34700,Janoubana; nabatiehchannel,2026-09-18,2026-09-18 00:00:00+03:00,2026-09-18 00:00:00+03:00,القصف المدفعي,قصف مدفعي,المنصوري,976,المنصوري,none,1,SAME_VILLAGE_OTHER_ACTION,عملية تمشيط مروحي,,,,
34700,Janoubana; nabatiehchannel,2026-09-18,2026-09-18 00:00:00+03:00,2026-09-18 00:00:00+03:00,القصف المدفعي,قصف مدفعي,صربين,1412,صربين,none,1,NOT_IN_INCIDENTS,NEWS_NEVER_ARRIVED,,,,
34700,Janoubana; nabatiehchannel,2026-09-18,2026-09-18 00:00:00+03:00,2026-09-18 00:00:00+03:00,القصف المدفعي,قصف مدفعي,اطراف ميفدون,1003,ميفدون,none,1,NOT_IN_INCIDENTS,NEWS_NEVER_ARRIVED,,,,
34700,Janoubana; nabatiehchannel,2026-09-18,2026-09-18 00:00:00+03:00,2026-09-18 00:00:00+03:00,القصف المدفعي,قصف مدفعي,حداثا,601,حداثا,none,1,NOT_IN_INCIDENTS,NEWS_NEVER_ARRIVED,,,,
34700,Janoubana; nabatiehchannel,2026-09-18,2026-09-18 00:00:00+03:00,2026-09-18 00:00:00+03:00,القصف المدفعي,قصف مدفعي,بين شقرا و ميس الجبل,409,شقرا,between,1,NOT_IN_INCIDENTS,NEWS_NEVER_ARRIVED,,,,
34700,Janoubana; nabatiehchannel,2026-09-18,2026-09-18 00:00:00+03:00,2026-09-18 00:00:00+03:00,القصف المدفعي,قصف مدفعي,علي الطاهر,87,علي الطاهر,none,1,NOT_IN_INCIDENTS,NEWS_NEVER_ARRIVED,,,,
34700,Janoubana; nabatiehchannel,2026-09-18,2026-09-18 00:00:00+03:00,2026-09-18 00:00:00+03:00,القصف المدفعي,قصف مدفعي,وادي الحجير,1219,قبريخا,none,1,NOT_IN_INCIDENTS,NEWS_NEVER_ARRIVED,,,,
34700,Janoubana; nabatiehchannel,2026-09-18,2026-09-18 00:00:00+03:00,2026-09-18 00:00:00+03:00,القصف المدفعي,قصف مدفعي,عيترون,77,عيترون,none,1,NOT_IN_INCIDENTS,NEWS_NEVER_ARRIVED,,,,
34700,Janoubana; nabatiehchannel,2026-09-18,2026-09-18 00:00:00+03:00,2026-09-18 00:00:00+03:00,القصف المدفعي,قصف مدفعي,كفرتبنيت,857,كفر تبنيت,none,1,NOT_IN_INCIDENTS,NEWS_NEVER_ARRIVED,,,,
34700,Janoubana; nabatiehchannel,2026-09-18,2026-09-18 00:00:00+03:00,2026-09-18 00:00:00+03:00,القصف المدفعي,قصف مدفعي,وادي زبقين,1523,زبقين,none,1,NOT_IN_INCIDENTS,NEWS_NEVER_ARRIVED,,,,
34700,Janoubana; nabatiehchannel,2026-09-18,2026-09-18 00:00:00+03:00,2026-09-18 00:00:00+03:00,القصف المدفعي,قصف مدفعي,وادي السلوقي,1464,تولين,none,1,NOT_IN_INCIDENTS,NEWS_NEVER_ARRIVED,,,,
34700,Janoubana; nabatiehchannel,2026-09-18,2026-09-18 00:00:00+03:00,2026-09-18 00:00:00+03:00,عمليات التفجير,تلغيم وتفجير,المنصوري (6),976,المنصوري,none,6,SAME_VILLAGE_OTHER_ACTION,عملية تمشيط مروحي,,,,
34700,Janoubana; nabatiehchannel,2026-09-18,2026-09-18 00:00:00+03:00,2026-09-18 00:00:00+03:00,عمليات التفجير,تلغيم وتفجير,بيت ياحون,273,بيت ياحون,none,1,NOT_IN_INCIDENTS,NEWS_NEVER_ARRIVED,,,,
34700,Janoubana; nabatiehchannel,2026-09-18,2026-09-18 00:00:00+03:00,2026-09-18 00:00:00+03:00,عمليات التفجير,تلغيم وتفجير,بين ميس الجبل و محيبيب | ميس الجبل,1079,ميس الجبل,between,1,NOT_IN_INCIDENTS,NEWS_NEVER_ARRIVED,,,,
34700,Janoubana; nabatiehchannel,2026-09-18,2026-09-18 00:00:00+03:00,2026-09-18 00:00:00+03:00,عمليات التفجير,تلغيم وتفجير,عيناثا جهه عيترون,144,عيناتا بنت جبيل,none,1,NOT_IN_INCIDENTS,NEWS_NEVER_ARRIVED,,,,
34700,Janoubana; nabatiehchannel,2026-09-18,2026-09-18 00:00:00+03:00,2026-09-18 00:00:00+03:00,عمليات التفجير,تلغيم وتفجير,البياضه,724,إسكندرونة,none,1,NOT_IN_INCIDENTS,NEWS_NEVER_ARRIVED,,,,
34700,Janoubana; nabatiehchannel,2026-09-18,2026-09-18 00:00:00+03:00,2026-09-18 00:00:00+03:00,قنابل صوتيه,قنابل صوتية,دير ميماس (6),518,دير ميماس,none,6,NOT_IN_INCIDENTS,NEWS_NEVER_ARRIVED,,,,
34700,Janoubana; nabatiehchannel,2026-09-18,2026-09-18 00:00:00+03:00,2026-09-18 00:00:00+03:00,قنابل صوتيه,قنابل صوتية,ياطر,1490,ياطر,none,1,SAME_VILLAGE_OTHER_ACTION,قنابل مضيئة وحارقة,,,,
34700,Janoubana; nabatiehchannel,2026-09-18,2026-09-18 00:00:00+03:00,2026-09-18 00:00:00+03:00,قنابل صوتيه,قنابل صوتية,زوطر الشرقيه,1519,زوطر الشرقية,none,1,NOT_IN_INCIDENTS,NEWS_NEVER_ARRIVED,,,,
34811,nabatiehchannel,2026-09-19,2026-09-19 00:00:00+03:00,2026-09-19 13:52:44+03:00,الغارات الحربيه,قصف وغارات,القنطره,1228,قنطرة,none,1,DUPLICATE_OF_NEWS,,,60047d6e-1c97-48f6-a2b7-1d965e9aa1aa,,753
34811,nabatiehchannel,2026-09-19,2026-09-19 00:00:00+03:00,2026-09-19 13:52:44+03:00,الغارات الحربيه,قصف وغارات,كفرتبنيت,857,كفر تبنيت,none,1,NOT_IN_INCIDENTS,NEWS_NEVER_ARRIVED,,,,
34811,nabatiehchannel,2026-09-19,2026-09-19 00:00:00+03:00,2026-09-19 13:52:44+03:00,الغارات الحربيه,قصف وغارات,المنصوري,976,المنصوري,none,1,NOT_IN_INCIDENTS,NEWS_NEVER_ARRIVED,,,,
34811,nabatiehchannel,2026-09-19,2026-09-19 00:00:00+03:00,2026-09-19 13:52:44+03:00,القصف المدفعي,قصف مدفعي,وادي السلوقي,1464,تولين,none,1,NOT_IN_INCIDENTS,NEWS_FAILED,error,,34801;34782;34776,
34811,nabatiehchannel,2026-09-19,2026-09-19 00:00:00+03:00,2026-09-19 13:52:44+03:00,القصف المدفعي,قصف مدفعي,كفرتبنيت,857,كفر تبنيت,none,1,NOT_IN_INCIDENTS,NEWS_NEVER_ARRIVED,,,,
34811,nabatiehchannel,2026-09-19,2026-09-19 00:00:00+03:00,2026-09-19 13:52:44+03:00,القصف المدفعي,قصف مدفعي,زوطر الشرقيه,1519,زوطر الشرقية,none,1,NOT_IN_INCIDENTS,NEWS_NEVER_ARRIVED,,,,
34811,nabatiehchannel,2026-09-19,2026-09-19 00:00:00+03:00,2026-09-19 13:52:44+03:00,التفجيرات المعاديه,تلغيم وتفجير,المنصوري,976,المنصوري,none,1,NOT_IN_INCIDENTS,NEWS_NEVER_ARRIVED,,,,
34811,nabatiehchannel,2026-09-19,2026-09-19 00:00:00+03:00,2026-09-19 13:52:44+03:00,التفجيرات المعاديه,قصف مدفعي,قصف مدفعي معاد استهدف بلده ميس الجبل,1079,ميس الجبل,none,1,NOT_IN_INCIDENTS,NEWS_REJECTED,unspecified,,34734,
34811,nabatiehchannel,2026-09-19,2026-09-19 00:00:00+03:00,2026-09-19 13:52:44+03:00,التفجيرات المعاديه,قصف وغارات,اغار الطيران الحربي المعادي مستهدفا بلده النبطيه الفوقا,1153,نبطية الفوقا,none,1,NOT_IN_INCIDENTS,NEWS_REJECTED,unspecified,,95;104;109;101;105;102,
34991,alichoeib1970,2026-09-19,2026-09-19 00:00:00+03:00,2026-09-19 23:58:02+03:00,الغارات التي نفذها الطيران الحربي المعادي,قصف وغارات,القنطره,1228,قنطرة,none,1,DUPLICATE_OF_NEWS,,,60047d6e-1c97-48f6-a2b7-1d965e9aa1aa,,1358
34991,alichoeib1970,2026-09-19,2026-09-19 00:00:00+03:00,2026-09-19 23:58:02+03:00,الغارات التي نفذها الطيران الحربي المعادي,قصف وغارات,كفرتبنيت,857,كفر تبنيت,none,1,DUPLICATE_OF_NEWS,,,555549c1-1852-4e25-bf86-b62404372b3d;57c119ec-6d99-4d5f-bccc-a722702cce43;86a0e1e4-0eab-44ee-b435-e86c95a034a7,,31
34991,alichoeib1970,2026-09-19,2026-09-19 00:00:00+03:00,2026-09-19 23:58:02+03:00,الغارات التي نفذها الطيران الحربي المعادي,قصف وغارات,النبطيه الفوقا,1153,نبطية الفوقا,none,1,DUPLICATE_OF_NEWS,,,a08fc6ab-87b4-46d7-81e1-3dd6165647a0;e113bea0-86fb-4060-9fd7-8cdc1f44dfb5,,31
34991,alichoeib1970,2026-09-19,2026-09-19 00:00:00+03:00,2026-09-19 23:58:02+03:00,الغارات التي نفذها الطيران الحربي المعادي,قصف وغارات,المنصوري,976,المنصوري,none,1,NOT_IN_INCIDENTS,NEWS_WRONG_VILLAGE,وادي العرايش,,34909,
34991,alichoeib1970,2026-09-19,2026-09-19 00:00:00+03:00,2026-09-19 23:58:02+03:00,الغارات التي نفذها الطيران الحربي المعادي,قصف وغارات,حاريص,650,حاريص,none,1,DUPLICATE_OF_NEWS,,,61d9b3c7-c264-4873-869e-22d586a9b4d8;924466bf-d15d-42da-8a83-a7851dfa7649,,296
34991,alichoeib1970,2026-09-19,2026-09-19 00:00:00+03:00,2026-09-19 23:58:02+03:00,الغارات التي نفذها الطيران الحربي المعادي,قصف وغارات,صربين,1412,صربين,none,1,DUPLICATE_OF_NEWS,,,cfdd485a-0e03-417e-8003-5107b0486f69,,347
34991,alichoeib1970,2026-09-19,2026-09-19 00:00:00+03:00,2026-09-19 23:58:02+03:00,الغارات التي نفذها الطيران الحربي المعادي,قصف وغارات,وادي السلوقي-بني حيان,1464,تولين,between,1,DUPLICATE_OF_NEWS,,,8a9be88b-dc08-48bb-9b64-22c81d9f4cf6,,340
34991,alichoeib1970,2026-09-19,2026-09-19 00:00:00+03:00,2026-09-19 23:58:02+03:00,القصف المدفعي المعادي,قصف مدفعي,وادي السلوقي,1464,تولين,none,1,NOT_IN_INCIDENTS,NEWS_FAILED,error,,34881;34979;34801;34782;34776;34973,
34991,alichoeib1970,2026-09-19,2026-09-19 00:00:00+03:00,2026-09-19 23:58:02+03:00,القصف المدفعي المعادي,قصف مدفعي,كفرتبنيت,857,كفر تبنيت,none,1,SAME_VILLAGE_OTHER_ACTION,قصف وغارات,,,,
34991,alichoeib1970,2026-09-19,2026-09-19 00:00:00+03:00,2026-09-19 23:58:02+03:00,القصف المدفعي المعادي,قصف مدفعي,زوطر الشرقيه,1519,زوطر الشرقية,none,1,NOT_IN_INCIDENTS,NEWS_REJECTED,unspecified,,115,
34991,alichoeib1970,2026-09-19,2026-09-19 00:00:00+03:00,2026-09-19 23:58:02+03:00,القصف المدفعي المعادي,قصف مدفعي,ميس الجبل,1079,ميس الجبل,none,1,SAME_VILLAGE_OTHER_ACTION,تلغيم وتفجير,,,,
34991,alichoeib1970,2026-09-19,2026-09-19 00:00:00+03:00,2026-09-19 23:58:02+03:00,القصف المدفعي المعادي,قصف مدفعي,النبطيه الفوقا,1153,نبطية الفوقا,none,1,SAME_VILLAGE_OTHER_ACTION,قصف وغارات,,,,
34991,alichoeib1970,2026-09-19,2026-09-19 00:00:00+03:00,2026-09-19 23:58:02+03:00,القصف المدفعي المعادي,قصف مدفعي,حداثا,601,حداثا,none,1,NOT_IN_INCIDENTS,NEWS_FAILED,error,,34855;34849;34830,
34991,alichoeib1970,2026-09-19,2026-09-19 00:00:00+03:00,2026-09-19 23:58:02+03:00,القصف المدفعي المعادي,قصف مدفعي,الخيام,901,الخيام,none,1,NOT_IN_INCIDENTS,NEWS_FAILED,error,,34852;34843,
34991,alichoeib1970,2026-09-19,2026-09-19 00:00:00+03:00,2026-09-19 23:58:02+03:00,القصف المدفعي المعادي,قصف مدفعي,يحمر الشقيف,1492,يحمر,none,1,NOT_IN_INCIDENTS,NEWS_FAILED,error,,34848,
34991,alichoeib1970,2026-09-19,2026-09-19 00:00:00+03:00,2026-09-19 23:58:02+03:00,القصف المدفعي المعادي,قصف مدفعي,وادي زبقين,1523,زبقين,none,1,DUPLICATE_OF_NEWS,,,828d2c45-005b-43e6-bc8e-534ee8b3eb99,,345
34991,alichoeib1970,2026-09-19,2026-09-19 00:00:00+03:00,2026-09-19 23:58:02+03:00,التفجيرات التي نفذها العدو في البلدات الجنوبيه,تلغيم وتفجير,المنصوري,976,المنصوري,none,1,NOT_IN_INCIDENTS,NEWS_WRONG_VILLAGE,وادي العرايش,,34909,
34991,alichoeib1970,2026-09-19,2026-09-19 00:00:00+03:00,2026-09-19 23:58:02+03:00,التفجيرات التي نفذها العدو في البلدات الجنوبيه,تلغيم وتفجير,بين دير سريان والقصير,524,دير سريان,none,1,NOT_IN_INCIDENTS,NEWS_NEVER_ARRIVED,,,,
34991,alichoeib1970,2026-09-19,2026-09-19 00:00:00+03:00,2026-09-19 23:58:02+03:00,التفجيرات التي نفذها العدو في البلدات الجنوبيه,تلغيم وتفجير,كونين,919,كونين,none,1,NOT_IN_INCIDENTS,NEWS_NEVER_ARRIVED,,,,
34991,alichoeib1970,2026-09-19,2026-09-19 00:00:00+03:00,2026-09-19 23:58:02+03:00,التفجيرات التي نفذها العدو في البلدات الجنوبيه,تلغيم وتفجير,مركبا,991,مركبا,none,1,NOT_IN_INCIDENTS,NEWS_NEVER_ARRIVED,,,,
34991,alichoeib1970,2026-09-19,2026-09-19 00:00:00+03:00,2026-09-19 23:58:02+03:00,التفجيرات التي نفذها العدو في البلدات الجنوبيه,تلغيم وتفجير,ميس الجبل,1079,ميس الجبل,none,1,DUPLICATE_OF_NEWS,,,2d0a13da-b107-448d-aaac-d14fc8c41177,,342
34991,alichoeib1970,2026-09-19,2026-09-19 00:00:00+03:00,2026-09-19 23:58:02+03:00,التفجيرات التي نفذها العدو في البلدات الجنوبيه,تلغيم وتفجير,الطيري,1457,طيري,none,1,NOT_IN_INCIDENTS,NEWS_FAILED,error,,34853,
34989,Janoubana; nabatiehchannel; sameralhajali,2026-09-19,2026-09-19 00:00:00+03:00,2026-09-19 23:58:34+03:00,الغارات التي نفذها الطيران الحربي المعادي,قصف وغارات,القنطره,1228,قنطرة,none,1,DUPLICATE_OF_NEWS,,,60047d6e-1c97-48f6-a2b7-1d965e9aa1aa,,1359
34989,Janoubana; nabatiehchannel; sameralhajali,2026-09-19,2026-09-19 00:00:00+03:00,2026-09-19 23:58:34+03:00,الغارات التي نفذها الطيران الحربي المعادي,قصف وغارات,كفرتبنيت,857,كفر تبنيت,none,1,DUPLICATE_OF_NEWS,,,555549c1-1852-4e25-bf86-b62404372b3d;57c119ec-6d99-4d5f-bccc-a722702cce43;86a0e1e4-0eab-44ee-b435-e86c95a034a7,,31
34989,Janoubana; nabatiehchannel; sameralhajali,2026-09-19,2026-09-19 00:00:00+03:00,2026-09-19 23:58:34+03:00,الغارات التي نفذها الطيران الحربي المعادي,قصف وغارات,النبطيه الفوقا,1153,نبطية الفوقا,none,1,DUPLICATE_OF_NEWS,,,a08fc6ab-87b4-46d7-81e1-3dd6165647a0;e113bea0-86fb-4060-9fd7-8cdc1f44dfb5,,31
34989,Janoubana; nabatiehchannel; sameralhajali,2026-09-19,2026-09-19 00:00:00+03:00,2026-09-19 23:58:34+03:00,الغارات التي نفذها الطيران الحربي المعادي,قصف وغارات,المنصوري,976,المنصوري,none,1,NOT_IN_INCIDENTS,NEWS_WRONG_VILLAGE,وادي العرايش,,34909,
34989,Janoubana; nabatiehchannel; sameralhajali,2026-09-19,2026-09-19 00:00:00+03:00,2026-09-19 23:58:34+03:00,الغارات التي نفذها الطيران الحربي المعادي,قصف وغارات,حاريص,650,حاريص,none,1,DUPLICATE_OF_NEWS,,,61d9b3c7-c264-4873-869e-22d586a9b4d8;924466bf-d15d-42da-8a83-a7851dfa7649,,297
34989,Janoubana; nabatiehchannel; sameralhajali,2026-09-19,2026-09-19 00:00:00+03:00,2026-09-19 23:58:34+03:00,الغارات التي نفذها الطيران الحربي المعادي,قصف وغارات,صربين,1412,صربين,none,1,DUPLICATE_OF_NEWS,,,cfdd485a-0e03-417e-8003-5107b0486f69,,347
34989,Janoubana; nabatiehchannel; sameralhajali,2026-09-19,2026-09-19 00:00:00+03:00,2026-09-19 23:58:34+03:00,الغارات التي نفذها الطيران الحربي المعادي,قصف وغارات,وادي السلوقي-بني حيان,1464,تولين,between,1,DUPLICATE_OF_NEWS,,,8a9be88b-dc08-48bb-9b64-22c81d9f4cf6,,341
34989,Janoubana; nabatiehchannel; sameralhajali,2026-09-19,2026-09-19 00:00:00+03:00,2026-09-19 23:58:34+03:00,القصف المدفعي المعادي,قصف مدفعي,وادي السلوقي,1464,تولين,none,1,NOT_IN_INCIDENTS,NEWS_FAILED,error,,34881;34979;34801;34782;34776;34973,
34989,Janoubana; nabatiehchannel; sameralhajali,2026-09-19,2026-09-19 00:00:00+03:00,2026-09-19 23:58:34+03:00,القصف المدفعي المعادي,قصف مدفعي,كفرتبنيت,857,كفر تبنيت,none,1,SAME_VILLAGE_OTHER_ACTION,قصف وغارات,,,,
34989,Janoubana; nabatiehchannel; sameralhajali,2026-09-19,2026-09-19 00:00:00+03:00,2026-09-19 23:58:34+03:00,القصف المدفعي المعادي,قصف مدفعي,زوطر الشرقيه,1519,زوطر الشرقية,none,1,NOT_IN_INCIDENTS,NEWS_REJECTED,unspecified,,115,
34989,Janoubana; nabatiehchannel; sameralhajali,2026-09-19,2026-09-19 00:00:00+03:00,2026-09-19 23:58:34+03:00,القصف المدفعي المعادي,قصف مدفعي,ميس الجبل,1079,ميس الجبل,none,1,SAME_VILLAGE_OTHER_ACTION,تلغيم وتفجير,,,,
34989,Janoubana; nabatiehchannel; sameralhajali,2026-09-19,2026-09-19 00:00:00+03:00,2026-09-19 23:58:34+03:00,القصف المدفعي المعادي,قصف مدفعي,النبطيه الفوقا,1153,نبطية الفوقا,none,1,SAME_VILLAGE_OTHER_ACTION,قصف وغارات,,,,
34989,Janoubana; nabatiehchannel; sameralhajali,2026-09-19,2026-09-19 00:00:00+03:00,2026-09-19 23:58:34+03:00,القصف المدفعي المعادي,قصف مدفعي,حداثا,601,حداثا,none,1,NOT_IN_INCIDENTS,NEWS_FAILED,error,,34855;34849;34830,
34989,Janoubana; nabatiehchannel; sameralhajali,2026-09-19,2026-09-19 00:00:00+03:00,2026-09-19 23:58:34+03:00,القصف المدفعي المعادي,قصف مدفعي,الخيام,901,الخيام,none,1,NOT_IN_INCIDENTS,NEWS_FAILED,error,,34852;34843,
34989,Janoubana; nabatiehchannel; sameralhajali,2026-09-19,2026-09-19 00:00:00+03:00,2026-09-19 23:58:34+03:00,القصف المدفعي المعادي,قصف مدفعي,يحمر الشقيف,1492,يحمر,none,1,NOT_IN_INCIDENTS,NEWS_FAILED,error,,34848,
34989,Janoubana; nabatiehchannel; sameralhajali,2026-09-19,2026-09-19 00:00:00+03:00,2026-09-19 23:58:34+03:00,القصف المدفعي المعادي,قصف مدفعي,وادي زبقين,1523,زبقين,none,1,DUPLICATE_OF_NEWS,,,828d2c45-005b-43e6-bc8e-534ee8b3eb99,,345
34989,Janoubana; nabatiehchannel; sameralhajali,2026-09-19,2026-09-19 00:00:00+03:00,2026-09-19 23:58:34+03:00,التفجيرات التي نفذها العدو في البلدات الجنوبيه,تلغيم وتفجير,المنصوري,976,المنصوري,none,1,NOT_IN_INCIDENTS,NEWS_WRONG_VILLAGE,وادي العرايش,,34909,
34989,Janoubana; nabatiehchannel; sameralhajali,2026-09-19,2026-09-19 00:00:00+03:00,2026-09-19 23:58:34+03:00,التفجيرات التي نفذها العدو في البلدات الجنوبيه,تلغيم وتفجير,بين دير سريان والقصير,524,دير سريان,none,1,NOT_IN_INCIDENTS,NEWS_NEVER_ARRIVED,,,,
34989,Janoubana; nabatiehchannel; sameralhajali,2026-09-19,2026-09-19 00:00:00+03:00,2026-09-19 23:58:34+03:00,التفجيرات التي نفذها العدو في البلدات الجنوبيه,تلغيم وتفجير,كونين,919,كونين,none,1,NOT_IN_INCIDENTS,NEWS_NEVER_ARRIVED,,,,
34989,Janoubana; nabatiehchannel; sameralhajali,2026-09-19,2026-09-19 00:00:00+03:00,2026-09-19 23:58:34+03:00,التفجيرات التي نفذها العدو في البلدات الجنوبيه,تلغيم وتفجير,مركبا,991,مركبا,none,1,NOT_IN_INCIDENTS,NEWS_NEVER_ARRIVED,,,,
34989,Janoubana; nabatiehchannel; sameralhajali,2026-09-19,2026-09-19 00:00:00+03:00,2026-09-19 23:58:34+03:00,التفجيرات التي نفذها العدو في البلدات الجنوبيه,تلغيم وتفجير,ميس الجبل,1079,ميس الجبل,none,1,DUPLICATE_OF_NEWS,,,2d0a13da-b107-448d-aaac-d14fc8c41177,,342
34989,Janoubana; nabatiehchannel; sameralhajali,2026-09-19,2026-09-19 00:00:00+03:00,2026-09-19 23:58:34+03:00,التفجيرات التي نفذها العدو في البلدات الجنوبيه,تلغيم وتفجير,الطيري,1457,طيري,none,1,NOT_IN_INCIDENTS,NEWS_FAILED,error,,34853,
34995,mehwaralmokawma,2026-09-19,2026-09-19 00:00:00+03:00,2026-09-20 00:00:00+03:00,غارات الطيران الحربي,قصف وغارات,القنطره,1228,قنطرة,none,1,DUPLICATE_OF_NEWS,,,60047d6e-1c97-48f6-a2b7-1d965e9aa1aa,,1371
34995,mehwaralmokawma,2026-09-19,2026-09-19 00:00:00+03:00,2026-09-20 00:00:00+03:00,غارات الطيران الحربي,قصف وغارات,كفرتبنيت,857,كفر تبنيت,none,1,DUPLICATE_OF_NEWS,,,555549c1-1852-4e25-bf86-b62404372b3d;57c119ec-6d99-4d5f-bccc-a722702cce43;86a0e1e4-0eab-44ee-b435-e86c95a034a7,,44
34995,mehwaralmokawma,2026-09-19,2026-09-19 00:00:00+03:00,2026-09-20 00:00:00+03:00,غارات الطيران الحربي,قصف وغارات,النبطيه الفوقا,1153,نبطية الفوقا,none,1,DUPLICATE_OF_NEWS,,,a08fc6ab-87b4-46d7-81e1-3dd6165647a0;e113bea0-86fb-4060-9fd7-8cdc1f44dfb5,,44
34995,mehwaralmokawma,2026-09-19,2026-09-19 00:00:00+03:00,2026-09-20 00:00:00+03:00,غارات الطيران الحربي,قصف وغارات,المنصوري,976,المنصوري,none,1,NOT_IN_INCIDENTS,NEWS_WRONG_VILLAGE,وادي العرايش,,34909,
34995,mehwaralmokawma,2026-09-19,2026-09-19 00:00:00+03:00,2026-09-20 00:00:00+03:00,غارات الطيران الحربي,قصف وغارات,حاريص,650,حاريص,none,1,DUPLICATE_OF_NEWS,,,61d9b3c7-c264-4873-869e-22d586a9b4d8;924466bf-d15d-42da-8a83-a7851dfa7649,,309
34995,mehwaralmokawma,2026-09-19,2026-09-19 00:00:00+03:00,2026-09-20 00:00:00+03:00,غارات الطيران الحربي,قصف وغارات,صربين,1412,صربين,none,1,DUPLICATE_OF_NEWS,,,cfdd485a-0e03-417e-8003-5107b0486f69,,360
34995,mehwaralmokawma,2026-09-19,2026-09-19 00:00:00+03:00,2026-09-20 00:00:00+03:00,غارات الطيران الحربي,قصف وغارات,وادي السلوقي - بني حيان,1464,تولين,between,1,DUPLICATE_OF_NEWS,,,8a9be88b-dc08-48bb-9b64-22c81d9f4cf6,,353
34995,mehwaralmokawma,2026-09-19,2026-09-19 00:00:00+03:00,2026-09-20 00:00:00+03:00,القصف المدفعي,قصف مدفعي,وادي السلوقي,1464,تولين,none,1,NOT_IN_INCIDENTS,NEWS_FAILED,error,,34881;34979;34801;34782;34776;34973,
34995,mehwaralmokawma,2026-09-19,2026-09-19 00:00:00+03:00,2026-09-20 00:00:00+03:00,القصف المدفعي,قصف مدفعي,كفرتبنيت,857,كفر تبنيت,none,1,SAME_VILLAGE_OTHER_ACTION,قصف وغارات,,,,
34995,mehwaralmokawma,2026-09-19,2026-09-19 00:00:00+03:00,2026-09-20 00:00:00+03:00,القصف المدفعي,قصف مدفعي,زوطر الشرقيه,1519,زوطر الشرقية,none,1,NOT_IN_INCIDENTS,NEWS_REJECTED,unspecified,,115,
34995,mehwaralmokawma,2026-09-19,2026-09-19 00:00:00+03:00,2026-09-20 00:00:00+03:00,القصف المدفعي,قصف مدفعي,ميس الجبل,1079,ميس الجبل,none,1,SAME_VILLAGE_OTHER_ACTION,تلغيم وتفجير,,,,
34995,mehwaralmokawma,2026-09-19,2026-09-19 00:00:00+03:00,2026-09-20 00:00:00+03:00,القصف المدفعي,قصف مدفعي,النبطيه الفوقا,1153,نبطية الفوقا,none,1,SAME_VILLAGE_OTHER_ACTION,قصف وغارات,,,,
34995,mehwaralmokawma,2026-09-19,2026-09-19 00:00:00+03:00,2026-09-20 00:00:00+03:00,القصف المدفعي,قصف مدفعي,حداثا,601,حداثا,none,1,NOT_IN_INCIDENTS,NEWS_FAILED,error,,34855;34849;34830,
34995,mehwaralmokawma,2026-09-19,2026-09-19 00:00:00+03:00,2026-09-20 00:00:00+03:00,القصف المدفعي,قصف مدفعي,الخيام,901,الخيام,none,1,NOT_IN_INCIDENTS,NEWS_FAILED,error,,34852;34843,
34995,mehwaralmokawma,2026-09-19,2026-09-19 00:00:00+03:00,2026-09-20 00:00:00+03:00,القصف المدفعي,قصف مدفعي,يحمر الشقيف,1492,يحمر,none,1,NOT_IN_INCIDENTS,NEWS_FAILED,error,,34848,
34995,mehwaralmokawma,2026-09-19,2026-09-19 00:00:00+03:00,2026-09-20 00:00:00+03:00,القصف المدفعي,قصف مدفعي,وادي زبقين,1523,زبقين,none,1,DUPLICATE_OF_NEWS,,,828d2c45-005b-43e6-bc8e-534ee8b3eb99,,358
34995,mehwaralmokawma,2026-09-19,2026-09-19 00:00:00+03:00,2026-09-20 00:00:00+03:00,التفجيرات,تلغيم وتفجير,المنصوري,976,المنصوري,none,1,NOT_IN_INCIDENTS,NEWS_WRONG_VILLAGE,وادي العرايش,,34909,
34995,mehwaralmokawma,2026-09-19,2026-09-19 00:00:00+03:00,2026-09-20 00:00:00+03:00,التفجيرات,تلغيم وتفجير,بين دير سريان والقصير,524,دير سريان,none,1,NOT_IN_INCIDENTS,NEWS_NEVER_ARRIVED,,,,
34995,mehwaralmokawma,2026-09-19,2026-09-19 00:00:00+03:00,2026-09-20 00:00:00+03:00,التفجيرات,تلغيم وتفجير,كونين,919,كونين,none,1,NOT_IN_INCIDENTS,NEWS_NEVER_ARRIVED,,,,
34995,mehwaralmokawma,2026-09-19,2026-09-19 00:00:00+03:00,2026-09-20 00:00:00+03:00,التفجيرات,تلغيم وتفجير,مركبا,991,مركبا,none,1,NOT_IN_INCIDENTS,NEWS_NEVER_ARRIVED,,,,
34995,mehwaralmokawma,2026-09-19,2026-09-19 00:00:00+03:00,2026-09-20 00:00:00+03:00,التفجيرات,تلغيم وتفجير,ميس الجبل,1079,ميس الجبل,none,1,DUPLICATE_OF_NEWS,,,2d0a13da-b107-448d-aaac-d14fc8c41177,,355
34995,mehwaralmokawma,2026-09-19,2026-09-19 00:00:00+03:00,2026-09-20 00:00:00+03:00,التفجيرات,تلغيم وتفجير,وادي مظلم - بيت ليف,269,بيت ليف,none,1,NOT_IN_INCIDENTS,NEWS_NEVER_ARRIVED,,,,
34995,mehwaralmokawma,2026-09-19,2026-09-19 00:00:00+03:00,2026-09-20 00:00:00+03:00,التفجيرات,تلغيم وتفجير,الطيري,1457,طيري,none,1,NOT_IN_INCIDENTS,NEWS_FAILED,error,,34853,
35070,nabatiehchannel,2026-09-20,2026-09-20 00:00:00+03:00,2026-09-20 13:22:01+03:00,التفجيرات المعاديه,تلغيم وتفجير,المنصوري,976,المنصوري,none,1,NOT_IN_INCIDENTS,NEWS_NEVER_ARRIVED,,,,
35070,nabatiehchannel,2026-09-20,2026-09-20 00:00:00+03:00,2026-09-20 13:22:01+03:00,التفجيرات المعاديه,تلغيم وتفجير,زوطر الشرقيه,1519,زوطر الشرقية,none,1,SAME_VILLAGE_OTHER_ACTION,قصف مدفعي,,,,
35070,nabatiehchannel,2026-09-20,2026-09-20 00:00:00+03:00,2026-09-20 13:22:01+03:00,التفجيرات المعاديه,تلغيم وتفجير,كفرتبنيت,857,كفر تبنيت,none,1,SAME_VILLAGE_OTHER_ACTION,قصف وغارات,,,,
35070,nabatiehchannel,2026-09-20,2026-09-20 00:00:00+03:00,2026-09-20 13:22:01+03:00,القصف المدفعي المعادي,قصف مدفعي,كفرتبنيت,857,كفر تبنيت,none,1,SAME_VILLAGE_OTHER_ACTION,قصف وغارات,,,,
35070,nabatiehchannel,2026-09-20,2026-09-20 00:00:00+03:00,2026-09-20 13:22:01+03:00,القصف المدفعي المعادي,قصف مدفعي,وادي السلوقي | تولين لجهه وادي الحجير,1464,تولين,none,1,NOT_IN_INCIDENTS,NEWS_NEVER_ARRIVED,,,,
35070,nabatiehchannel,2026-09-20,2026-09-20 00:00:00+03:00,2026-09-20 13:22:01+03:00,القصف المدفعي المعادي,قصف مدفعي,بني حيان,205,بني حيان,none,1,NOT_IN_INCIDENTS,NEWS_NEVER_ARRIVED,,,,
35070,nabatiehchannel,2026-09-20,2026-09-20 00:00:00+03:00,2026-09-20 13:22:01+03:00,القصف المدفعي المعادي,قصف مدفعي,طلوسه,1431,طلوسة,none,1,NOT_IN_INCIDENTS,NEWS_NEVER_ARRIVED,,,,
35070,nabatiehchannel,2026-09-20,2026-09-20 00:00:00+03:00,2026-09-20 13:22:01+03:00,القصف المدفعي المعادي,قصف مدفعي,وادي زبقين,1523,زبقين,none,1,NOT_IN_INCIDENTS,NEWS_FAILED,error,,35046,
35070,nabatiehchannel,2026-09-20,2026-09-20 00:00:00+03:00,2026-09-20 13:22:01+03:00,القصف المدفعي المعادي,قصف مدفعي,برعشيت,207,برعشيت,none,1,NOT_IN_INCIDENTS,NEWS_FAILED,error,,35055,
35070,nabatiehchannel,2026-09-20,2026-09-20 00:00:00+03:00,2026-09-20 13:22:01+03:00,التمشيط بالاسلحه الرشاشه,عملية تمشيط,وادي السلوقي,1464,تولين,none,1,NOT_IN_INCIDENTS,NEWS_NEVER_ARRIVED,,,,
35070,nabatiehchannel,2026-09-20,2026-09-20 00:00:00+03:00,2026-09-20 13:22:01+03:00,التمشيط بالاسلحه الرشاشه,عملية تمشيط,المنصوري,976,المنصوري,none,1,NOT_IN_INCIDENTS,NEWS_NEVER_ARRIVED,,,,
35070,nabatiehchannel,2026-09-20,2026-09-20 00:00:00+03:00,2026-09-20 13:22:01+03:00,التمشيط بالاسلحه الرشاشه,قصف مدفعي,قصف مدفعي معاد استهدف بلده بيت ياحون لجهه برعشيت,273,بيت ياحون,none,1,NOT_IN_INCIDENTS,NEWS_FAILED,error,,35036,
35070,nabatiehchannel,2026-09-20,2026-09-20 00:00:00+03:00,2026-09-20 13:22:01+03:00,التمشيط بالاسلحه الرشاشه,قصف مدفعي,قصف مدفعي معاد استهدف بلده حداثا لجهه حاريص,601,حداثا,none,1,SAME_VILLAGE_OTHER_ACTION,قصف وغارات,,,,
35070,nabatiehchannel,2026-09-20,2026-09-20 00:00:00+03:00,2026-09-20 13:22:01+03:00,التمشيط بالاسلحه الرشاشه,عملية تمشيط,منذ ساعات الصباح,1339,صّباح,none,1,NOT_IN_INCIDENTS,NEWS_WRONG_VILLAGE,طير حرفا; مجدل زون,,35040;35040,
35070,nabatiehchannel,2026-09-20,2026-09-20 00:00:00+03:00,2026-09-20 13:22:01+03:00,التمشيط بالاسلحه الرشاشه,تلغيم وتفجير,تفجير معاد في بلده مجدل زون,969,مجدل زون,none,1,DUPLICATE_OF_NEWS,,,5082e7ed-21c3-4075-9a9b-5f5c1c9d91c4,,176
35070,nabatiehchannel,2026-09-20,2026-09-20 00:00:00+03:00,2026-09-20 13:22:01+03:00,التمشيط بالاسلحه الرشاشه,قصف مدفعي,قصف مدفعي معاد يستهدف بلده المنصوري,976,المنصوري,none,1,NOT_IN_INCIDENTS,NEWS_NEVER_ARRIVED,,,,
35282,alichoeib1970,2026-09-20,2026-09-20 00:00:00+03:00,2026-09-20 23:58:05+03:00,الغارات التي نفذها الطيران الحربي المعادي,قصف وغارات,بني حيان,205,بني حيان,none,1,DUPLICATE_OF_NEWS,,,54a913b6-c480-4267-9127-5cbfe718aaca,,368
35282,alichoeib1970,2026-09-20,2026-09-20 00:00:00+03:00,2026-09-20 23:58:05+03:00,الغارات التي نفذها الطيران الحربي المعادي,قصف وغارات,القنطره,1228,قنطرة,none,1,SAME_VILLAGE_OTHER_ACTION,عملية تمشيط,,,,
35282,alichoeib1970,2026-09-20,2026-09-20 00:00:00+03:00,2026-09-20 23:58:05+03:00,الغارات التي نفذها الطيران الحربي المعادي,قصف وغارات,المنصوري,976,المنصوري,none,1,NOT_IN_INCIDENTS,NEWS_REJECTED,unspecified,,35074;35073,
35282,alichoeib1970,2026-09-20,2026-09-20 00:00:00+03:00,2026-09-20 23:58:05+03:00,الغارات التي نفذها الطيران الحربي المعادي,قصف وغارات,النبطيه الفوقا,1153,نبطية الفوقا,none,1,DUPLICATE_OF_NEWS,,,fb044bad-fd09-4700-9b39-00ee6db215e2;c4250960-8216-41b6-ab2e-1cdc3e43fdbb;a08fc6ab-87b4-46d7-81e1-3dd6165647a0;e113bea0-86fb-4060-9fd7-8cdc1f44dfb5,,230
35282,alichoeib1970,2026-09-20,2026-09-20 00:00:00+03:00,2026-09-20 23:58:05+03:00,القصف المدفعي المعادي,قصف مدفعي,كفرتبنيت,857,كفر تبنيت,none,1,SAME_VILLAGE_OTHER_ACTION,قصف وغارات,,,,
35282,alichoeib1970,2026-09-20,2026-09-20 00:00:00+03:00,2026-09-20 23:58:05+03:00,القصف المدفعي المعادي,قصف مدفعي,وادي السلوقي | اطراف تولين,1464,تولين,none,1,NOT_IN_INCIDENTS,NEWS_NEVER_ARRIVED,,,,
35282,alichoeib1970,2026-09-20,2026-09-20 00:00:00+03:00,2026-09-20 23:58:05+03:00,القصف المدفعي المعادي,قصف مدفعي,بني حيان,205,بني حيان,none,1,SAME_VILLAGE_OTHER_ACTION,عملية تمشيط; قصف وغارات,,,,
35282,alichoeib1970,2026-09-20,2026-09-20 00:00:00+03:00,2026-09-20 23:58:05+03:00,القصف المدفعي المعادي,قصف مدفعي,حداثا,601,حداثا,none,1,SAME_VILLAGE_OTHER_ACTION,قصف وغارات,,,,
35282,alichoeib1970,2026-09-20,2026-09-20 00:00:00+03:00,2026-09-20 23:58:05+03:00,القصف المدفعي المعادي,قصف مدفعي,المنصوري,976,المنصوري,none,1,NOT_IN_INCIDENTS,NEWS_REJECTED,unspecified,,35074;35073,
35282,alichoeib1970,2026-09-20,2026-09-20 00:00:00+03:00,2026-09-20 23:58:05+03:00,القصف المدفعي المعادي,قصف مدفعي,زوطر الشرقيه,1519,زوطر الشرقية,none,1,DUPLICATE_OF_NEWS,,,2cb09576-5f2d-47ef-ae3a-0e76913da0ea,,849
35282,alichoeib1970,2026-09-20,2026-09-20 00:00:00+03:00,2026-09-20 23:58:05+03:00,القصف المدفعي المعادي,قصف مدفعي,يحمر الشقيف,1492,يحمر,none,1,DUPLICATE_OF_NEWS,,,17b8e095-9fec-4d12-bd9b-1a91b72fdd75,,505
35282,alichoeib1970,2026-09-20,2026-09-20 00:00:00+03:00,2026-09-20 23:58:05+03:00,القصف المدفعي المعادي,قصف مدفعي,سهل الخيام,901,الخيام,none,1,DUPLICATE_OF_NEWS,,,97f2da4a-24a3-421e-9e9b-2bc4aabad831,,483
35282,alichoeib1970,2026-09-20,2026-09-20 00:00:00+03:00,2026-09-20 23:58:05+03:00,القصف المدفعي المعادي,قصف مدفعي,بيت ليف,269,بيت ليف,none,1,NOT_IN_INCIDENTS,NEWS_FAILED,error,,35131,
35282,alichoeib1970,2026-09-20,2026-09-20 00:00:00+03:00,2026-09-20 23:58:05+03:00,القصف المدفعي المعادي,قصف مدفعي,بين زبقين-ياطر | وادي زبقين,1523,زبقين,between,1,NOT_IN_INCIDENTS,NEWS_FAILED,error,,35046,
35282,alichoeib1970,2026-09-20,2026-09-20 00:00:00+03:00,2026-09-20 23:58:05+03:00,القصف المدفعي المعادي,قصف مدفعي,طلوسه,1431,طلوسة,none,1,SAME_VILLAGE_OTHER_ACTION,قنابل مضيئة وحارقة,,,,
35282,alichoeib1970,2026-09-20,2026-09-20 00:00:00+03:00,2026-09-20 23:58:05+03:00,القصف المدفعي المعادي,قصف مدفعي,برعشيت,207,برعشيت,none,1,NOT_IN_INCIDENTS,NEWS_FAILED,error,,35055,
35282,alichoeib1970,2026-09-20,2026-09-20 00:00:00+03:00,2026-09-20 23:58:05+03:00,القصف المدفعي المعادي,قصف مدفعي,بيت ياحون,273,بيت ياحون,none,1,SAME_VILLAGE_OTHER_ACTION,تلغيم وتفجير,,,,
35282,alichoeib1970,2026-09-20,2026-09-20 00:00:00+03:00,2026-09-20 23:58:05+03:00,التفجيرات التي نفذها العدو في البلدات الجنوبيه,تلغيم وتفجير,المنصوري,976,المنصوري,none,1,NOT_IN_INCIDENTS,NEWS_REJECTED,unspecified,,35074;35073,
35282,alichoeib1970,2026-09-20,2026-09-20 00:00:00+03:00,2026-09-20 23:58:05+03:00,التفجيرات التي نفذها العدو في البلدات الجنوبيه,تلغيم وتفجير,زوطر الشرقيه,1519,زوطر الشرقية,none,1,SAME_VILLAGE_OTHER_ACTION,قصف مدفعي; قصف وغارات,,,,
35282,alichoeib1970,2026-09-20,2026-09-20 00:00:00+03:00,2026-09-20 23:58:05+03:00,التفجيرات التي نفذها العدو في البلدات الجنوبيه,تلغيم وتفجير,ارنون,176,أرنون,none,1,NOT_IN_INCIDENTS,NEWS_REJECTED,unspecified,,198;159;207;214,
35282,alichoeib1970,2026-09-20,2026-09-20 00:00:00+03:00,2026-09-20 23:58:05+03:00,التفجيرات التي نفذها العدو في البلدات الجنوبيه,تلغيم وتفجير,يحمر الشقيف,1492,يحمر,none,1,DUPLICATE_OF_NEWS,,,426c2e9c-de32-4578-b662-1c8f40d3ed25,,230
35282,alichoeib1970,2026-09-20,2026-09-20 00:00:00+03:00,2026-09-20 23:58:05+03:00,التفجيرات التي نفذها العدو في البلدات الجنوبيه,تلغيم وتفجير,مجدلزون | وادي حسن-مجدلزون,969,مجدل زون,none,1,DUPLICATE_OF_NEWS,,,5082e7ed-21c3-4075-9a9b-5f5c1c9d91c4,,812
35282,alichoeib1970,2026-09-20,2026-09-20 00:00:00+03:00,2026-09-20 23:58:05+03:00,التفجيرات التي نفذها العدو في البلدات الجنوبيه,تلغيم وتفجير,طيرحرفا,1443,طير حرفا,none,1,DUPLICATE_OF_NEWS,,,593f2984-698e-43a7-86a6-54b84b59f0cf,,812
35282,alichoeib1970,2026-09-20,2026-09-20 00:00:00+03:00,2026-09-20 23:58:05+03:00,التفجيرات التي نفذها العدو في البلدات الجنوبيه,تلغيم وتفجير,بيت ياحون,273,بيت ياحون,none,1,DUPLICATE_OF_NEWS,,,6dbd8b38-2aa0-478c-8934-f241fc02044a,,121
35283,nabatiehchannel,2026-09-20,2026-09-20 00:00:00+03:00,2026-09-21 00:00:00+03:00,الغارات التي نفذها الطيران الحربي المعادي,قصف وغارات,بني حيان,205,بني حيان,none,1,DUPLICATE_OF_NEWS,,,54a913b6-c480-4267-9127-5cbfe718aaca,,377
35283,nabatiehchannel,2026-09-20,2026-09-20 00:00:00+03:00,2026-09-21 00:00:00+03:00,الغارات التي نفذها الطيران الحربي المعادي,قصف وغارات,القنطره,1228,قنطرة,none,1,SAME_VILLAGE_OTHER_ACTION,عملية تمشيط,,,,
35283,nabatiehchannel,2026-09-20,2026-09-20 00:00:00+03:00,2026-09-21 00:00:00+03:00,الغارات التي نفذها الطيران الحربي المعادي,قصف وغارات,المنصوري,976,المنصوري,none,1,NOT_IN_INCIDENTS,NEWS_REJECTED,unspecified,,35074;35073,
35283,nabatiehchannel,2026-09-20,2026-09-20 00:00:00+03:00,2026-09-21 00:00:00+03:00,الغارات التي نفذها الطيران الحربي المعادي,قصف وغارات,النبطيه الفوقا,1153,نبطية الفوقا,none,1,DUPLICATE_OF_NEWS,,,fb044bad-fd09-4700-9b39-00ee6db215e2;c4250960-8216-41b6-ab2e-1cdc3e43fdbb;a08fc6ab-87b4-46d7-81e1-3dd6165647a0;e113bea0-86fb-4060-9fd7-8cdc1f44dfb5,,239
35283,nabatiehchannel,2026-09-20,2026-09-20 00:00:00+03:00,2026-09-21 00:00:00+03:00,القصف المدفعي المعادي,قصف مدفعي,كفرتبنيت,857,كفر تبنيت,none,1,SAME_VILLAGE_OTHER_ACTION,قصف وغارات,,,,
35283,nabatiehchannel,2026-09-20,2026-09-20 00:00:00+03:00,2026-09-21 00:00:00+03:00,القصف المدفعي المعادي,قصف مدفعي,وادي السلوقي | اطراف تولين,1464,تولين,none,1,NOT_IN_INCIDENTS,NEWS_NEVER_ARRIVED,,,,
35283,nabatiehchannel,2026-09-20,2026-09-20 00:00:00+03:00,2026-09-21 00:00:00+03:00,القصف المدفعي المعادي,قصف مدفعي,بني حيان,205,بني حيان,none,1,SAME_VILLAGE_OTHER_ACTION,عملية تمشيط; قصف وغارات,,,,
35283,nabatiehchannel,2026-09-20,2026-09-20 00:00:00+03:00,2026-09-21 00:00:00+03:00,القصف المدفعي المعادي,قصف مدفعي,حداثا,601,حداثا,none,1,SAME_VILLAGE_OTHER_ACTION,قصف وغارات,,,,
35283,nabatiehchannel,2026-09-20,2026-09-20 00:00:00+03:00,2026-09-21 00:00:00+03:00,القصف المدفعي المعادي,قصف مدفعي,المنصوري,976,المنصوري,none,1,NOT_IN_INCIDENTS,NEWS_REJECTED,unspecified,,35074;35073,
35283,nabatiehchannel,2026-09-20,2026-09-20 00:00:00+03:00,2026-09-21 00:00:00+03:00,القصف المدفعي المعادي,قصف مدفعي,زوطر الشرقيه,1519,زوطر الشرقية,none,1,DUPLICATE_OF_NEWS,,,2cb09576-5f2d-47ef-ae3a-0e76913da0ea,,858
35283,nabatiehchannel,2026-09-20,2026-09-20 00:00:00+03:00,2026-09-21 00:00:00+03:00,القصف المدفعي المعادي,قصف مدفعي,يحمر الشقيف,1492,يحمر,none,1,DUPLICATE_OF_NEWS,,,17b8e095-9fec-4d12-bd9b-1a91b72fdd75,,514
35283,nabatiehchannel,2026-09-20,2026-09-20 00:00:00+03:00,2026-09-21 00:00:00+03:00,القصف المدفعي المعادي,قصف مدفعي,سهل الخيام,901,الخيام,none,1,DUPLICATE_OF_NEWS,,,97f2da4a-24a3-421e-9e9b-2bc4aabad831,,492
35283,nabatiehchannel,2026-09-20,2026-09-20 00:00:00+03:00,2026-09-21 00:00:00+03:00,القصف المدفعي المعادي,قصف مدفعي,بيت ليف,269,بيت ليف,none,1,NOT_IN_INCIDENTS,NEWS_FAILED,error,,35131,
35283,nabatiehchannel,2026-09-20,2026-09-20 00:00:00+03:00,2026-09-21 00:00:00+03:00,القصف المدفعي المعادي,قصف مدفعي,بين زبقين-ياطر | وادي زبقين,1523,زبقين,between,1,NOT_IN_INCIDENTS,NEWS_FAILED,error,,35046,
35283,nabatiehchannel,2026-09-20,2026-09-20 00:00:00+03:00,2026-09-21 00:00:00+03:00,القصف المدفعي المعادي,قصف مدفعي,طلوسه,1431,طلوسة,none,1,SAME_VILLAGE_OTHER_ACTION,قنابل مضيئة وحارقة,,,,
35283,nabatiehchannel,2026-09-20,2026-09-20 00:00:00+03:00,2026-09-21 00:00:00+03:00,القصف المدفعي المعادي,قصف مدفعي,برعشيت,207,برعشيت,none,1,NOT_IN_INCIDENTS,NEWS_FAILED,error,,35055,
35283,nabatiehchannel,2026-09-20,2026-09-20 00:00:00+03:00,2026-09-21 00:00:00+03:00,القصف المدفعي المعادي,قصف مدفعي,بيت ياحون,273,بيت ياحون,none,1,SAME_VILLAGE_OTHER_ACTION,تلغيم وتفجير,,,,
35283,nabatiehchannel,2026-09-20,2026-09-20 00:00:00+03:00,2026-09-21 00:00:00+03:00,التفجيرات التي نفذها العدو في البلدات الجنوبيه,تلغيم وتفجير,المنصوري,976,المنصوري,none,1,NOT_IN_INCIDENTS,NEWS_REJECTED,unspecified,,35074;35073,
35283,nabatiehchannel,2026-09-20,2026-09-20 00:00:00+03:00,2026-09-21 00:00:00+03:00,التفجيرات التي نفذها العدو في البلدات الجنوبيه,تلغيم وتفجير,زوطر الشرقيه,1519,زوطر الشرقية,none,1,SAME_VILLAGE_OTHER_ACTION,قصف مدفعي; قصف وغارات,,,,
35283,nabatiehchannel,2026-09-20,2026-09-20 00:00:00+03:00,2026-09-21 00:00:00+03:00,التفجيرات التي نفذها العدو في البلدات الجنوبيه,تلغيم وتفجير,ارنون,176,أرنون,none,1,NOT_IN_INCIDENTS,NEWS_REJECTED,unspecified,,198;159;207;214,
35283,nabatiehchannel,2026-09-20,2026-09-20 00:00:00+03:00,2026-09-21 00:00:00+03:00,التفجيرات التي نفذها العدو في البلدات الجنوبيه,تلغيم وتفجير,يحمر الشقيف,1492,يحمر,none,1,DUPLICATE_OF_NEWS,,,426c2e9c-de32-4578-b662-1c8f40d3ed25,,239
35283,nabatiehchannel,2026-09-20,2026-09-20 00:00:00+03:00,2026-09-21 00:00:00+03:00,التفجيرات التي نفذها العدو في البلدات الجنوبيه,تلغيم وتفجير,مجدلزون | وادي حسن-مجدلزون,969,مجدل زون,none,1,DUPLICATE_OF_NEWS,,,5082e7ed-21c3-4075-9a9b-5f5c1c9d91c4,,821
35283,nabatiehchannel,2026-09-20,2026-09-20 00:00:00+03:00,2026-09-21 00:00:00+03:00,التفجيرات التي نفذها العدو في البلدات الجنوبيه,تلغيم وتفجير,طيرحرفا,1443,طير حرفا,none,1,DUPLICATE_OF_NEWS,,,593f2984-698e-43a7-86a6-54b84b59f0cf,,821
35283,nabatiehchannel,2026-09-20,2026-09-20 00:00:00+03:00,2026-09-21 00:00:00+03:00,التفجيرات التي نفذها العدو في البلدات الجنوبيه,تلغيم وتفجير,بيت ياحون,273,بيت ياحون,none,1,DUPLICATE_OF_NEWS,,,6dbd8b38-2aa0-478c-8934-f241fc02044a,,130
35286,Janoubana,2026-09-20,2026-09-20 00:00:00+03:00,2026-09-20 00:00:00+03:00,الغارات من الطيران الحربي,قصف وغارات,بني حيان,205,بني حيان,none,1,NOT_IN_INCIDENTS,NEWS_NEVER_ARRIVED,,,,
35286,Janoubana,2026-09-20,2026-09-20 00:00:00+03:00,2026-09-20 00:00:00+03:00,الغارات من الطيران الحربي,قصف وغارات,القنطره,1228,قنطرة,none,1,NOT_IN_INCIDENTS,NEWS_NEVER_ARRIVED,,,,
35286,Janoubana,2026-09-20,2026-09-20 00:00:00+03:00,2026-09-20 00:00:00+03:00,الغارات من الطيران الحربي,قصف وغارات,علي الطاهر جهه حي الدير,87,علي الطاهر,none,1,NOT_IN_INCIDENTS,NEWS_NEVER_ARRIVED,,,,
35286,Janoubana,2026-09-20,2026-09-20 00:00:00+03:00,2026-09-20 00:00:00+03:00,الغارات من الطيران الحربي,قصف وغارات,النبطيه الفوقا,1153,نبطية الفوقا,none,1,DUPLICATE_OF_NEWS,,,a08fc6ab-87b4-46d7-81e1-3dd6165647a0;e113bea0-86fb-4060-9fd7-8cdc1f44dfb5,,1485
35286,Janoubana,2026-09-20,2026-09-20 00:00:00+03:00,2026-09-20 00:00:00+03:00,الغارات من الطيران الحربي,قصف وغارات,المنصوري (2),976,المنصوري,none,2,NOT_IN_INCIDENTS,NEWS_NEVER_ARRIVED,,,,
35286,Janoubana,2026-09-20,2026-09-20 00:00:00+03:00,2026-09-20 00:00:00+03:00,القصف المدفعي,قصف مدفعي,بين زوطر و ميفدون | اطراف ميفدون,1003,ميفدون,none,1,NOT_IN_INCIDENTS,NEWS_NEVER_ARRIVED,,,,
35286,Janoubana,2026-09-20,2026-09-20 00:00:00+03:00,2026-09-20 00:00:00+03:00,القصف المدفعي,قصف مدفعي,معبر كفرتبنيت,857,كفر تبنيت,none,1,SAME_VILLAGE_OTHER_ACTION,قصف وغارات,,,,
35286,Janoubana,2026-09-20,2026-09-20 00:00:00+03:00,2026-09-20 00:00:00+03:00,القصف المدفعي,قصف مدفعي,بين النبطيه الفوقا و كفرتبنيت,1153,نبطية الفوقا,between,1,SAME_VILLAGE_OTHER_ACTION,قصف وغارات,,,,
35286,Janoubana,2026-09-20,2026-09-20 00:00:00+03:00,2026-09-20 00:00:00+03:00,القصف المدفعي,قصف مدفعي,اطراف القنطره - وادي الحجير,1228,قنطرة,between,1,NOT_IN_INCIDENTS,NEWS_NEVER_ARRIVED,,,,
35286,Janoubana,2026-09-20,2026-09-20 00:00:00+03:00,2026-09-20 00:00:00+03:00,القصف المدفعي,قصف مدفعي,بيت ياحون,273,بيت ياحون,none,1,NOT_IN_INCIDENTS,NEWS_NEVER_ARRIVED,,,,
35286,Janoubana,2026-09-20,2026-09-20 00:00:00+03:00,2026-09-20 00:00:00+03:00,القصف المدفعي,قصف مدفعي,حداثا,601,حداثا,none,1,NOT_IN_INCIDENTS,NEWS_NEVER_ARRIVED,,,,
35286,Janoubana,2026-09-20,2026-09-20 00:00:00+03:00,2026-09-20 00:00:00+03:00,القصف المدفعي,قصف مدفعي,المنصوري,976,المنصوري,none,1,NOT_IN_INCIDENTS,NEWS_NEVER_ARRIVED,,,,
35286,Janoubana,2026-09-20,2026-09-20 00:00:00+03:00,2026-09-20 00:00:00+03:00,القصف المدفعي,قصف مدفعي,اطراف برعشيت,207,برعشيت,none,1,NOT_IN_INCIDENTS,NEWS_NEVER_ARRIVED,,,,
35286,Janoubana,2026-09-20,2026-09-20 00:00:00+03:00,2026-09-20 00:00:00+03:00,القصف المدفعي,قصف مدفعي,وادي زبقين,1523,زبقين,none,1,NOT_IN_INCIDENTS,NEWS_NEVER_ARRIVED,,,,
35286,Janoubana,2026-09-20,2026-09-20 00:00:00+03:00,2026-09-20 00:00:00+03:00,القصف المدفعي,قصف مدفعي,يحمر الشقيف,1492,يحمر,none,1,NOT_IN_INCIDENTS,NEWS_NEVER_ARRIVED,,,,
35286,Janoubana,2026-09-20,2026-09-20 00:00:00+03:00,2026-09-20 00:00:00+03:00,القصف المدفعي,قصف مدفعي,الخيام,901,الخيام,none,1,NOT_IN_INCIDENTS,NEWS_NEVER_ARRIVED,,,,
35286,Janoubana,2026-09-20,2026-09-20 00:00:00+03:00,2026-09-20 00:00:00+03:00,القصف المدفعي,قصف مدفعي,صربين,1412,صربين,none,1,NOT_IN_INCIDENTS,NEWS_NEVER_ARRIVED,,,,
35286,Janoubana,2026-09-20,2026-09-20 00:00:00+03:00,2026-09-20 00:00:00+03:00,القصف المدفعي,قصف مدفعي,بيت ليف,269,بيت ليف,none,1,NOT_IN_INCIDENTS,NEWS_NEVER_ARRIVED,,,,
35286,Janoubana,2026-09-20,2026-09-20 00:00:00+03:00,2026-09-20 00:00:00+03:00,القصف المدفعي,قصف مدفعي,اطراف كفرشوبا,813,كفر شوبا,none,1,NOT_IN_INCIDENTS,NEWS_NEVER_ARRIVED,,,,
35286,Janoubana,2026-09-20,2026-09-20 00:00:00+03:00,2026-09-20 00:00:00+03:00,القصف المدفعي,قصف مدفعي,وادي السلوقي,1464,تولين,none,1,NOT_IN_INCIDENTS,NEWS_NEVER_ARRIVED,,,,
35286,Janoubana,2026-09-20,2026-09-20 00:00:00+03:00,2026-09-20 00:00:00+03:00,القصف المدفعي,قصف مدفعي,شقرا (مضيئ),409,شقرا,none,1,NOT_IN_INCIDENTS,NEWS_NEVER_ARRIVED,,,,
35286,Janoubana,2026-09-20,2026-09-20 00:00:00+03:00,2026-09-20 00:00:00+03:00,عمليات التفجير,تلغيم وتفجير,المنصوري (23),976,المنصوري,none,23,NOT_IN_INCIDENTS,NEWS_NEVER_ARRIVED,,,,
35286,Janoubana,2026-09-20,2026-09-20 00:00:00+03:00,2026-09-20 00:00:00+03:00,عمليات التفجير,تلغيم وتفجير,اطراف كفرتبنيت,857,كفر تبنيت,none,1,SAME_VILLAGE_OTHER_ACTION,قصف وغارات,,,,
35286,Janoubana,2026-09-20,2026-09-20 00:00:00+03:00,2026-09-20 00:00:00+03:00,عمليات التفجير,تلغيم وتفجير,ظزوطر الشرقيه,413,شرقية,none,1,NOT_IN_INCIDENTS,NEWS_NEVER_ARRIVED,,,,
35286,Janoubana,2026-09-20,2026-09-20 00:00:00+03:00,2026-09-20 00:00:00+03:00,عمليات التفجير,تلغيم وتفجير,مجدل زون (3),969,مجدل زون,none,3,NOT_IN_INCIDENTS,NEWS_NEVER_ARRIVED,,,,
35286,Janoubana,2026-09-20,2026-09-20 00:00:00+03:00,2026-09-20 00:00:00+03:00,عمليات التفجير,تلغيم وتفجير,طيرحرفا,1443,طير حرفا,none,1,NOT_IN_INCIDENTS,NEWS_NEVER_ARRIVED,,,,
35286,Janoubana,2026-09-20,2026-09-20 00:00:00+03:00,2026-09-20 00:00:00+03:00,عمليات التفجير,تلغيم وتفجير,وادي السلوقي جهه ميس الجبل (2) | وادي السلوقي,1464,تولين,none,2,NOT_IN_INCIDENTS,NEWS_NEVER_ARRIVED,,,,
35286,Janoubana,2026-09-20,2026-09-20 00:00:00+03:00,2026-09-20 00:00:00+03:00,عمليات التفجير,تلغيم وتفجير,يحمر الشقيف,1492,يحمر,none,1,NOT_IN_INCIDENTS,NEWS_NEVER_ARRIVED,,,,
35286,Janoubana,2026-09-20,2026-09-20 00:00:00+03:00,2026-09-20 00:00:00+03:00,عمليات التفجير,تلغيم وتفجير,كونين,919,كونين,none,1,NOT_IN_INCIDENTS,NEWS_NEVER_ARRIVED,,,,
35286,Janoubana,2026-09-20,2026-09-20 00:00:00+03:00,2026-09-20 00:00:00+03:00,عمليات التفجير,تلغيم وتفجير,بين برعشيت و عيترون | اطراف برعشيت,207,برعشيت,between,1,NOT_IN_INCIDENTS,NEWS_NEVER_ARRIVED,,,,
35286,Janoubana,2026-09-20,2026-09-20 00:00:00+03:00,2026-09-20 00:00:00+03:00,قنابل صوتيه,قنابل صوتية,زوطر الشرقيه,1519,زوطر الشرقية,none,1,NOT_IN_INCIDENTS,NEWS_NEVER_ARRIVED,,,,
35347,hashemsayed,2026-09-21,2026-09-21 00:00:00+03:00,2026-09-21 06:00:00+03:00,قصف مدفعي,قصف مدفعي,النبطيه الفوقا,1153,نبطية الفوقا,none,1,NOT_IN_INCIDENTS,NEWS_REJECTED,unspecified,,260,
35347,hashemsayed,2026-09-21,2026-09-21 00:00:00+03:00,2026-09-21 06:00:00+03:00,قصف مدفعي,قصف مدفعي,زوطر الشرقيه | بين زوطر الشرقيه وميفدهن,1519,زوطر الشرقية,none,1,NOT_IN_INCIDENTS,NEWS_FAILED,error,,35297,
35347,hashemsayed,2026-09-21,2026-09-21 00:00:00+03:00,2026-09-21 06:00:00+03:00,قصف مدفعي,قصف مدفعي,اطراف برعشيت,207,برعشيت,none,1,NOT_IN_INCIDENTS,NEWS_WRONG_VILLAGE,منصورية,,35315,
35347,hashemsayed,2026-09-21,2026-09-21 00:00:00+03:00,2026-09-21 06:00:00+03:00,قصف مدفعي,قصف مدفعي,بيت ليف,269,بيت ليف,none,1,NOT_IN_INCIDENTS,NEWS_WRONG_VILLAGE,منصورية,,35315,
35347,hashemsayed,2026-09-21,2026-09-21 00:00:00+03:00,2026-09-21 06:00:00+03:00,قصف مدفعي,قصف مدفعي,حداثا,601,حداثا,none,1,NOT_IN_INCIDENTS,NEWS_WRONG_VILLAGE,منصورية,,35315,
35347,hashemsayed,2026-09-21,2026-09-21 00:00:00+03:00,2026-09-21 06:00:00+03:00,قصف مدفعي,قصف مدفعي,وادي السلوقي | اطراف تولين,1464,تولين,none,1,SAME_VILLAGE_OTHER_ACTION,قصف وغارات,,,,
35347,hashemsayed,2026-09-21,2026-09-21 00:00:00+03:00,2026-09-21 06:00:00+03:00,من الطيران الحربي,قصف وغارات,المنصوري,976,المنصوري,none,1,NOT_IN_INCIDENTS,NEWS_WRONG_VILLAGE,منصورية,,35315,
35347,hashemsayed,2026-09-21,2026-09-21 00:00:00+03:00,2026-09-21 06:00:00+03:00,من الطيران الحربي,قصف وغارات,النبطيه الفوقا,1153,نبطية الفوقا,none,1,NOT_IN_INCIDENTS,NEWS_REJECTED,unspecified,,260,
35347,hashemsayed,2026-09-21,2026-09-21 00:00:00+03:00,2026-09-21 06:00:00+03:00,من الطيران الحربي,قصف وغارات,كفرتبنيت,857,كفر تبنيت,none,1,DUPLICATE_OF_NEWS,,,01de94c7-2db7-4a10-9665-af57730a6df7,,18
35347,hashemsayed,2026-09-21,2026-09-21 00:00:00+03:00,2026-09-21 06:00:00+03:00,تفجيرات,تلغيم وتفجير,المنصوري,976,المنصوري,none,1,NOT_IN_INCIDENTS,NEWS_WRONG_VILLAGE,منصورية,,35315,
35347,hashemsayed,2026-09-21,2026-09-21 00:00:00+03:00,2026-09-21 06:00:00+03:00,تمشيط,عملية تمشيط,صربين,1412,صربين,none,1,NOT_IN_INCIDENTS,NEWS_NEVER_ARRIVED,,,,
35347,hashemsayed,2026-09-21,2026-09-21 00:00:00+03:00,2026-09-21 06:00:00+03:00,تمشيط,عملية تمشيط,حداثا,601,حداثا,none,1,NOT_IN_INCIDENTS,NEWS_WRONG_VILLAGE,منصورية,,35315,
35347,hashemsayed,2026-09-21,2026-09-21 00:00:00+03:00,2026-09-21 06:00:00+03:00,تمشيط,عملية تمشيط,اطراف ميس الجبل- وادي السلوقي,1079,ميس الجبل,between,1,SAME_VILLAGE_OTHER_ACTION,قصف وغارات,,,,
35347,hashemsayed,2026-09-21,2026-09-21 00:00:00+03:00,2026-09-21 06:00:00+03:00,تمشيط,عملية تمشيط,وادي زبقين,1523,زبقين,none,1,NOT_IN_INCIDENTS,NEWS_NEVER_ARRIVED,,,,
35638,alichoeib1970,2026-09-21,2026-09-21 00:00:00+03:00,2026-09-21 23:56:46+03:00,الغارات التي نفذها الطيران الحربي المعادي,قصف وغارات,النبطيه الفوقا,1153,نبطية الفوقا,none,1,NOT_IN_INCIDENTS,NEWS_REJECTED,unspecified,,278;260;269;295;1107,
35638,alichoeib1970,2026-09-21,2026-09-21 00:00:00+03:00,2026-09-21 23:56:46+03:00,الغارات التي نفذها الطيران الحربي المعادي,قصف وغارات,كفرتبنيت,857,كفر تبنيت,none,1,DUPLICATE_OF_NEWS,,,01de94c7-2db7-4a10-9665-af57730a6df7,,1056
35638,alichoeib1970,2026-09-21,2026-09-21 00:00:00+03:00,2026-09-21 23:56:46+03:00,الغارات التي نفذها الطيران الحربي المعادي,قصف وغارات,وادي الحجير,1219,قبريخا,none,1,NOT_IN_INCIDENTS,NEWS_FAILED,error,,35522,
35638,alichoeib1970,2026-09-21,2026-09-21 00:00:00+03:00,2026-09-21 23:56:46+03:00,الغارات التي نفذها الطيران الحربي المعادي,قصف وغارات,وادي السلوقي,1464,تولين,none,1,DUPLICATE_OF_NEWS,,,ce09c471-4e6c-4152-9c7b-246d9d26aa41,,1059
35638,alichoeib1970,2026-09-21,2026-09-21 00:00:00+03:00,2026-09-21 23:56:46+03:00,الغارات التي نفذها الطيران الحربي المعادي,قصف وغارات,اطراف برعشيت,207,برعشيت,none,1,SAME_VILLAGE_OTHER_ACTION,قصف مدفعي,,,,
35638,alichoeib1970,2026-09-21,2026-09-21 00:00:00+03:00,2026-09-21 23:56:46+03:00,الغارات التي نفذها الطيران الحربي المعادي,قصف وغارات,زوطر الشرقيه,1519,زوطر الشرقية,none,1,NOT_IN_INCIDENTS,NEWS_REJECTED,unspecified,,313,
35638,alichoeib1970,2026-09-21,2026-09-21 00:00:00+03:00,2026-09-21 23:56:46+03:00,القصف المدفعي المعادي,قصف مدفعي,زوطر الشرقيه,1519,زوطر الشرقية,none,1,NOT_IN_INCIDENTS,NEWS_REJECTED,unspecified,,313,
35638,alichoeib1970,2026-09-21,2026-09-21 00:00:00+03:00,2026-09-21 23:56:46+03:00,القصف المدفعي المعادي,قصف مدفعي,مشاع ميفدون,1003,ميفدون,none,1,DUPLICATE_OF_NEWS,,,1b790299-dfb2-4477-8b2c-d078f43125dd,,490
35638,alichoeib1970,2026-09-21,2026-09-21 00:00:00+03:00,2026-09-21 23:56:46+03:00,القصف المدفعي المعادي,قصف مدفعي,اطراف برعشيت,207,برعشيت,none,1,DUPLICATE_OF_NEWS,,,6997f728-685b-4a76-9e0e-025775817bdd,,204
35638,alichoeib1970,2026-09-21,2026-09-21 00:00:00+03:00,2026-09-21 23:56:46+03:00,القصف المدفعي المعادي,قصف مدفعي,حداثا,601,حداثا,none,1,SAME_VILLAGE_OTHER_ACTION,غير مصنف / بحاجة إلى مراجعة,,,,
35638,alichoeib1970,2026-09-21,2026-09-21 00:00:00+03:00,2026-09-21 23:56:46+03:00,القصف المدفعي المعادي,قصف مدفعي,بيت ليف,269,بيت ليف,none,1,NOT_IN_INCIDENTS,NEWS_WRONG_VILLAGE,منصورية,,35315,
35638,alichoeib1970,2026-09-21,2026-09-21 00:00:00+03:00,2026-09-21 23:56:46+03:00,القصف المدفعي المعادي,قصف مدفعي,المنصوري,976,المنصوري,none,1,NOT_IN_INCIDENTS,NEWS_REJECTED,unspecified,,35523,
35638,alichoeib1970,2026-09-21,2026-09-21 00:00:00+03:00,2026-09-21 23:56:46+03:00,القصف المدفعي المعادي,قصف مدفعي,كفرتبنيت,857,كفر تبنيت,none,1,SAME_VILLAGE_OTHER_ACTION,غير مصنف / بحاجة إلى مراجعة; قصف وغارات,,,,
35638,alichoeib1970,2026-09-21,2026-09-21 00:00:00+03:00,2026-09-21 23:56:46+03:00,القصف المدفعي المعادي,قصف مدفعي,وادي السلوقي | اطراف تولين,1464,تولين,none,1,SAME_VILLAGE_OTHER_ACTION,قصف وغارات,,,,
35638,alichoeib1970,2026-09-21,2026-09-21 00:00:00+03:00,2026-09-21 23:56:46+03:00,القصف المدفعي المعادي,قصف مدفعي,حولا,701,حولا,none,1,SAME_VILLAGE_OTHER_ACTION,قصف وغارات,,,,
35638,alichoeib1970,2026-09-21,2026-09-21 00:00:00+03:00,2026-09-21 23:56:46+03:00,القصف المدفعي المعادي,قصف مدفعي,وادي زبقين,1523,زبقين,none,1,DUPLICATE_OF_NEWS,,,b0dbf486-5ec3-4c1b-ace1-c854cce2e767,,937
35638,alichoeib1970,2026-09-21,2026-09-21 00:00:00+03:00,2026-09-21 23:56:46+03:00,القصف المدفعي المعادي,قصف مدفعي,اطراف كونين,919,كونين,none,1,NOT_IN_INCIDENTS,NEWS_FAILED,error,,35411,
35638,alichoeib1970,2026-09-21,2026-09-21 00:00:00+03:00,2026-09-21 23:56:46+03:00,القصف المدفعي المعادي,قصف مدفعي,سهل الخيام,901,الخيام,none,1,NOT_IN_INCIDENTS,NEWS_FAILED,error,,35608;35606;35596;35585;35469;35603,
35638,alichoeib1970,2026-09-21,2026-09-21 00:00:00+03:00,2026-09-21 23:56:46+03:00,القصف المدفعي المعادي,قصف مدفعي,القنطره,1228,قنطرة,none,1,NOT_IN_INCIDENTS,NEWS_FAILED,error,,35357,
35638,alichoeib1970,2026-09-21,2026-09-21 00:00:00+03:00,2026-09-21 23:56:46+03:00,التفجيرات التي نفذها العدو في البلدات الجنوبيه,تلغيم وتفجير,المنصوري,976,المنصوري,none,1,NOT_IN_INCIDENTS,NEWS_REJECTED,unspecified,,35523,
35638,alichoeib1970,2026-09-21,2026-09-21 00:00:00+03:00,2026-09-21 23:56:46+03:00,التفجيرات التي نفذها العدو في البلدات الجنوبيه,تلغيم وتفجير,ميس الجبل,1079,ميس الجبل,none,1,NOT_IN_INCIDENTS,NEWS_FAILED,error,,35440,
35638,alichoeib1970,2026-09-21,2026-09-21 00:00:00+03:00,2026-09-21 23:56:46+03:00,التفجيرات التي نفذها العدو في البلدات الجنوبيه,تلغيم وتفجير,عيناثا,144,عيناتا بنت جبيل,none,1,SAME_VILLAGE_OTHER_ACTION,قصف وغارات,,,,
35638,alichoeib1970,2026-09-21,2026-09-21 00:00:00+03:00,2026-09-21 23:56:46+03:00,التفجيرات التي نفذها العدو في البلدات الجنوبيه,تلغيم وتفجير,ديرسريان,524,دير سريان,none,1,SAME_VILLAGE_OTHER_ACTION,قصف وغارات,,,,
35638,alichoeib1970,2026-09-21,2026-09-21 00:00:00+03:00,2026-09-21 23:56:46+03:00,القنابل المضيئه,قنابل مضيئة وحارقة,زوطر الشرقيه,1519,زوطر الشرقية,none,1,NOT_IN_INCIDENTS,NEWS_REJECTED,unspecified,,313,
35638,alichoeib1970,2026-09-21,2026-09-21 00:00:00+03:00,2026-09-21 23:56:46+03:00,القنابل المضيئه,قنابل مضيئة وحارقة,مركبا,991,مركبا,none,1,DUPLICATE_OF_NEWS,,,0d828291-b142-4cdf-b0a6-edf1dbb487c0,,1112
35638,alichoeib1970,2026-09-21,2026-09-21 00:00:00+03:00,2026-09-21 23:56:46+03:00,القنابل المضيئه,قنابل مضيئة وحارقة,حولا,701,حولا,none,1,SAME_VILLAGE_OTHER_ACTION,قصف وغارات,,,,
35638,alichoeib1970,2026-09-21,2026-09-21 00:00:00+03:00,2026-09-21 23:56:46+03:00,القنابل المضيئه,قنابل مضيئة وحارقة,وادي زبقين,1523,زبقين,none,1,SAME_VILLAGE_OTHER_ACTION,قصف مدفعي,,,,
35638,alichoeib1970,2026-09-21,2026-09-21 00:00:00+03:00,2026-09-21 23:56:46+03:00,القنابل المضيئه,قنابل مضيئة وحارقة,حداثا,601,حداثا,none,1,SAME_VILLAGE_OTHER_ACTION,غير مصنف / بحاجة إلى مراجعة,,,,
35638,alichoeib1970,2026-09-21,2026-09-21 00:00:00+03:00,2026-09-21 23:56:46+03:00,القنابل المضيئه,قنابل مضيئة وحارقة,وادي السلوقي,1464,تولين,none,1,SAME_VILLAGE_OTHER_ACTION,قصف وغارات,,,,
35640,mehwaralmokawma,2026-09-21,2026-09-21 00:00:00+03:00,2026-09-21 23:59:53+03:00,الغارات التي نفذها الطيران الحربي المعادي,قصف وغارات,النبطيه الفوقا,1153,نبطية الفوقا,none,1,NOT_IN_INCIDENTS,NEWS_REJECTED,unspecified,,278;260;269;295;1107,
35640,mehwaralmokawma,2026-09-21,2026-09-21 00:00:00+03:00,2026-09-21 23:59:53+03:00,الغارات التي نفذها الطيران الحربي المعادي,قصف وغارات,كفرتبنيت,857,كفر تبنيت,none,1,DUPLICATE_OF_NEWS,,,01de94c7-2db7-4a10-9665-af57730a6df7,,1059
35640,mehwaralmokawma,2026-09-21,2026-09-21 00:00:00+03:00,2026-09-21 23:59:53+03:00,الغارات التي نفذها الطيران الحربي المعادي,قصف وغارات,وادي الحجير,1219,قبريخا,none,1,NOT_IN_INCIDENTS,NEWS_FAILED,error,,35522,
35640,mehwaralmokawma,2026-09-21,2026-09-21 00:00:00+03:00,2026-09-21 23:59:53+03:00,الغارات التي نفذها الطيران الحربي المعادي,قصف وغارات,وادي السلوقي,1464,تولين,none,1,DUPLICATE_OF_NEWS,,,ce09c471-4e6c-4152-9c7b-246d9d26aa41,,1062
35640,mehwaralmokawma,2026-09-21,2026-09-21 00:00:00+03:00,2026-09-21 23:59:53+03:00,الغارات التي نفذها الطيران الحربي المعادي,قصف وغارات,اطراف برعشيت,207,برعشيت,none,1,SAME_VILLAGE_OTHER_ACTION,قصف مدفعي,,,,
35640,mehwaralmokawma,2026-09-21,2026-09-21 00:00:00+03:00,2026-09-21 23:59:53+03:00,الغارات التي نفذها الطيران الحربي المعادي,قصف وغارات,زوطر الشرقيه,1519,زوطر الشرقية,none,1,NOT_IN_INCIDENTS,NEWS_REJECTED,unspecified,,313,
35640,mehwaralmokawma,2026-09-21,2026-09-21 00:00:00+03:00,2026-09-21 23:59:53+03:00,القصف المدفعي المعادي,قصف مدفعي,زوطر الشرقيه,1519,زوطر الشرقية,none,1,NOT_IN_INCIDENTS,NEWS_REJECTED,unspecified,,313,
35640,mehwaralmokawma,2026-09-21,2026-09-21 00:00:00+03:00,2026-09-21 23:59:53+03:00,القصف المدفعي المعادي,قصف مدفعي,مشاع ميفدون,1003,ميفدون,none,1,DUPLICATE_OF_NEWS,,,1b790299-dfb2-4477-8b2c-d078f43125dd,,494
35640,mehwaralmokawma,2026-09-21,2026-09-21 00:00:00+03:00,2026-09-21 23:59:53+03:00,القصف المدفعي المعادي,قصف مدفعي,اطراف برعشيت,207,برعشيت,none,1,DUPLICATE_OF_NEWS,,,6997f728-685b-4a76-9e0e-025775817bdd,,207
35640,mehwaralmokawma,2026-09-21,2026-09-21 00:00:00+03:00,2026-09-21 23:59:53+03:00,القصف المدفعي المعادي,قصف مدفعي,حداثا,601,حداثا,none,1,SAME_VILLAGE_OTHER_ACTION,غير مصنف / بحاجة إلى مراجعة,,,,
35640,mehwaralmokawma,2026-09-21,2026-09-21 00:00:00+03:00,2026-09-21 23:59:53+03:00,القصف المدفعي المعادي,قصف مدفعي,بيت ليف,269,بيت ليف,none,1,NOT_IN_INCIDENTS,NEWS_WRONG_VILLAGE,منصورية,,35315,
35640,mehwaralmokawma,2026-09-21,2026-09-21 00:00:00+03:00,2026-09-21 23:59:53+03:00,القصف المدفعي المعادي,قصف مدفعي,المنصوري,976,المنصوري,none,1,NOT_IN_INCIDENTS,NEWS_REJECTED,unspecified,,35523,
35640,mehwaralmokawma,2026-09-21,2026-09-21 00:00:00+03:00,2026-09-21 23:59:53+03:00,القصف المدفعي المعادي,قصف مدفعي,كفرتبنيت,857,كفر تبنيت,none,1,SAME_VILLAGE_OTHER_ACTION,غير مصنف / بحاجة إلى مراجعة; قصف وغارات,,,,
35640,mehwaralmokawma,2026-09-21,2026-09-21 00:00:00+03:00,2026-09-21 23:59:53+03:00,القصف المدفعي المعادي,قصف مدفعي,وادي السلوقي | اطراف تولين,1464,تولين,none,1,SAME_VILLAGE_OTHER_ACTION,قصف وغارات,,,,
35640,mehwaralmokawma,2026-09-21,2026-09-21 00:00:00+03:00,2026-09-21 23:59:53+03:00,القصف المدفعي المعادي,قصف مدفعي,حولا,701,حولا,none,1,SAME_VILLAGE_OTHER_ACTION,قصف وغارات,,,,
35640,mehwaralmokawma,2026-09-21,2026-09-21 00:00:00+03:00,2026-09-21 23:59:53+03:00,القصف المدفعي المعادي,قصف مدفعي,وادي زبقين,1523,زبقين,none,1,DUPLICATE_OF_NEWS,,,b0dbf486-5ec3-4c1b-ace1-c854cce2e767,,940
35640,mehwaralmokawma,2026-09-21,2026-09-21 00:00:00+03:00,2026-09-21 23:59:53+03:00,القصف المدفعي المعادي,قصف مدفعي,اطراف كونين,919,كونين,none,1,NOT_IN_INCIDENTS,NEWS_FAILED,error,,35411,
35640,mehwaralmokawma,2026-09-21,2026-09-21 00:00:00+03:00,2026-09-21 23:59:53+03:00,القصف المدفعي المعادي,قصف مدفعي,سهل الخيام,901,الخيام,none,1,NOT_IN_INCIDENTS,NEWS_FAILED,error,,35608;35606;35596;35585;35469;35603,
35640,mehwaralmokawma,2026-09-21,2026-09-21 00:00:00+03:00,2026-09-21 23:59:53+03:00,القصف المدفعي المعادي,قصف مدفعي,القنطره,1228,قنطرة,none,1,NOT_IN_INCIDENTS,NEWS_FAILED,error,,35357,
35640,mehwaralmokawma,2026-09-21,2026-09-21 00:00:00+03:00,2026-09-21 23:59:53+03:00,التفجيرات التي نفذها العدو في البلدات الجنوبيه,تلغيم وتفجير,المنصوري,976,المنصوري,none,1,NOT_IN_INCIDENTS,NEWS_REJECTED,unspecified,,35523,
35640,mehwaralmokawma,2026-09-21,2026-09-21 00:00:00+03:00,2026-09-21 23:59:53+03:00,التفجيرات التي نفذها العدو في البلدات الجنوبيه,تلغيم وتفجير,ميس الجبل,1079,ميس الجبل,none,1,NOT_IN_INCIDENTS,NEWS_FAILED,error,,35440,
35640,mehwaralmokawma,2026-09-21,2026-09-21 00:00:00+03:00,2026-09-21 23:59:53+03:00,التفجيرات التي نفذها العدو في البلدات الجنوبيه,تلغيم وتفجير,عيناثا,144,عيناتا بنت جبيل,none,1,SAME_VILLAGE_OTHER_ACTION,قصف وغارات,,,,
35640,mehwaralmokawma,2026-09-21,2026-09-21 00:00:00+03:00,2026-09-21 23:59:53+03:00,التفجيرات التي نفذها العدو في البلدات الجنوبيه,تلغيم وتفجير,ديرسريان,524,دير سريان,none,1,SAME_VILLAGE_OTHER_ACTION,قصف وغارات,,,,
35640,mehwaralmokawma,2026-09-21,2026-09-21 00:00:00+03:00,2026-09-21 23:59:53+03:00,القنابل المضيئه,قنابل مضيئة وحارقة,زوطر الشرقيه,1519,زوطر الشرقية,none,1,NOT_IN_INCIDENTS,NEWS_REJECTED,unspecified,,313,
35640,mehwaralmokawma,2026-09-21,2026-09-21 00:00:00+03:00,2026-09-21 23:59:53+03:00,القنابل المضيئه,قنابل مضيئة وحارقة,مركبا,991,مركبا,none,1,DUPLICATE_OF_NEWS,,,0d828291-b142-4cdf-b0a6-edf1dbb487c0,,1115
35640,mehwaralmokawma,2026-09-21,2026-09-21 00:00:00+03:00,2026-09-21 23:59:53+03:00,القنابل المضيئه,قنابل مضيئة وحارقة,حولا,701,حولا,none,1,SAME_VILLAGE_OTHER_ACTION,قصف وغارات,,,,
35640,mehwaralmokawma,2026-09-21,2026-09-21 00:00:00+03:00,2026-09-21 23:59:53+03:00,القنابل المضيئه,قنابل مضيئة وحارقة,وادي زبقين,1523,زبقين,none,1,SAME_VILLAGE_OTHER_ACTION,قصف مدفعي,,,,
35640,mehwaralmokawma,2026-09-21,2026-09-21 00:00:00+03:00,2026-09-21 23:59:53+03:00,القنابل المضيئه,قنابل مضيئة وحارقة,حداثا,601,حداثا,none,1,SAME_VILLAGE_OTHER_ACTION,غير مصنف / بحاجة إلى مراجعة,,,,
35640,mehwaralmokawma,2026-09-21,2026-09-21 00:00:00+03:00,2026-09-21 23:59:53+03:00,القنابل المضيئه,قنابل مضيئة وحارقة,وادي السلوقي,1464,تولين,none,1,SAME_VILLAGE_OTHER_ACTION,قصف وغارات,,,,
35641,nabatiehchannel,2026-09-21,2026-09-21 00:00:00+03:00,2026-09-22 00:00:00+03:00,الغارات التي نفذها الطيران الحربي المعادي,قصف وغارات,النبطيه الفوقا,1153,نبطية الفوقا,none,1,NOT_IN_INCIDENTS,NEWS_REJECTED,unspecified,,278;260;269;295;1107,
35641,nabatiehchannel,2026-09-21,2026-09-21 00:00:00+03:00,2026-09-22 00:00:00+03:00,الغارات التي نفذها الطيران الحربي المعادي,قصف وغارات,كفرتبنيت,857,كفر تبنيت,none,1,DUPLICATE_OF_NEWS,,,01de94c7-2db7-4a10-9665-af57730a6df7,,1060
35641,nabatiehchannel,2026-09-21,2026-09-21 00:00:00+03:00,2026-09-22 00:00:00+03:00,الغارات التي نفذها الطيران الحربي المعادي,قصف وغارات,وادي الحجير,1219,قبريخا,none,1,NOT_IN_INCIDENTS,NEWS_FAILED,error,,35522,
35641,nabatiehchannel,2026-09-21,2026-09-21 00:00:00+03:00,2026-09-22 00:00:00+03:00,الغارات التي نفذها الطيران الحربي المعادي,قصف وغارات,وادي السلوقي,1464,تولين,none,1,DUPLICATE_OF_NEWS,,,ce09c471-4e6c-4152-9c7b-246d9d26aa41,,1063
35641,nabatiehchannel,2026-09-21,2026-09-21 00:00:00+03:00,2026-09-22 00:00:00+03:00,الغارات التي نفذها الطيران الحربي المعادي,قصف وغارات,اطراف برعشيت,207,برعشيت,none,1,SAME_VILLAGE_OTHER_ACTION,قصف مدفعي,,,,
35641,nabatiehchannel,2026-09-21,2026-09-21 00:00:00+03:00,2026-09-22 00:00:00+03:00,الغارات التي نفذها الطيران الحربي المعادي,قصف وغارات,زوطر الشرقيه,1519,زوطر الشرقية,none,1,NOT_IN_INCIDENTS,NEWS_REJECTED,unspecified,,313,
35641,nabatiehchannel,2026-09-21,2026-09-21 00:00:00+03:00,2026-09-22 00:00:00+03:00,القصف المدفعي المعادي,قصف مدفعي,زوطر الشرقيه,1519,زوطر الشرقية,none,1,NOT_IN_INCIDENTS,NEWS_REJECTED,unspecified,,313,
35641,nabatiehchannel,2026-09-21,2026-09-21 00:00:00+03:00,2026-09-22 00:00:00+03:00,القصف المدفعي المعادي,قصف مدفعي,مشاع ميفدون,1003,ميفدون,none,1,DUPLICATE_OF_NEWS,,,1b790299-dfb2-4477-8b2c-d078f43125dd,,494
35641,nabatiehchannel,2026-09-21,2026-09-21 00:00:00+03:00,2026-09-22 00:00:00+03:00,القصف المدفعي المعادي,قصف مدفعي,اطراف برعشيت,207,برعشيت,none,1,DUPLICATE_OF_NEWS,,,6997f728-685b-4a76-9e0e-025775817bdd,,208
35641,nabatiehchannel,2026-09-21,2026-09-21 00:00:00+03:00,2026-09-22 00:00:00+03:00,القصف المدفعي المعادي,قصف مدفعي,حداثا,601,حداثا,none,1,SAME_VILLAGE_OTHER_ACTION,غير مصنف / بحاجة إلى مراجعة,,,,
35641,nabatiehchannel,2026-09-21,2026-09-21 00:00:00+03:00,2026-09-22 00:00:00+03:00,القصف المدفعي المعادي,قصف مدفعي,بيت ليف,269,بيت ليف,none,1,NOT_IN_INCIDENTS,NEWS_WRONG_VILLAGE,منصورية,,35315,
35641,nabatiehchannel,2026-09-21,2026-09-21 00:00:00+03:00,2026-09-22 00:00:00+03:00,القصف المدفعي المعادي,قصف مدفعي,المنصوري,976,المنصوري,none,1,NOT_IN_INCIDENTS,NEWS_REJECTED,unspecified,,35523,
35641,nabatiehchannel,2026-09-21,2026-09-21 00:00:00+03:00,2026-09-22 00:00:00+03:00,القصف المدفعي المعادي,قصف مدفعي,كفرتبنيت,857,كفر تبنيت,none,1,SAME_VILLAGE_OTHER_ACTION,غير مصنف / بحاجة إلى مراجعة; قصف وغارات,,,,
35641,nabatiehchannel,2026-09-21,2026-09-21 00:00:00+03:00,2026-09-22 00:00:00+03:00,القصف المدفعي المعادي,قصف مدفعي,وادي السلوقي | اطراف تولين,1464,تولين,none,1,SAME_VILLAGE_OTHER_ACTION,قصف وغارات,,,,
35641,nabatiehchannel,2026-09-21,2026-09-21 00:00:00+03:00,2026-09-22 00:00:00+03:00,القصف المدفعي المعادي,قصف مدفعي,حولا,701,حولا,none,1,SAME_VILLAGE_OTHER_ACTION,قصف وغارات,,,,
35641,nabatiehchannel,2026-09-21,2026-09-21 00:00:00+03:00,2026-09-22 00:00:00+03:00,القصف المدفعي المعادي,قصف مدفعي,وادي زبقين,1523,زبقين,none,1,DUPLICATE_OF_NEWS,,,b0dbf486-5ec3-4c1b-ace1-c854cce2e767,,941
35641,nabatiehchannel,2026-09-21,2026-09-21 00:00:00+03:00,2026-09-22 00:00:00+03:00,القصف المدفعي المعادي,قصف مدفعي,اطراف كونين,919,كونين,none,1,NOT_IN_INCIDENTS,NEWS_FAILED,error,,35411,
35641,nabatiehchannel,2026-09-21,2026-09-21 00:00:00+03:00,2026-09-22 00:00:00+03:00,القصف المدفعي المعادي,قصف مدفعي,سهل الخيام,901,الخيام,none,1,NOT_IN_INCIDENTS,NEWS_FAILED,error,,35608;35606;35596;35585;35469;35603,
35641,nabatiehchannel,2026-09-21,2026-09-21 00:00:00+03:00,2026-09-22 00:00:00+03:00,القصف المدفعي المعادي,قصف مدفعي,القنطره,1228,قنطرة,none,1,NOT_IN_INCIDENTS,NEWS_FAILED,error,,35357,
35641,nabatiehchannel,2026-09-21,2026-09-21 00:00:00+03:00,2026-09-22 00:00:00+03:00,التفجيرات التي نفذها العدو في البلدات الجنوبيه,تلغيم وتفجير,المنصوري,976,المنصوري,none,1,NOT_IN_INCIDENTS,NEWS_REJECTED,unspecified,,35523,
35641,nabatiehchannel,2026-09-21,2026-09-21 00:00:00+03:00,2026-09-22 00:00:00+03:00,التفجيرات التي نفذها العدو في البلدات الجنوبيه,تلغيم وتفجير,ميس الجبل,1079,ميس الجبل,none,1,NOT_IN_INCIDENTS,NEWS_FAILED,error,,35440,
35641,nabatiehchannel,2026-09-21,2026-09-21 00:00:00+03:00,2026-09-22 00:00:00+03:00,التفجيرات التي نفذها العدو في البلدات الجنوبيه,تلغيم وتفجير,عيناثا,144,عيناتا بنت جبيل,none,1,SAME_VILLAGE_OTHER_ACTION,قصف وغارات,,,,
35641,nabatiehchannel,2026-09-21,2026-09-21 00:00:00+03:00,2026-09-22 00:00:00+03:00,التفجيرات التي نفذها العدو في البلدات الجنوبيه,تلغيم وتفجير,ديرسريان,524,دير سريان,none,1,SAME_VILLAGE_OTHER_ACTION,قصف وغارات,,,,
35641,nabatiehchannel,2026-09-21,2026-09-21 00:00:00+03:00,2026-09-22 00:00:00+03:00,القنابل المضيئه,قنابل مضيئة وحارقة,زوطر الشرقيه,1519,زوطر الشرقية,none,1,NOT_IN_INCIDENTS,NEWS_REJECTED,unspecified,,313,
35641,nabatiehchannel,2026-09-21,2026-09-21 00:00:00+03:00,2026-09-22 00:00:00+03:00,القنابل المضيئه,قنابل مضيئة وحارقة,مركبا,991,مركبا,none,1,DUPLICATE_OF_NEWS,,,0d828291-b142-4cdf-b0a6-edf1dbb487c0,,1116
35641,nabatiehchannel,2026-09-21,2026-09-21 00:00:00+03:00,2026-09-22 00:00:00+03:00,القنابل المضيئه,قنابل مضيئة وحارقة,حولا,701,حولا,none,1,SAME_VILLAGE_OTHER_ACTION,قصف وغارات,,,,
35641,nabatiehchannel,2026-09-21,2026-09-21 00:00:00+03:00,2026-09-22 00:00:00+03:00,القنابل المضيئه,قنابل مضيئة وحارقة,وادي زبقين,1523,زبقين,none,1,SAME_VILLAGE_OTHER_ACTION,قصف مدفعي,,,,
35641,nabatiehchannel,2026-09-21,2026-09-21 00:00:00+03:00,2026-09-22 00:00:00+03:00,القنابل المضيئه,قنابل مضيئة وحارقة,حداثا,601,حداثا,none,1,SAME_VILLAGE_OTHER_ACTION,غير مصنف / بحاجة إلى مراجعة,,,,
35641,nabatiehchannel,2026-09-21,2026-09-21 00:00:00+03:00,2026-09-22 00:00:00+03:00,القنابل المضيئه,قنابل مضيئة وحارقة,وادي السلوقي,1464,تولين,none,1,SAME_VILLAGE_OTHER_ACTION,قصف وغارات,,,,
35645,Janoubana,2026-09-21,2026-09-21 00:00:00+03:00,2026-09-22 00:00:00+03:00,غارات الطيران الحربي,قصف وغارات,النبطيه الفوقا,1153,نبطية الفوقا,none,1,NOT_IN_INCIDENTS,NEWS_REJECTED,unspecified,,278;260;269;295;1107,
35645,Janoubana,2026-09-21,2026-09-21 00:00:00+03:00,2026-09-22 00:00:00+03:00,غارات الطيران الحربي,قصف وغارات,كفرتبنيت,857,كفر تبنيت,none,1,DUPLICATE_OF_NEWS,,,01de94c7-2db7-4a10-9665-af57730a6df7,,1071
35645,Janoubana,2026-09-21,2026-09-21 00:00:00+03:00,2026-09-22 00:00:00+03:00,غارات الطيران الحربي,قصف وغارات,وادي الحجير,1219,قبريخا,none,1,NOT_IN_INCIDENTS,NEWS_FAILED,error,,35522,
35645,Janoubana,2026-09-21,2026-09-21 00:00:00+03:00,2026-09-22 00:00:00+03:00,غارات الطيران الحربي,قصف وغارات,وادي السلوقي,1464,تولين,none,1,DUPLICATE_OF_NEWS,,,ce09c471-4e6c-4152-9c7b-246d9d26aa41,,1074
35645,Janoubana,2026-09-21,2026-09-21 00:00:00+03:00,2026-09-22 00:00:00+03:00,غارات الطيران الحربي,قصف وغارات,اطراف برعشيت,207,برعشيت,none,1,SAME_VILLAGE_OTHER_ACTION,قصف مدفعي,,,,
35645,Janoubana,2026-09-21,2026-09-21 00:00:00+03:00,2026-09-22 00:00:00+03:00,غارات الطيران الحربي,قصف وغارات,زوطر الشرقيه,1519,زوطر الشرقية,none,1,NOT_IN_INCIDENTS,NEWS_REJECTED,unspecified,,313,
35645,Janoubana,2026-09-21,2026-09-21 00:00:00+03:00,2026-09-22 00:00:00+03:00,القصف المدفعي,قصف مدفعي,زوطر الشرقيه,1519,زوطر الشرقية,none,1,NOT_IN_INCIDENTS,NEWS_REJECTED,unspecified,,313,
35645,Janoubana,2026-09-21,2026-09-21 00:00:00+03:00,2026-09-22 00:00:00+03:00,القصف المدفعي,قصف مدفعي,مشاع ميفدون,1003,ميفدون,none,1,DUPLICATE_OF_NEWS,,,1b790299-dfb2-4477-8b2c-d078f43125dd,,505
35645,Janoubana,2026-09-21,2026-09-21 00:00:00+03:00,2026-09-22 00:00:00+03:00,القصف المدفعي,قصف مدفعي,اطراف برعشيت,207,برعشيت,none,1,DUPLICATE_OF_NEWS,,,6997f728-685b-4a76-9e0e-025775817bdd,,219
35645,Janoubana,2026-09-21,2026-09-21 00:00:00+03:00,2026-09-22 00:00:00+03:00,القصف المدفعي,قصف مدفعي,حداثا,601,حداثا,none,1,SAME_VILLAGE_OTHER_ACTION,غير مصنف / بحاجة إلى مراجعة,,,,
35645,Janoubana,2026-09-21,2026-09-21 00:00:00+03:00,2026-09-22 00:00:00+03:00,القصف المدفعي,قصف مدفعي,بيت ليف,269,بيت ليف,none,1,NOT_IN_INCIDENTS,NEWS_WRONG_VILLAGE,منصورية,,35315,
35645,Janoubana,2026-09-21,2026-09-21 00:00:00+03:00,2026-09-22 00:00:00+03:00,القصف المدفعي,قصف مدفعي,المنصوري,976,المنصوري,none,1,NOT_IN_INCIDENTS,NEWS_REJECTED,unspecified,,35523,
35645,Janoubana,2026-09-21,2026-09-21 00:00:00+03:00,2026-09-22 00:00:00+03:00,القصف المدفعي,قصف مدفعي,كفرتبنيت,857,كفر تبنيت,none,1,SAME_VILLAGE_OTHER_ACTION,غير مصنف / بحاجة إلى مراجعة; قصف وغارات,,,,
35645,Janoubana,2026-09-21,2026-09-21 00:00:00+03:00,2026-09-22 00:00:00+03:00,القصف المدفعي,قصف مدفعي,حولا,701,حولا,none,1,SAME_VILLAGE_OTHER_ACTION,قصف وغارات,,,,
35645,Janoubana,2026-09-21,2026-09-21 00:00:00+03:00,2026-09-22 00:00:00+03:00,القصف المدفعي,قصف مدفعي,وادي زبقين,1523,زبقين,none,1,DUPLICATE_OF_NEWS,,,b0dbf486-5ec3-4c1b-ace1-c854cce2e767,,952
35645,Janoubana,2026-09-21,2026-09-21 00:00:00+03:00,2026-09-22 00:00:00+03:00,القصف المدفعي,قصف مدفعي,اطراف كونين,919,كونين,none,1,NOT_IN_INCIDENTS,NEWS_FAILED,error,,35411,
35645,Janoubana,2026-09-21,2026-09-21 00:00:00+03:00,2026-09-22 00:00:00+03:00,القصف المدفعي,قصف مدفعي,سهل الخيام,901,الخيام,none,1,NOT_IN_INCIDENTS,NEWS_FAILED,error,,35608;35606;35596;35585;35469;35603,
35645,Janoubana,2026-09-21,2026-09-21 00:00:00+03:00,2026-09-22 00:00:00+03:00,القصف المدفعي,قصف مدفعي,القنطره,1228,قنطرة,none,1,NOT_IN_INCIDENTS,NEWS_FAILED,error,,35357,
35645,Janoubana,2026-09-21,2026-09-21 00:00:00+03:00,2026-09-22 00:00:00+03:00,تفجيرات,تلغيم وتفجير,المنصوري,976,المنصوري,none,1,NOT_IN_INCIDENTS,NEWS_REJECTED,unspecified,,35523,
35645,Janoubana,2026-09-21,2026-09-21 00:00:00+03:00,2026-09-22 00:00:00+03:00,تفجيرات,تلغيم وتفجير,ميس الجبل,1079,ميس الجبل,none,1,NOT_IN_INCIDENTS,NEWS_FAILED,error,,35440,
35645,Janoubana,2026-09-21,2026-09-21 00:00:00+03:00,2026-09-22 00:00:00+03:00,تفجيرات,تلغيم وتفجير,عيناثا,144,عيناتا بنت جبيل,none,1,SAME_VILLAGE_OTHER_ACTION,قصف وغارات,,,,
35645,Janoubana,2026-09-21,2026-09-21 00:00:00+03:00,2026-09-22 00:00:00+03:00,تفجيرات,تلغيم وتفجير,ديرسريان,524,دير سريان,none,1,SAME_VILLAGE_OTHER_ACTION,قصف وغارات,,,,
1115,mehwaralmokawma,2026-09-22,2026-09-22 00:00:00+03:00,2026-09-22 07:49:27+03:00,القصف المدفعي المعادي,قصف مدفعي,القنطره لجهه تولين,1228,قنطرة,none,1,NOT_IN_INCIDENTS,NEWS_NEVER_ARRIVED,,,,
1115,mehwaralmokawma,2026-09-22,2026-09-22 00:00:00+03:00,2026-09-22 07:49:27+03:00,القصف المدفعي المعادي,قصف مدفعي,وادي السلوقي,1464,تولين,none,1,NOT_IN_INCIDENTS,NEWS_FAILED,error,,35654,
1115,mehwaralmokawma,2026-09-22,2026-09-22 00:00:00+03:00,2026-09-22 07:49:27+03:00,القصف المدفعي المعادي,قصف مدفعي,علي الطاهر,87,علي الطاهر,none,1,NOT_IN_INCIDENTS,NEWS_NEVER_ARRIVED,,,,
1115,mehwaralmokawma,2026-09-22,2026-09-22 00:00:00+03:00,2026-09-22 07:49:27+03:00,التفجيرات,تلغيم وتفجير,المنصوري,976,المنصوري,none,1,NOT_IN_INCIDENTS,NEWS_NEVER_ARRIVED,,,,
1115,mehwaralmokawma,2026-09-22,2026-09-22 00:00:00+03:00,2026-09-22 07:49:27+03:00,القنابل المضيئه,قنابل مضيئة وحارقة,وادي السلوقي,1464,تولين,none,1,NOT_IN_INCIDENTS,NEWS_FAILED,error,,35654,
1115,mehwaralmokawma,2026-09-22,2026-09-22 00:00:00+03:00,2026-09-22 07:49:27+03:00,القنابل المضيئه,قنابل مضيئة وحارقة,حولا,701,حولا,none,1,NOT_IN_INCIDENTS,NEWS_NEVER_ARRIVED,,,,
1115,mehwaralmokawma,2026-09-22,2026-09-22 00:00:00+03:00,2026-09-22 07:49:27+03:00,التمشيط بالاسلحه الرشاشه,عملية تمشيط,حولا,701,حولا,none,1,NOT_IN_INCIDENTS,NEWS_NEVER_ARRIVED,,,,
1115,mehwaralmokawma,2026-09-22,2026-09-22 00:00:00+03:00,2026-09-22 07:49:27+03:00,التمشيط بالاسلحه الرشاشه,عملية تمشيط,الخيام,901,الخيام,none,1,NOT_IN_INCIDENTS,NEWS_NEVER_ARRIVED,,,,
1116,hashemsayed,2026-09-22,2026-09-22 00:00:00+03:00,2026-09-22 08:28:08+03:00,القصف المدفعي المعادي,قصف مدفعي,القنطره لجهه تولين,1228,قنطرة,none,1,NOT_IN_INCIDENTS,NEWS_NEVER_ARRIVED,,,,
1116,hashemsayed,2026-09-22,2026-09-22 00:00:00+03:00,2026-09-22 08:28:08+03:00,القصف المدفعي المعادي,قصف مدفعي,وادي السلوقي,1464,تولين,none,1,NOT_IN_INCIDENTS,NEWS_FAILED,error,,35654,
1116,hashemsayed,2026-09-22,2026-09-22 00:00:00+03:00,2026-09-22 08:28:08+03:00,القصف المدفعي المعادي,قصف مدفعي,علي الطاهر,87,علي الطاهر,none,1,NOT_IN_INCIDENTS,NEWS_NEVER_ARRIVED,,,,
1116,hashemsayed,2026-09-22,2026-09-22 00:00:00+03:00,2026-09-22 08:28:08+03:00,التفجيرات,تلغيم وتفجير,المنصوري,976,المنصوري,none,1,NOT_IN_INCIDENTS,NEWS_NEVER_ARRIVED,,,,
1116,hashemsayed,2026-09-22,2026-09-22 00:00:00+03:00,2026-09-22 08:28:08+03:00,القنابل المضيئه,قنابل مضيئة وحارقة,وادي السلوقي,1464,تولين,none,1,NOT_IN_INCIDENTS,NEWS_FAILED,error,,35654,
1116,hashemsayed,2026-09-22,2026-09-22 00:00:00+03:00,2026-09-22 08:28:08+03:00,القنابل المضيئه,قنابل مضيئة وحارقة,حولا,701,حولا,none,1,NOT_IN_INCIDENTS,NEWS_NEVER_ARRIVED,,,,
1116,hashemsayed,2026-09-22,2026-09-22 00:00:00+03:00,2026-09-22 08:28:08+03:00,التمشيط بالاسلحه الرشاشه,عملية تمشيط,حولا,701,حولا,none,1,NOT_IN_INCIDENTS,NEWS_NEVER_ARRIVED,,,,
1116,hashemsayed,2026-09-22,2026-09-22 00:00:00+03:00,2026-09-22 08:28:08+03:00,التمشيط بالاسلحه الرشاشه,عملية تمشيط,الخيام,901,الخيام,none,1,NOT_IN_INCIDENTS,NEWS_NEVER_ARRIVED,,,,
1121,Janoubana,2026-09-22,2026-09-22 00:00:00+03:00,2026-09-22 09:26:56+03:00,القصف المدفعي المعادي,قصف مدفعي,القنطره لجهه تولين,1228,قنطرة,none,1,NOT_IN_INCIDENTS,NEWS_NEVER_ARRIVED,,,,
1121,Janoubana,2026-09-22,2026-09-22 00:00:00+03:00,2026-09-22 09:26:56+03:00,القصف المدفعي المعادي,قصف مدفعي,وادي السلوقي,1464,تولين,none,1,NOT_IN_INCIDENTS,NEWS_FAILED,error,,35654,
1121,Janoubana,2026-09-22,2026-09-22 00:00:00+03:00,2026-09-22 09:26:56+03:00,القصف المدفعي المعادي,قصف مدفعي,علي الطاهر,87,علي الطاهر,none,1,NOT_IN_INCIDENTS,NEWS_NEVER_ARRIVED,,,,
1121,Janoubana,2026-09-22,2026-09-22 00:00:00+03:00,2026-09-22 09:26:56+03:00,التفجيرات,تلغيم وتفجير,المنصوري,976,المنصوري,none,1,NOT_IN_INCIDENTS,NEWS_NEVER_ARRIVED,,,,
1121,Janoubana,2026-09-22,2026-09-22 00:00:00+03:00,2026-09-22 09:26:56+03:00,القنابل المضيئه,قنابل مضيئة وحارقة,وادي السلوقي,1464,تولين,none,1,NOT_IN_INCIDENTS,NEWS_FAILED,error,,35654,
1121,Janoubana,2026-09-22,2026-09-22 00:00:00+03:00,2026-09-22 09:26:56+03:00,القنابل المضيئه,قنابل مضيئة وحارقة,حولا,701,حولا,none,1,NOT_IN_INCIDENTS,NEWS_NEVER_ARRIVED,,,,
1121,Janoubana,2026-09-22,2026-09-22 00:00:00+03:00,2026-09-22 09:26:56+03:00,التمشيط بالاسلحه الرشاشه,عملية تمشيط,حولا,701,حولا,none,1,NOT_IN_INCIDENTS,NEWS_NEVER_ARRIVED,,,,
1121,Janoubana,2026-09-22,2026-09-22 00:00:00+03:00,2026-09-22 09:26:56+03:00,التمشيط بالاسلحه الرشاشه,عملية تمشيط,الخيام,901,الخيام,none,1,NOT_IN_INCIDENTS,NEWS_NEVER_ARRIVED,,,,
35838,alichoeib1970,2026-09-22,2026-09-22 00:00:00+03:00,2026-09-22 23:57:24+03:00,الغارات التي نفذها الطيران الحربي المعادي,قصف وغارات,المنصوري,976,المنصوري,none,1,DUPLICATE_OF_NEWS,,,599e7b9b-2391-43e2-83bf-39274e045777;dba12269-a8da-4028-a6e6-7b261f95d55e;cedea821-4e77-4cf9-b553-5d9b40542596,,117
35838,alichoeib1970,2026-09-22,2026-09-22 00:00:00+03:00,2026-09-22 23:57:24+03:00,الغارات التي نفذها الطيران الحربي المعادي,قصف وغارات,النبطيه الفوقا,1153,نبطية الفوقا,none,1,NOT_IN_INCIDENTS,NEWS_REJECTED,unspecified,,1119;1126;1133;1110,
35838,alichoeib1970,2026-09-22,2026-09-22 00:00:00+03:00,2026-09-22 23:57:24+03:00,القصف المدفعي المعادي,قصف مدفعي,القنطره لجهه تولين,1228,قنطرة,none,1,NOT_IN_INCIDENTS,NEWS_NEVER_ARRIVED,,,,
35838,alichoeib1970,2026-09-22,2026-09-22 00:00:00+03:00,2026-09-22 23:57:24+03:00,القصف المدفعي المعادي,قصف مدفعي,وادي السلوقي,1464,تولين,none,1,NOT_IN_INCIDENTS,NEWS_FAILED,error,,35744;35654,
35838,alichoeib1970,2026-09-22,2026-09-22 00:00:00+03:00,2026-09-22 23:57:24+03:00,القصف المدفعي المعادي,قصف مدفعي,علي الطاهر,87,علي الطاهر,none,1,NOT_IN_INCIDENTS,NEWS_NEVER_ARRIVED,,,,
35838,alichoeib1970,2026-09-22,2026-09-22 00:00:00+03:00,2026-09-22 23:57:24+03:00,القصف المدفعي المعادي,قصف مدفعي,برعشيت,207,برعشيت,none,1,NOT_IN_INCIDENTS,NEWS_FAILED,error,,35681;35819;35684,
35838,alichoeib1970,2026-09-22,2026-09-22 00:00:00+03:00,2026-09-22 23:57:24+03:00,القصف المدفعي المعادي,قصف مدفعي,بيت ياحون,273,بيت ياحون,none,1,NOT_IN_INCIDENTS,NEWS_WRONG_VILLAGE,سلوقي; طلوسة,,1186;1186,
35838,alichoeib1970,2026-09-22,2026-09-22 00:00:00+03:00,2026-09-22 23:57:24+03:00,القصف المدفعي المعادي,قصف مدفعي,بني حيان,205,بني حيان,none,1,NOT_IN_INCIDENTS,NEWS_NEVER_ARRIVED,,,,
35838,alichoeib1970,2026-09-22,2026-09-22 00:00:00+03:00,2026-09-22 23:57:24+03:00,القصف المدفعي المعادي,قصف مدفعي,طلوسه,1431,طلوسة,none,1,NOT_IN_INCIDENTS,NEWS_WRONG_VILLAGE,بيت ياحون; سلوقي,,1186;1186,
35838,alichoeib1970,2026-09-22,2026-09-22 00:00:00+03:00,2026-09-22 23:57:24+03:00,القصف المدفعي المعادي,قصف مدفعي,وادي زبقين,1523,زبقين,none,1,NOT_IN_INCIDENTS,NEWS_WRONG_VILLAGE,بيت ليف,,35680,
35838,alichoeib1970,2026-09-22,2026-09-22 00:00:00+03:00,2026-09-22 23:57:24+03:00,القصف المدفعي المعادي,قصف مدفعي,المنصوري,976,المنصوري,none,1,SAME_VILLAGE_OTHER_ACTION,قصف وغارات,,,,
35838,alichoeib1970,2026-09-22,2026-09-22 00:00:00+03:00,2026-09-22 23:57:24+03:00,القصف المدفعي المعادي,قصف مدفعي,ميس الجبل,1079,ميس الجبل,none,1,NOT_IN_INCIDENTS,NEWS_FAILED,error,,35819,
35838,alichoeib1970,2026-09-22,2026-09-22 00:00:00+03:00,2026-09-22 23:57:24+03:00,القصف المدفعي المعادي,قصف مدفعي,زوطر الشرقيه,1519,زوطر الشرقية,none,1,NOT_IN_INCIDENTS,NEWS_REJECTED,unspecified,,1161;1143,
35838,alichoeib1970,2026-09-22,2026-09-22 00:00:00+03:00,2026-09-22 23:57:24+03:00,القصف المدفعي المعادي,قصف مدفعي,كفرتبنيت,857,كفر تبنيت,none,1,SAME_VILLAGE_OTHER_ACTION,غير مصنف / بحاجة إلى مراجعة,,,,
35838,alichoeib1970,2026-09-22,2026-09-22 00:00:00+03:00,2026-09-22 23:57:24+03:00,القصف المدفعي المعادي,قصف مدفعي,صربين,1412,صربين,none,1,DUPLICATE_OF_NEWS,,,c4e7d408-0041-4b4a-baea-b9b7c9b541aa,,160
35838,alichoeib1970,2026-09-22,2026-09-22 00:00:00+03:00,2026-09-22 23:57:24+03:00,التفجيرات التي نفذها العدو في البلدات الجنوبيه,تلغيم وتفجير,المنصوري,976,المنصوري,none,1,SAME_VILLAGE_OTHER_ACTION,قصف وغارات,,,,
35838,alichoeib1970,2026-09-22,2026-09-22 00:00:00+03:00,2026-09-22 23:57:24+03:00,التفجيرات التي نفذها العدو في البلدات الجنوبيه,تلغيم وتفجير,كونين,919,كونين,none,1,SAME_VILLAGE_OTHER_ACTION,غير مصنف / بحاجة إلى مراجعة,,,,
35838,alichoeib1970,2026-09-22,2026-09-22 00:00:00+03:00,2026-09-22 23:57:24+03:00,التفجيرات التي نفذها العدو في البلدات الجنوبيه,تلغيم وتفجير,اطراف برعشيت,207,برعشيت,none,1,NOT_IN_INCIDENTS,NEWS_FAILED,error,,35681;35819;35684,
35838,alichoeib1970,2026-09-22,2026-09-22 00:00:00+03:00,2026-09-22 23:57:24+03:00,التفجيرات التي نفذها العدو في البلدات الجنوبيه,تلغيم وتفجير,وادي السلوقي-ميس الجبل,1464,تولين,between,1,NOT_IN_INCIDENTS,NEWS_FAILED,error,,35744;35654,
35838,alichoeib1970,2026-09-22,2026-09-22 00:00:00+03:00,2026-09-22 23:57:24+03:00,القنابل المضيئه,قنابل مضيئة وحارقة,وادي السلوقي,1464,تولين,none,1,NOT_IN_INCIDENTS,NEWS_FAILED,error,,35744;35654,
35838,alichoeib1970,2026-09-22,2026-09-22 00:00:00+03:00,2026-09-22 23:57:24+03:00,القنابل المضيئه,قنابل مضيئة وحارقة,حولا,701,حولا,none,1,NOT_IN_INCIDENTS,NEWS_NEVER_ARRIVED,,,,
35838,alichoeib1970,2026-09-22,2026-09-22 00:00:00+03:00,2026-09-22 23:57:24+03:00,القنابل المضيئه,قنابل مضيئة وحارقة,طلوسه,1431,طلوسة,none,1,NOT_IN_INCIDENTS,NEWS_WRONG_VILLAGE,بيت ياحون; سلوقي,,1186;1186,
35837,nabatiehchannel,2026-09-22,2026-09-22 00:00:00+03:00,2026-09-22 23:58:03+03:00,الغارات التي نفذها الطيران الحربي المعادي,قصف وغارات,المنصوري,976,المنصوري,none,1,DUPLICATE_OF_NEWS,,,599e7b9b-2391-43e2-83bf-39274e045777;dba12269-a8da-4028-a6e6-7b261f95d55e;cedea821-4e77-4cf9-b553-5d9b40542596,,118
35837,nabatiehchannel,2026-09-22,2026-09-22 00:00:00+03:00,2026-09-22 23:58:03+03:00,الغارات التي نفذها الطيران الحربي المعادي,قصف وغارات,النبطيه الفوقا,1153,نبطية الفوقا,none,1,NOT_IN_INCIDENTS,NEWS_REJECTED,unspecified,,1119;1126;1133;1110,
35837,nabatiehchannel,2026-09-22,2026-09-22 00:00:00+03:00,2026-09-22 23:58:03+03:00,القصف المدفعي المعادي,قصف مدفعي,القنطره لجهه تولين,1228,قنطرة,none,1,NOT_IN_INCIDENTS,NEWS_NEVER_ARRIVED,,,,
35837,nabatiehchannel,2026-09-22,2026-09-22 00:00:00+03:00,2026-09-22 23:58:03+03:00,القصف المدفعي المعادي,قصف مدفعي,وادي السلوقي,1464,تولين,none,1,NOT_IN_INCIDENTS,NEWS_FAILED,error,,35744;35654,
35837,nabatiehchannel,2026-09-22,2026-09-22 00:00:00+03:00,2026-09-22 23:58:03+03:00,القصف المدفعي المعادي,قصف مدفعي,علي الطاهر,87,علي الطاهر,none,1,NOT_IN_INCIDENTS,NEWS_NEVER_ARRIVED,,,,
35837,nabatiehchannel,2026-09-22,2026-09-22 00:00:00+03:00,2026-09-22 23:58:03+03:00,القصف المدفعي المعادي,قصف مدفعي,برعشيت,207,برعشيت,none,1,NOT_IN_INCIDENTS,NEWS_FAILED,error,,35681;35819;35684,
35837,nabatiehchannel,2026-09-22,2026-09-22 00:00:00+03:00,2026-09-22 23:58:03+03:00,القصف المدفعي المعادي,قصف مدفعي,بيت ياحون,273,بيت ياحون,none,1,NOT_IN_INCIDENTS,NEWS_WRONG_VILLAGE,سلوقي; طلوسة,,1186;1186,
35837,nabatiehchannel,2026-09-22,2026-09-22 00:00:00+03:00,2026-09-22 23:58:03+03:00,القصف المدفعي المعادي,قصف مدفعي,بني حيان,205,بني حيان,none,1,NOT_IN_INCIDENTS,NEWS_NEVER_ARRIVED,,,,
35837,nabatiehchannel,2026-09-22,2026-09-22 00:00:00+03:00,2026-09-22 23:58:03+03:00,القصف المدفعي المعادي,قصف مدفعي,طلوسه,1431,طلوسة,none,1,NOT_IN_INCIDENTS,NEWS_WRONG_VILLAGE,بيت ياحون; سلوقي,,1186;1186,
35837,nabatiehchannel,2026-09-22,2026-09-22 00:00:00+03:00,2026-09-22 23:58:03+03:00,القصف المدفعي المعادي,قصف مدفعي,وادي زبقين,1523,زبقين,none,1,NOT_IN_INCIDENTS,NEWS_WRONG_VILLAGE,بيت ليف,,35680,
35837,nabatiehchannel,2026-09-22,2026-09-22 00:00:00+03:00,2026-09-22 23:58:03+03:00,القصف المدفعي المعادي,قصف مدفعي,المنصوري,976,المنصوري,none,1,SAME_VILLAGE_OTHER_ACTION,قصف وغارات,,,,
35837,nabatiehchannel,2026-09-22,2026-09-22 00:00:00+03:00,2026-09-22 23:58:03+03:00,القصف المدفعي المعادي,قصف مدفعي,ميس الجبل,1079,ميس الجبل,none,1,NOT_IN_INCIDENTS,NEWS_FAILED,error,,35819,
35837,nabatiehchannel,2026-09-22,2026-09-22 00:00:00+03:00,2026-09-22 23:58:03+03:00,القصف المدفعي المعادي,قصف مدفعي,زوطر الشرقيه,1519,زوطر الشرقية,none,1,NOT_IN_INCIDENTS,NEWS_REJECTED,unspecified,,1161;1143,
35837,nabatiehchannel,2026-09-22,2026-09-22 00:00:00+03:00,2026-09-22 23:58:03+03:00,القصف المدفعي المعادي,قصف مدفعي,كفرتبنيت,857,كفر تبنيت,none,1,SAME_VILLAGE_OTHER_ACTION,غير مصنف / بحاجة إلى مراجعة,,,,
35837,nabatiehchannel,2026-09-22,2026-09-22 00:00:00+03:00,2026-09-22 23:58:03+03:00,القصف المدفعي المعادي,قصف مدفعي,صربين,1412,صربين,none,1,DUPLICATE_OF_NEWS,,,c4e7d408-0041-4b4a-baea-b9b7c9b541aa,,161
35837,nabatiehchannel,2026-09-22,2026-09-22 00:00:00+03:00,2026-09-22 23:58:03+03:00,التفجيرات التي نفذها العدو في البلدات الجنوبيه,تلغيم وتفجير,المنصوري,976,المنصوري,none,1,SAME_VILLAGE_OTHER_ACTION,قصف وغارات,,,,
35837,nabatiehchannel,2026-09-22,2026-09-22 00:00:00+03:00,2026-09-22 23:58:03+03:00,التفجيرات التي نفذها العدو في البلدات الجنوبيه,تلغيم وتفجير,كونين,919,كونين,none,1,SAME_VILLAGE_OTHER_ACTION,غير مصنف / بحاجة إلى مراجعة,,,,
35837,nabatiehchannel,2026-09-22,2026-09-22 00:00:00+03:00,2026-09-22 23:58:03+03:00,التفجيرات التي نفذها العدو في البلدات الجنوبيه,تلغيم وتفجير,اطراف برعشيت,207,برعشيت,none,1,NOT_IN_INCIDENTS,NEWS_FAILED,error,,35681;35819;35684,
35837,nabatiehchannel,2026-09-22,2026-09-22 00:00:00+03:00,2026-09-22 23:58:03+03:00,التفجيرات التي نفذها العدو في البلدات الجنوبيه,تلغيم وتفجير,وادي السلوقي-ميس الجبل,1464,تولين,between,1,NOT_IN_INCIDENTS,NEWS_FAILED,error,,35744;35654,
35837,nabatiehchannel,2026-09-22,2026-09-22 00:00:00+03:00,2026-09-22 23:58:03+03:00,القنابل المضيئه,قنابل مضيئة وحارقة,وادي السلوقي,1464,تولين,none,1,NOT_IN_INCIDENTS,NEWS_FAILED,error,,35744;35654,
35837,nabatiehchannel,2026-09-22,2026-09-22 00:00:00+03:00,2026-09-22 23:58:03+03:00,القنابل المضيئه,قنابل مضيئة وحارقة,حولا,701,حولا,none,1,NOT_IN_INCIDENTS,NEWS_NEVER_ARRIVED,,,,
35837,nabatiehchannel,2026-09-22,2026-09-22 00:00:00+03:00,2026-09-22 23:58:03+03:00,القنابل المضيئه,قنابل مضيئة وحارقة,طلوسه,1431,طلوسة,none,1,NOT_IN_INCIDENTS,NEWS_WRONG_VILLAGE,بيت ياحون; سلوقي,,1186;1186,
35839,mehwaralmokawma,2026-09-22,2026-09-22 00:00:00+03:00,2026-09-22 23:58:52+03:00,الغارات التي نفذها الطيران الحربي المعادي,قصف وغارات,المنصوري,976,المنصوري,none,1,DUPLICATE_OF_NEWS,,,599e7b9b-2391-43e2-83bf-39274e045777;dba12269-a8da-4028-a6e6-7b261f95d55e;cedea821-4e77-4cf9-b553-5d9b40542596,,119
35839,mehwaralmokawma,2026-09-22,2026-09-22 00:00:00+03:00,2026-09-22 23:58:52+03:00,الغارات التي نفذها الطيران الحربي المعادي,قصف وغارات,النبطيه الفوقا,1153,نبطية الفوقا,none,1,NOT_IN_INCIDENTS,NEWS_REJECTED,unspecified,,1119;1126;1133;1110,
35839,mehwaralmokawma,2026-09-22,2026-09-22 00:00:00+03:00,2026-09-22 23:58:52+03:00,القصف المدفعي المعادي,قصف مدفعي,القنطره لجهه تولين,1228,قنطرة,none,1,NOT_IN_INCIDENTS,NEWS_NEVER_ARRIVED,,,,
35839,mehwaralmokawma,2026-09-22,2026-09-22 00:00:00+03:00,2026-09-22 23:58:52+03:00,القصف المدفعي المعادي,قصف مدفعي,وادي السلوقي,1464,تولين,none,1,NOT_IN_INCIDENTS,NEWS_FAILED,error,,35744;35654,
35839,mehwaralmokawma,2026-09-22,2026-09-22 00:00:00+03:00,2026-09-22 23:58:52+03:00,القصف المدفعي المعادي,قصف مدفعي,علي الطاهر,87,علي الطاهر,none,1,NOT_IN_INCIDENTS,NEWS_REJECTED,unspecified,,1188,
35839,mehwaralmokawma,2026-09-22,2026-09-22 00:00:00+03:00,2026-09-22 23:58:52+03:00,القصف المدفعي المعادي,قصف مدفعي,برعشيت,207,برعشيت,none,1,NOT_IN_INCIDENTS,NEWS_FAILED,error,,35681;35819;35684,
35839,mehwaralmokawma,2026-09-22,2026-09-22 00:00:00+03:00,2026-09-22 23:58:52+03:00,القصف المدفعي المعادي,قصف مدفعي,بيت ياحون,273,بيت ياحون,none,1,NOT_IN_INCIDENTS,NEWS_WRONG_VILLAGE,سلوقي; طلوسة,,1186;1186,
35839,mehwaralmokawma,2026-09-22,2026-09-22 00:00:00+03:00,2026-09-22 23:58:52+03:00,القصف المدفعي المعادي,قصف مدفعي,بني حيان,205,بني حيان,none,1,NOT_IN_INCIDENTS,NEWS_NEVER_ARRIVED,,,,
35839,mehwaralmokawma,2026-09-22,2026-09-22 00:00:00+03:00,2026-09-22 23:58:52+03:00,القصف المدفعي المعادي,قصف مدفعي,طلوسه,1431,طلوسة,none,1,NOT_IN_INCIDENTS,NEWS_WRONG_VILLAGE,بيت ياحون; سلوقي,,1186;1186,
35839,mehwaralmokawma,2026-09-22,2026-09-22 00:00:00+03:00,2026-09-22 23:58:52+03:00,القصف المدفعي المعادي,قصف مدفعي,وادي زبقين,1523,زبقين,none,1,NOT_IN_INCIDENTS,NEWS_WRONG_VILLAGE,بيت ليف,,35680,
35839,mehwaralmokawma,2026-09-22,2026-09-22 00:00:00+03:00,2026-09-22 23:58:52+03:00,القصف المدفعي المعادي,قصف مدفعي,المنصوري,976,المنصوري,none,1,SAME_VILLAGE_OTHER_ACTION,قصف وغارات,,,,
35839,mehwaralmokawma,2026-09-22,2026-09-22 00:00:00+03:00,2026-09-22 23:58:52+03:00,القصف المدفعي المعادي,قصف مدفعي,ميس الجبل,1079,ميس الجبل,none,1,NOT_IN_INCIDENTS,NEWS_FAILED,error,,35819,
35839,mehwaralmokawma,2026-09-22,2026-09-22 00:00:00+03:00,2026-09-22 23:58:52+03:00,القصف المدفعي المعادي,قصف مدفعي,زوطر الشرقيه,1519,زوطر الشرقية,none,1,NOT_IN_INCIDENTS,NEWS_REJECTED,unspecified,,1161;1143,
35839,mehwaralmokawma,2026-09-22,2026-09-22 00:00:00+03:00,2026-09-22 23:58:52+03:00,القصف المدفعي المعادي,قصف مدفعي,كفرتبنيت,857,كفر تبنيت,none,1,SAME_VILLAGE_OTHER_ACTION,غير مصنف / بحاجة إلى مراجعة,,,,
35839,mehwaralmokawma,2026-09-22,2026-09-22 00:00:00+03:00,2026-09-22 23:58:52+03:00,القصف المدفعي المعادي,قصف مدفعي,صربين,1412,صربين,none,1,DUPLICATE_OF_NEWS,,,c4e7d408-0041-4b4a-baea-b9b7c9b541aa,,162
35839,mehwaralmokawma,2026-09-22,2026-09-22 00:00:00+03:00,2026-09-22 23:58:52+03:00,التفجيرات التي نفذها العدو في البلدات الجنوبيه,تلغيم وتفجير,المنصوري,976,المنصوري,none,1,SAME_VILLAGE_OTHER_ACTION,قصف وغارات,,,,
35839,mehwaralmokawma,2026-09-22,2026-09-22 00:00:00+03:00,2026-09-22 23:58:52+03:00,التفجيرات التي نفذها العدو في البلدات الجنوبيه,تلغيم وتفجير,كونين,919,كونين,none,1,SAME_VILLAGE_OTHER_ACTION,غير مصنف / بحاجة إلى مراجعة,,,,
35839,mehwaralmokawma,2026-09-22,2026-09-22 00:00:00+03:00,2026-09-22 23:58:52+03:00,التفجيرات التي نفذها العدو في البلدات الجنوبيه,تلغيم وتفجير,اطراف برعشيت,207,برعشيت,none,1,NOT_IN_INCIDENTS,NEWS_FAILED,error,,35681;35819;35684,
35839,mehwaralmokawma,2026-09-22,2026-09-22 00:00:00+03:00,2026-09-22 23:58:52+03:00,التفجيرات التي نفذها العدو في البلدات الجنوبيه,تلغيم وتفجير,وادي السلوقي-ميس الجبل,1464,تولين,between,1,NOT_IN_INCIDENTS,NEWS_FAILED,error,,35744;35654,
35839,mehwaralmokawma,2026-09-22,2026-09-22 00:00:00+03:00,2026-09-22 23:58:52+03:00,القنابل المضيئه,قنابل مضيئة وحارقة,وادي السلوقي,1464,تولين,none,1,NOT_IN_INCIDENTS,NEWS_FAILED,error,,35744;35654,
35839,mehwaralmokawma,2026-09-22,2026-09-22 00:00:00+03:00,2026-09-22 23:58:52+03:00,القنابل المضيئه,قنابل مضيئة وحارقة,حولا,701,حولا,none,1,NOT_IN_INCIDENTS,NEWS_NEVER_ARRIVED,,,,
35839,mehwaralmokawma,2026-09-22,2026-09-22 00:00:00+03:00,2026-09-22 23:58:52+03:00,القنابل المضيئه,قنابل مضيئة وحارقة,طلوسه,1431,طلوسة,none,1,NOT_IN_INCIDENTS,NEWS_WRONG_VILLAGE,بيت ياحون; سلوقي,,1186;1186,
36060,alichoeib1970,2026-09-23,2026-09-23 00:00:00+03:00,2026-09-23 23:58:24+03:00,الغارات التي نفذها الطيران الحربي المعادي,قصف وغارات,الخيام,901,الخيام,none,1,NOT_IN_INCIDENTS,NEWS_REJECTED,unspecified,,35988,
36060,alichoeib1970,2026-09-23,2026-09-23 00:00:00+03:00,2026-09-23 23:58:24+03:00,الغارات التي نفذها الطيران الحربي المعادي,قصف وغارات,القنطره,1228,قنطرة,none,1,NOT_IN_INCIDENTS,NEWS_FAILED,error,,35969;35957;36052;36050;36023,
36060,alichoeib1970,2026-09-23,2026-09-23 00:00:00+03:00,2026-09-23 23:58:24+03:00,الغارات التي نفذها الطيران الحربي المعادي,قصف وغارات,وادي الحجير-القنطره,1219,قبريخا,between,1,NOT_IN_INCIDENTS,NEWS_FAILED,error,,35969;35957,
36060,alichoeib1970,2026-09-23,2026-09-23 00:00:00+03:00,2026-09-23 23:58:24+03:00,الغارات التي نفذها الطيران الحربي المعادي,قصف وغارات,وادي السلوقي-حولا,1464,تولين,between,1,NOT_IN_INCIDENTS,NEWS_FAILED,error,,36032;36044;36029,
36060,alichoeib1970,2026-09-23,2026-09-23 00:00:00+03:00,2026-09-23 23:58:24+03:00,القصف المدفعي المعادي,قصف مدفعي,وادي السلوقي | وادي السلوقي-طلوسه,1464,تولين,between,1,NOT_IN_INCIDENTS,NEWS_FAILED,error,,36032;36044;36029,
36060,alichoeib1970,2026-09-23,2026-09-23 00:00:00+03:00,2026-09-23 23:58:24+03:00,القصف المدفعي المعادي,قصف مدفعي,وادي الحجير,1219,قبريخا,none,1,NOT_IN_INCIDENTS,NEWS_FAILED,error,,35969;35957,
36060,alichoeib1970,2026-09-23,2026-09-23 00:00:00+03:00,2026-09-23 23:58:24+03:00,القصف المدفعي المعادي,قصف مدفعي,وادي زبقين,1523,زبقين,none,1,DUPLICATE_OF_NEWS,,,313403eb-c58c-4874-a98e-67a259523a10;5d87e4bb-89b7-44f5-a13f-1904fcad26e7,,758
36060,alichoeib1970,2026-09-23,2026-09-23 00:00:00+03:00,2026-09-23 23:58:24+03:00,القصف المدفعي المعادي,قصف مدفعي,المنصوري,976,المنصوري,none,1,DUPLICATE_OF_NEWS,,,61ecb680-c0f2-46ee-9ec3-0f48878f4d25,,209
36060,alichoeib1970,2026-09-23,2026-09-23 00:00:00+03:00,2026-09-23 23:58:24+03:00,القصف المدفعي المعادي,قصف مدفعي,حداثا,601,حداثا,none,1,NOT_IN_INCIDENTS,NEWS_FAILED,error,,36018,
36060,alichoeib1970,2026-09-23,2026-09-23 00:00:00+03:00,2026-09-23 23:58:24+03:00,القصف المدفعي المعادي,قصف مدفعي,برعشيت,207,برعشيت,none,1,DUPLICATE_OF_NEWS,,,0259f952-04ee-4cc4-8656-64faca83b1e4,,801
36060,alichoeib1970,2026-09-23,2026-09-23 00:00:00+03:00,2026-09-23 23:58:24+03:00,القصف المدفعي المعادي,قذائف فوسفورية,زوطر الشرقيه مدفعي+فوسفوري,1519,زوطر الشرقية,none,1,DUPLICATE_OF_NEWS,,,8a63ad0c-22cb-495f-9556-f947ae500c66,,209
36060,alichoeib1970,2026-09-23,2026-09-23 00:00:00+03:00,2026-09-23 23:58:24+03:00,القصف المدفعي المعادي,قصف مدفعي,زوطر الشرقيه مدفعي+فوسفوري,1519,زوطر الشرقية,none,1,DUPLICATE_OF_NEWS,,,8a63ad0c-22cb-495f-9556-f947ae500c66,,209
36060,alichoeib1970,2026-09-23,2026-09-23 00:00:00+03:00,2026-09-23 23:58:24+03:00,القصف المدفعي المعادي,قصف مدفعي,دوحه كفررمان,851,كفر رمان,none,1,DUPLICATE_OF_NEWS,,,c63640ad-7e84-488f-b303-d0b0d208b459,,337
36060,alichoeib1970,2026-09-23,2026-09-23 00:00:00+03:00,2026-09-23 23:58:24+03:00,القصف المدفعي المعادي,قصف مدفعي,النبطيه الفوقا,1153,نبطية الفوقا,none,1,SAME_VILLAGE_OTHER_ACTION,قصف وغارات,,,,
36060,alichoeib1970,2026-09-23,2026-09-23 00:00:00+03:00,2026-09-23 23:58:24+03:00,التفجيرات التي نفذها العدو في البلدات الجنوبيه,تلغيم وتفجير,الخيام,901,الخيام,none,1,NOT_IN_INCIDENTS,NEWS_REJECTED,unspecified,,35988,
36060,alichoeib1970,2026-09-23,2026-09-23 00:00:00+03:00,2026-09-23 23:58:24+03:00,التفجيرات التي نفذها العدو في البلدات الجنوبيه,تلغيم وتفجير,المنصوري,976,المنصوري,none,1,SAME_VILLAGE_OTHER_ACTION,قصف مدفعي,,,,
36061,mehwaralmokawma,2026-09-23,2026-09-23 00:00:00+03:00,2026-09-24 00:00:00+03:00,الغارات التي نفذها الطيران الحربي المعادي,قصف وغارات,الخيام,901,الخيام,none,1,NOT_IN_INCIDENTS,NEWS_REJECTED,unspecified,,35988,
36061,mehwaralmokawma,2026-09-23,2026-09-23 00:00:00+03:00,2026-09-24 00:00:00+03:00,الغارات التي نفذها الطيران الحربي المعادي,قصف وغارات,القنطره,1228,قنطرة,none,1,NOT_IN_INCIDENTS,NEWS_FAILED,error,,35969;35957;36052;36050;36023,
36061,mehwaralmokawma,2026-09-23,2026-09-23 00:00:00+03:00,2026-09-24 00:00:00+03:00,الغارات التي نفذها الطيران الحربي المعادي,قصف وغارات,وادي الحجير-القنطره,1219,قبريخا,between,1,NOT_IN_INCIDENTS,NEWS_FAILED,error,,35969;35957,
36061,mehwaralmokawma,2026-09-23,2026-09-23 00:00:00+03:00,2026-09-24 00:00:00+03:00,الغارات التي نفذها الطيران الحربي المعادي,قصف وغارات,وادي السلوقي-حولا,1464,تولين,between,1,NOT_IN_INCIDENTS,NEWS_FAILED,error,,36032;36044;36029,
36061,mehwaralmokawma,2026-09-23,2026-09-23 00:00:00+03:00,2026-09-24 00:00:00+03:00,القصف المدفعي المعادي,قصف مدفعي,وادي السلوقي | وادي السلوقي-طلوسه,1464,تولين,between,1,NOT_IN_INCIDENTS,NEWS_FAILED,error,,36032;36044;36029,
36061,mehwaralmokawma,2026-09-23,2026-09-23 00:00:00+03:00,2026-09-24 00:00:00+03:00,القصف المدفعي المعادي,قصف مدفعي,وادي الحجير,1219,قبريخا,none,1,NOT_IN_INCIDENTS,NEWS_FAILED,error,,35969;35957,
36061,mehwaralmokawma,2026-09-23,2026-09-23 00:00:00+03:00,2026-09-24 00:00:00+03:00,القصف المدفعي المعادي,قصف مدفعي,وادي زبقين,1523,زبقين,none,1,DUPLICATE_OF_NEWS,,,313403eb-c58c-4874-a98e-67a259523a10;5d87e4bb-89b7-44f5-a13f-1904fcad26e7,,761
36061,mehwaralmokawma,2026-09-23,2026-09-23 00:00:00+03:00,2026-09-24 00:00:00+03:00,القصف المدفعي المعادي,قصف مدفعي,المنصوري,976,المنصوري,none,1,DUPLICATE_OF_NEWS,,,61ecb680-c0f2-46ee-9ec3-0f48878f4d25,,211
36061,mehwaralmokawma,2026-09-23,2026-09-23 00:00:00+03:00,2026-09-24 00:00:00+03:00,القصف المدفعي المعادي,قصف مدفعي,حداثا,601,حداثا,none,1,NOT_IN_INCIDENTS,NEWS_FAILED,error,,36018,
36061,mehwaralmokawma,2026-09-23,2026-09-23 00:00:00+03:00,2026-09-24 00:00:00+03:00,القصف المدفعي المعادي,قصف مدفعي,برعشيت,207,برعشيت,none,1,DUPLICATE_OF_NEWS,,,0259f952-04ee-4cc4-8656-64faca83b1e4,,803
36061,mehwaralmokawma,2026-09-23,2026-09-23 00:00:00+03:00,2026-09-24 00:00:00+03:00,القصف المدفعي المعادي,قذائف فوسفورية,زوطر الشرقيه مدفعي+فوسفوري,1519,زوطر الشرقية,none,1,DUPLICATE_OF_NEWS,,,8a63ad0c-22cb-495f-9556-f947ae500c66,,211
36061,mehwaralmokawma,2026-09-23,2026-09-23 00:00:00+03:00,2026-09-24 00:00:00+03:00,القصف المدفعي المعادي,قصف مدفعي,زوطر الشرقيه مدفعي+فوسفوري,1519,زوطر الشرقية,none,1,DUPLICATE_OF_NEWS,,,8a63ad0c-22cb-495f-9556-f947ae500c66,,211
36061,mehwaralmokawma,2026-09-23,2026-09-23 00:00:00+03:00,2026-09-24 00:00:00+03:00,القصف المدفعي المعادي,قصف مدفعي,دوحه كفررمان,851,كفر رمان,none,1,DUPLICATE_OF_NEWS,,,c63640ad-7e84-488f-b303-d0b0d208b459,,340
36061,mehwaralmokawma,2026-09-23,2026-09-23 00:00:00+03:00,2026-09-24 00:00:00+03:00,القصف المدفعي المعادي,قصف مدفعي,النبطيه الفوقا,1153,نبطية الفوقا,none,1,SAME_VILLAGE_OTHER_ACTION,قصف وغارات,,,,
36061,mehwaralmokawma,2026-09-23,2026-09-23 00:00:00+03:00,2026-09-24 00:00:00+03:00,التفجيرات التي نفذها العدو في البلدات الجنوبيه,تلغيم وتفجير,الخيام,901,الخيام,none,1,NOT_IN_INCIDENTS,NEWS_REJECTED,unspecified,,35988,
36061,mehwaralmokawma,2026-09-23,2026-09-23 00:00:00+03:00,2026-09-24 00:00:00+03:00,التفجيرات التي نفذها العدو في البلدات الجنوبيه,تلغيم وتفجير,المنصوري,976,المنصوري,none,1,SAME_VILLAGE_OTHER_ACTION,قصف مدفعي,,,,
36062,Janoubana,2026-09-23,2026-09-23 00:00:00+03:00,2026-09-24 00:00:00+03:00,الغارات من الطيران الحربي,قصف وغارات,الخيام,901,الخيام,none,1,NOT_IN_INCIDENTS,NEWS_REJECTED,unspecified,,35988,
36062,Janoubana,2026-09-23,2026-09-23 00:00:00+03:00,2026-09-24 00:00:00+03:00,الغارات من الطيران الحربي,قصف وغارات,القنطره,1228,قنطرة,none,1,NOT_IN_INCIDENTS,NEWS_FAILED,error,,35969;35957;36052;36050;36023,
36062,Janoubana,2026-09-23,2026-09-23 00:00:00+03:00,2026-09-24 00:00:00+03:00,الغارات من الطيران الحربي,قصف وغارات,وادي الحجير-القنطره,1219,قبريخا,between,1,NOT_IN_INCIDENTS,NEWS_FAILED,error,,35969;35957,
36062,Janoubana,2026-09-23,2026-09-23 00:00:00+03:00,2026-09-24 00:00:00+03:00,الغارات من الطيران الحربي,قصف وغارات,وادي السلوقي- اطراف شقرا,409,شقرا,none,1,NOT_IN_INCIDENTS,NEWS_NEVER_ARRIVED,,,,
36062,Janoubana,2026-09-23,2026-09-23 00:00:00+03:00,2026-09-24 00:00:00+03:00,القصف المدفعي المعادي,قصف مدفعي,وادي السلوقي | وادي السلوقي-طلوسه,1464,تولين,between,1,NOT_IN_INCIDENTS,NEWS_FAILED,error,,36032;36044;36029,
36062,Janoubana,2026-09-23,2026-09-23 00:00:00+03:00,2026-09-24 00:00:00+03:00,القصف المدفعي المعادي,قصف مدفعي,وادي الحجير,1219,قبريخا,none,1,NOT_IN_INCIDENTS,NEWS_FAILED,error,,35969;35957,
36062,Janoubana,2026-09-23,2026-09-23 00:00:00+03:00,2026-09-24 00:00:00+03:00,القصف المدفعي المعادي,قصف مدفعي,وادي زبقين,1523,زبقين,none,1,DUPLICATE_OF_NEWS,,,313403eb-c58c-4874-a98e-67a259523a10;5d87e4bb-89b7-44f5-a13f-1904fcad26e7,,778
36062,Janoubana,2026-09-23,2026-09-23 00:00:00+03:00,2026-09-24 00:00:00+03:00,القصف المدفعي المعادي,قصف مدفعي,المنصوري,976,المنصوري,none,1,DUPLICATE_OF_NEWS,,,61ecb680-c0f2-46ee-9ec3-0f48878f4d25,,228
36062,Janoubana,2026-09-23,2026-09-23 00:00:00+03:00,2026-09-24 00:00:00+03:00,القصف المدفعي المعادي,قصف مدفعي,حداثا,601,حداثا,none,1,NOT_IN_INCIDENTS,NEWS_FAILED,error,,36018,
36062,Janoubana,2026-09-23,2026-09-23 00:00:00+03:00,2026-09-24 00:00:00+03:00,القصف المدفعي المعادي,قصف مدفعي,برعشيت,207,برعشيت,none,1,DUPLICATE_OF_NEWS,,,0259f952-04ee-4cc4-8656-64faca83b1e4,,820
36062,Janoubana,2026-09-23,2026-09-23 00:00:00+03:00,2026-09-24 00:00:00+03:00,القصف المدفعي المعادي,قذائف فوسفورية,زوطر الشرقيه مدفعي+فوسفوري,1519,زوطر الشرقية,none,1,DUPLICATE_OF_NEWS,,,8a63ad0c-22cb-495f-9556-f947ae500c66,,228
36062,Janoubana,2026-09-23,2026-09-23 00:00:00+03:00,2026-09-24 00:00:00+03:00,القصف المدفعي المعادي,قصف مدفعي,زوطر الشرقيه مدفعي+فوسفوري,1519,زوطر الشرقية,none,1,DUPLICATE_OF_NEWS,,,8a63ad0c-22cb-495f-9556-f947ae500c66,,228
36062,Janoubana,2026-09-23,2026-09-23 00:00:00+03:00,2026-09-24 00:00:00+03:00,القصف المدفعي المعادي,قصف مدفعي,دوحه كفررمان,851,كفر رمان,none,1,DUPLICATE_OF_NEWS,,,c63640ad-7e84-488f-b303-d0b0d208b459,,356
36062,Janoubana,2026-09-23,2026-09-23 00:00:00+03:00,2026-09-24 00:00:00+03:00,القصف المدفعي المعادي,قصف مدفعي,النبطيه الفوقا,1153,نبطية الفوقا,none,1,SAME_VILLAGE_OTHER_ACTION,قصف وغارات,,,,
36062,Janoubana,2026-09-23,2026-09-23 00:00:00+03:00,2026-09-24 00:00:00+03:00,التفجيرات التي نفذها العدو,تلغيم وتفجير,الخيام,901,الخيام,none,1,NOT_IN_INCIDENTS,NEWS_REJECTED,unspecified,,35988,
36062,Janoubana,2026-09-23,2026-09-23 00:00:00+03:00,2026-09-24 00:00:00+03:00,التفجيرات التي نفذها العدو,تلغيم وتفجير,المنصوري,976,المنصوري,none,1,SAME_VILLAGE_OTHER_ACTION,قصف مدفعي,,,,
36067,nabatiehchannel; sameralhajali,2026-09-23,2026-09-23 00:00:00+03:00,2026-09-24 00:00:00+03:00,الغارات التي نفذها الطيران الحربي المعادي,قصف وغارات,الخيام,901,الخيام,none,1,NOT_IN_INCIDENTS,NEWS_REJECTED,unspecified,,35988,
36067,nabatiehchannel; sameralhajali,2026-09-23,2026-09-23 00:00:00+03:00,2026-09-24 00:00:00+03:00,الغارات التي نفذها الطيران الحربي المعادي,قصف وغارات,القنطره,1228,قنطرة,none,1,NOT_IN_INCIDENTS,NEWS_FAILED,error,,35969;35957;36052;36050;36023,
36067,nabatiehchannel; sameralhajali,2026-09-23,2026-09-23 00:00:00+03:00,2026-09-24 00:00:00+03:00,الغارات التي نفذها الطيران الحربي المعادي,قصف وغارات,وادي الحجير-القنطره,1219,قبريخا,between,1,NOT_IN_INCIDENTS,NEWS_FAILED,error,,35969;35957,
36067,nabatiehchannel; sameralhajali,2026-09-23,2026-09-23 00:00:00+03:00,2026-09-24 00:00:00+03:00,الغارات التي نفذها الطيران الحربي المعادي,قصف وغارات,وادي السلوقي-حولا,1464,تولين,between,1,NOT_IN_INCIDENTS,NEWS_FAILED,error,,36032;36044;36029,
36067,nabatiehchannel; sameralhajali,2026-09-23,2026-09-23 00:00:00+03:00,2026-09-24 00:00:00+03:00,القصف المدفعي المعادي,قصف مدفعي,وادي السلوقي | وادي السلوقي-طلوسه,1464,تولين,between,1,NOT_IN_INCIDENTS,NEWS_FAILED,error,,36032;36044;36029,
36067,nabatiehchannel; sameralhajali,2026-09-23,2026-09-23 00:00:00+03:00,2026-09-24 00:00:00+03:00,القصف المدفعي المعادي,قصف مدفعي,وادي الحجير,1219,قبريخا,none,1,NOT_IN_INCIDENTS,NEWS_FAILED,error,,35969;35957,
36067,nabatiehchannel; sameralhajali,2026-09-23,2026-09-23 00:00:00+03:00,2026-09-24 00:00:00+03:00,القصف المدفعي المعادي,قصف مدفعي,وادي زبقين,1523,زبقين,none,1,DUPLICATE_OF_NEWS,,,313403eb-c58c-4874-a98e-67a259523a10;5d87e4bb-89b7-44f5-a13f-1904fcad26e7,,794
36067,nabatiehchannel; sameralhajali,2026-09-23,2026-09-23 00:00:00+03:00,2026-09-24 00:00:00+03:00,القصف المدفعي المعادي,قصف مدفعي,المنصوري,976,المنصوري,none,1,DUPLICATE_OF_NEWS,,,61ecb680-c0f2-46ee-9ec3-0f48878f4d25,,245
36067,nabatiehchannel; sameralhajali,2026-09-23,2026-09-23 00:00:00+03:00,2026-09-24 00:00:00+03:00,القصف المدفعي المعادي,قصف مدفعي,حداثا,601,حداثا,none,1,NOT_IN_INCIDENTS,NEWS_FAILED,error,,36018,
36067,nabatiehchannel; sameralhajali,2026-09-23,2026-09-23 00:00:00+03:00,2026-09-24 00:00:00+03:00,القصف المدفعي المعادي,قصف مدفعي,برعشيت,207,برعشيت,none,1,DUPLICATE_OF_NEWS,,,0259f952-04ee-4cc4-8656-64faca83b1e4,,837
36067,nabatiehchannel; sameralhajali,2026-09-23,2026-09-23 00:00:00+03:00,2026-09-24 00:00:00+03:00,القصف المدفعي المعادي,قذائف فوسفورية,زوطر الشرقيه مدفعي+فوسفوري,1519,زوطر الشرقية,none,1,DUPLICATE_OF_NEWS,,,8a63ad0c-22cb-495f-9556-f947ae500c66,,245
36067,nabatiehchannel; sameralhajali,2026-09-23,2026-09-23 00:00:00+03:00,2026-09-24 00:00:00+03:00,القصف المدفعي المعادي,قصف مدفعي,زوطر الشرقيه مدفعي+فوسفوري,1519,زوطر الشرقية,none,1,DUPLICATE_OF_NEWS,,,8a63ad0c-22cb-495f-9556-f947ae500c66,,245
36067,nabatiehchannel; sameralhajali,2026-09-23,2026-09-23 00:00:00+03:00,2026-09-24 00:00:00+03:00,القصف المدفعي المعادي,قصف مدفعي,دوحه كفررمان,851,كفر رمان,none,1,DUPLICATE_OF_NEWS,,,c63640ad-7e84-488f-b303-d0b0d208b459,,373
36067,nabatiehchannel; sameralhajali,2026-09-23,2026-09-23 00:00:00+03:00,2026-09-24 00:00:00+03:00,القصف المدفعي المعادي,قصف مدفعي,النبطيه الفوقا,1153,نبطية الفوقا,none,1,SAME_VILLAGE_OTHER_ACTION,قصف وغارات,,,,
36067,nabatiehchannel; sameralhajali,2026-09-23,2026-09-23 00:00:00+03:00,2026-09-24 00:00:00+03:00,التفجيرات التي نفذها العدو في البلدات الجنوبيه,تلغيم وتفجير,الخيام,901,الخيام,none,1,NOT_IN_INCIDENTS,NEWS_REJECTED,unspecified,,35988,
36067,nabatiehchannel; sameralhajali,2026-09-23,2026-09-23 00:00:00+03:00,2026-09-24 00:00:00+03:00,التفجيرات التي نفذها العدو في البلدات الجنوبيه,تلغيم وتفجير,المنصوري,976,المنصوري,none,1,SAME_VILLAGE_OTHER_ACTION,قصف مدفعي,,,,
36101,almanarnews; hashemsayed,2026-09-24,2026-09-24 00:00:00+03:00,2026-09-24 09:30:00+03:00,الغارات من الطائرات الحربيه,قصف وغارات,المنصوري,976,المنصوري,none,1,SAME_VILLAGE_OTHER_ACTION,قصف مدفعي,,,,
36101,almanarnews; hashemsayed,2026-09-24,2026-09-24 00:00:00+03:00,2026-09-24 09:30:00+03:00,التفجيرات المعاديه,تلغيم وتفجير,الخيام,901,الخيام,none,1,NOT_IN_INCIDENTS,NEWS_NEVER_ARRIVED,,,,
36101,almanarnews; hashemsayed,2026-09-24,2026-09-24 00:00:00+03:00,2026-09-24 09:30:00+03:00,التفجيرات المعاديه,تلغيم وتفجير,برعشيت,207,برعشيت,none,1,NOT_IN_INCIDENTS,NEWS_NEVER_ARRIVED,,,,
36101,almanarnews; hashemsayed,2026-09-24,2026-09-24 00:00:00+03:00,2026-09-24 09:30:00+03:00,القصف المدفعي المعادي,قصف مدفعي,زوطر الشرقيه,1519,زوطر الشرقية,none,1,NOT_IN_INCIDENTS,NEWS_NEVER_ARRIVED,,,,
36101,almanarnews; hashemsayed,2026-09-24,2026-09-24 00:00:00+03:00,2026-09-24 09:30:00+03:00,القصف المدفعي المعادي,قصف مدفعي,وادي السلوقي,1464,تولين,none,1,DUPLICATE_OF_NEWS,,,208d363f-8e63-4e69-8fe2-4824c35d5ac6,,-62
36101,almanarnews; hashemsayed,2026-09-24,2026-09-24 00:00:00+03:00,2026-09-24 09:30:00+03:00,القصف المدفعي المعادي,قصف مدفعي,ميفدون,1003,ميفدون,none,1,SAME_VILLAGE_OTHER_ACTION,قصف وغارات,,,,
36101,almanarnews; hashemsayed,2026-09-24,2026-09-24 00:00:00+03:00,2026-09-24 09:30:00+03:00,القصف المدفعي المعادي,قصف مدفعي,المنصوري,976,المنصوري,none,1,DUPLICATE_OF_NEWS,,,342972a6-9632-46d2-af7c-efbafb2d76de;86297b4b-dd91-4706-bf4b-0ca5034201dd;d2620fb3-cb41-460d-8b5e-43caca40dfb9,,95
36101,almanarnews; hashemsayed,2026-09-24,2026-09-24 00:00:00+03:00,2026-09-24 09:30:00+03:00,القصف المدفعي المعادي,قصف مدفعي,بيت ياحون,273,بيت ياحون,none,1,NOT_IN_INCIDENTS,NEWS_NEVER_ARRIVED,,,,
36101,almanarnews; hashemsayed,2026-09-24,2026-09-24 00:00:00+03:00,2026-09-24 09:30:00+03:00,التمشيط بالاسلحه الرشاشه,عملية تمشيط,برعشيت,207,برعشيت,none,1,NOT_IN_INCIDENTS,NEWS_NEVER_ARRIVED,,,,
36101,almanarnews; hashemsayed,2026-09-24,2026-09-24 00:00:00+03:00,2026-09-24 09:30:00+03:00,التمشيط بالاسلحه الرشاشه,عملية تمشيط,بيت ياحون,273,بيت ياحون,none,1,NOT_IN_INCIDENTS,NEWS_NEVER_ARRIVED,,,,
36102,mehwaralmokawma,2026-09-24,2026-09-24 00:00:00+03:00,2026-09-24 09:30:00+03:00,الغارات من الطائرات الحربيه,قصف وغارات,المنصوري,976,المنصوري,none,1,SAME_VILLAGE_OTHER_ACTION,قصف مدفعي,,,,
36102,mehwaralmokawma,2026-09-24,2026-09-24 00:00:00+03:00,2026-09-24 09:30:00+03:00,التفجيرات المعاديه,تلغيم وتفجير,الخيام,901,الخيام,none,1,NOT_IN_INCIDENTS,NEWS_NEVER_ARRIVED,,,,
36102,mehwaralmokawma,2026-09-24,2026-09-24 00:00:00+03:00,2026-09-24 09:30:00+03:00,التفجيرات المعاديه,تلغيم وتفجير,برعشيت,207,برعشيت,none,1,NOT_IN_INCIDENTS,NEWS_NEVER_ARRIVED,,,,
36102,mehwaralmokawma,2026-09-24,2026-09-24 00:00:00+03:00,2026-09-24 09:30:00+03:00,القصف المدفعي المعادي,قصف مدفعي,زوطر الشرقيه,1519,زوطر الشرقية,none,1,NOT_IN_INCIDENTS,NEWS_NEVER_ARRIVED,,,,
36102,mehwaralmokawma,2026-09-24,2026-09-24 00:00:00+03:00,2026-09-24 09:30:00+03:00,القصف المدفعي المعادي,قصف مدفعي,وادي السلوقي,1464,تولين,none,1,DUPLICATE_OF_NEWS,,,208d363f-8e63-4e69-8fe2-4824c35d5ac6,,-60
36102,mehwaralmokawma,2026-09-24,2026-09-24 00:00:00+03:00,2026-09-24 09:30:00+03:00,القصف المدفعي المعادي,قصف مدفعي,ميفدون,1003,ميفدون,none,1,SAME_VILLAGE_OTHER_ACTION,قصف وغارات,,,,
36102,mehwaralmokawma,2026-09-24,2026-09-24 00:00:00+03:00,2026-09-24 09:30:00+03:00,القصف المدفعي المعادي,قصف مدفعي,المنصوري,976,المنصوري,none,1,DUPLICATE_OF_NEWS,,,342972a6-9632-46d2-af7c-efbafb2d76de;86297b4b-dd91-4706-bf4b-0ca5034201dd;d2620fb3-cb41-460d-8b5e-43caca40dfb9,,96
36102,mehwaralmokawma,2026-09-24,2026-09-24 00:00:00+03:00,2026-09-24 09:30:00+03:00,القصف المدفعي المعادي,قصف مدفعي,بيت ياحون,273,بيت ياحون,none,1,NOT_IN_INCIDENTS,NEWS_NEVER_ARRIVED,,,,
36102,mehwaralmokawma,2026-09-24,2026-09-24 00:00:00+03:00,2026-09-24 09:30:00+03:00,التمشيط بالاسلحه الرشاشه,عملية تمشيط,برعشيت,207,برعشيت,none,1,NOT_IN_INCIDENTS,NEWS_NEVER_ARRIVED,,,,
36102,mehwaralmokawma,2026-09-24,2026-09-24 00:00:00+03:00,2026-09-24 09:30:00+03:00,التمشيط بالاسلحه الرشاشه,عملية تمشيط,بيت ياحون,273,بيت ياحون,none,1,NOT_IN_INCIDENTS,NEWS_NEVER_ARRIVED,,,,
36205,nabatiehchannel,2026-09-24,2026-09-24 00:00:00+03:00,2026-09-24 13:23:45+03:00,التفجيرات المعاديه,تلغيم وتفجير,الخيام,901,الخيام,none,1,NOT_IN_INCIDENTS,NEWS_NEVER_ARRIVED,,,,
36205,nabatiehchannel,2026-09-24,2026-09-24 00:00:00+03:00,2026-09-24 13:23:45+03:00,التفجيرات المعاديه,تلغيم وتفجير,برعشيت,207,برعشيت,none,1,NOT_IN_INCIDENTS,NEWS_NEVER_ARRIVED,,,,
36205,nabatiehchannel,2026-09-24,2026-09-24 00:00:00+03:00,2026-09-24 13:23:45+03:00,القصف المدفعي المعادي,قصف مدفعي,زوطر الشرقيه,1519,زوطر الشرقية,none,1,NOT_IN_INCIDENTS,NEWS_NEVER_ARRIVED,,,,
36205,nabatiehchannel,2026-09-24,2026-09-24 00:00:00+03:00,2026-09-24 13:23:45+03:00,القصف المدفعي المعادي,قصف مدفعي,وادي السلوقي | ووادي السلوقي لجهه شقرا,1464,تولين,none,1,DUPLICATE_OF_NEWS,,,208d363f-8e63-4e69-8fe2-4824c35d5ac6,,175
36205,nabatiehchannel,2026-09-24,2026-09-24 00:00:00+03:00,2026-09-24 13:23:45+03:00,القصف المدفعي المعادي,قصف مدفعي,ميفدون,1003,ميفدون,none,1,SAME_VILLAGE_OTHER_ACTION,قصف وغارات,,,,
36205,nabatiehchannel,2026-09-24,2026-09-24 00:00:00+03:00,2026-09-24 13:23:45+03:00,القصف المدفعي المعادي,قصف مدفعي,المنصوري,976,المنصوري,none,1,DUPLICATE_OF_NEWS,,,342972a6-9632-46d2-af7c-efbafb2d76de;86297b4b-dd91-4706-bf4b-0ca5034201dd;d2620fb3-cb41-460d-8b5e-43caca40dfb9,,332
36205,nabatiehchannel,2026-09-24,2026-09-24 00:00:00+03:00,2026-09-24 13:23:45+03:00,التمشيط بالاسلحه الرشاشه,عملية تمشيط,برعشيت,207,برعشيت,none,1,NOT_IN_INCIDENTS,NEWS_NEVER_ARRIVED,,,,
36205,nabatiehchannel,2026-09-24,2026-09-24 00:00:00+03:00,2026-09-24 13:23:45+03:00,التمشيط بالاسلحه الرشاشه,عملية تمشيط,بيت ياحون,273,بيت ياحون,none,1,SAME_VILLAGE_OTHER_ACTION,قصف مدفعي,,,,
36205,nabatiehchannel,2026-09-24,2026-09-24 00:00:00+03:00,2026-09-24 13:23:45+03:00,التمشيط بالاسلحه الرشاشه,قصف وغارات,الطيران الحربي المعادي اغار مستهدفا بلده المنصوري,976,المنصوري,none,1,DUPLICATE_OF_NEWS,,,1c04e93f-1f7d-4b22-b9aa-447b5342d774,,103
36205,nabatiehchannel,2026-09-24,2026-09-24 00:00:00+03:00,2026-09-24 13:23:45+03:00,قصف مدفعي معاد استهدف بلدات,قصف مدفعي,بيت ياحون,273,بيت ياحون,none,1,DUPLICATE_OF_NEWS,,,847a4f59-efaa-4f09-85e8-4337c2e6a474,,138
36205,nabatiehchannel,2026-09-24,2026-09-24 00:00:00+03:00,2026-09-24 13:23:45+03:00,قصف مدفعي معاد استهدف بلدات,قصف مدفعي,النبطيه الفوقا,1153,نبطية الفوقا,none,1,NOT_IN_INCIDENTS,NEWS_FAILED,error,,36148;36120;36124,
36205,nabatiehchannel,2026-09-24,2026-09-24 00:00:00+03:00,2026-09-24 13:23:45+03:00,قصف مدفعي معاد استهدف بلدات,قصف وغارات,اغار الطيران الحربي المعادي مستهدفا بلده بني حيان,205,بني حيان,none,1,DUPLICATE_OF_NEWS,,,551afb0f-9ac5-43af-8cc1-101537ed6731;2d9899b8-c709-4077-b61e-5ac4ed24d9ec,,137
36205,nabatiehchannel,2026-09-24,2026-09-24 00:00:00+03:00,2026-09-24 13:23:45+03:00,تفجير معادي,تلغيم وتفجير,بيت ياحون,273,بيت ياحون,none,1,SAME_VILLAGE_OTHER_ACTION,قصف مدفعي,,,,
36362,alichoeib1970,2026-09-24,2026-09-24 00:00:00+03:00,2026-09-24 23:57:05+03:00,الغارات التي نفذها الطيران الحربي المعادي,قصف وغارات,المنصوري,976,المنصوري,none,1,DUPLICATE_OF_NEWS,,,1c04e93f-1f7d-4b22-b9aa-447b5342d774,,736
36362,alichoeib1970,2026-09-24,2026-09-24 00:00:00+03:00,2026-09-24 23:57:05+03:00,الغارات التي نفذها الطيران الحربي المعادي,قصف وغارات,بني حيان,205,بني حيان,none,1,DUPLICATE_OF_NEWS,,,551afb0f-9ac5-43af-8cc1-101537ed6731;2d9899b8-c709-4077-b61e-5ac4ed24d9ec,,770
36362,alichoeib1970,2026-09-24,2026-09-24 00:00:00+03:00,2026-09-24 23:57:05+03:00,الغارات التي نفذها الطيران الحربي المعادي,قصف وغارات,القنطره,1228,قنطرة,none,1,DUPLICATE_OF_NEWS,,,7fd93a90-555c-4db9-a6be-416ef3eac272;7deb0c94-11fb-4355-ae87-cacffefc842e,,475
36362,alichoeib1970,2026-09-24,2026-09-24 00:00:00+03:00,2026-09-24 23:57:05+03:00,الغارات التي نفذها الطيران الحربي المعادي,قصف وغارات,كفرتبنيت,857,كفر تبنيت,none,1,DUPLICATE_OF_NEWS,,,18ec5ba2-d47a-46dd-8641-03187a4007d2;f06709e7-e61d-48de-8358-eee838a40f7c;6f69094e-e2a3-44ab-91d8-074d38d06a6e,,449
36362,alichoeib1970,2026-09-24,2026-09-24 00:00:00+03:00,2026-09-24 23:57:05+03:00,القصف المدفعي المعادي,قصف مدفعي,زوطر الشرقيه,1519,زوطر الشرقية,none,1,NOT_IN_INCIDENTS,NEWS_NEVER_ARRIVED,,,,
36362,alichoeib1970,2026-09-24,2026-09-24 00:00:00+03:00,2026-09-24 23:57:05+03:00,القصف المدفعي المعادي,قصف مدفعي,وادي السلوقي,1464,تولين,none,1,DUPLICATE_OF_NEWS,,,208d363f-8e63-4e69-8fe2-4824c35d5ac6,,809
36362,alichoeib1970,2026-09-24,2026-09-24 00:00:00+03:00,2026-09-24 23:57:05+03:00,القصف المدفعي المعادي,قصف مدفعي,ميفدون | بين ميفدون-زوطر الشرقيه,1003,ميفدون,between,1,SAME_VILLAGE_OTHER_ACTION,قصف وغارات,,,,
36362,alichoeib1970,2026-09-24,2026-09-24 00:00:00+03:00,2026-09-24 23:57:05+03:00,القصف المدفعي المعادي,قصف مدفعي,المنصوري | بيوت السياد,976,المنصوري,none,1,DUPLICATE_OF_NEWS,,,342972a6-9632-46d2-af7c-efbafb2d76de;86297b4b-dd91-4706-bf4b-0ca5034201dd;d2620fb3-cb41-460d-8b5e-43caca40dfb9,,965
36362,alichoeib1970,2026-09-24,2026-09-24 00:00:00+03:00,2026-09-24 23:57:05+03:00,القصف المدفعي المعادي,قصف مدفعي,حداثا,601,حداثا,none,1,SAME_VILLAGE_OTHER_ACTION,عملية تمشيط; قنابل مضيئة وحارقة,,,,
36362,alichoeib1970,2026-09-24,2026-09-24 00:00:00+03:00,2026-09-24 23:57:05+03:00,القصف المدفعي المعادي,قصف مدفعي,بيت ياحون,273,بيت ياحون,none,1,DUPLICATE_OF_NEWS,,,847a4f59-efaa-4f09-85e8-4337c2e6a474,,772
36362,alichoeib1970,2026-09-24,2026-09-24 00:00:00+03:00,2026-09-24 23:57:05+03:00,القصف المدفعي المعادي,قصف مدفعي,كونين,919,كونين,none,1,NOT_IN_INCIDENTS,NEWS_NEVER_ARRIVED,,,,
36362,alichoeib1970,2026-09-24,2026-09-24 00:00:00+03:00,2026-09-24 23:57:05+03:00,القصف المدفعي المعادي,قصف مدفعي,الخيام,901,الخيام,none,1,DUPLICATE_OF_NEWS,,,beb66a0b-739f-408a-a392-cecdbf4f4764,,289
36362,alichoeib1970,2026-09-24,2026-09-24 00:00:00+03:00,2026-09-24 23:57:05+03:00,القصف المدفعي المعادي,قصف مدفعي,دوحه كفررمان,851,كفر رمان,none,1,NOT_IN_INCIDENTS,NEWS_NEVER_ARRIVED,,,,
36362,alichoeib1970,2026-09-24,2026-09-24 00:00:00+03:00,2026-09-24 23:57:05+03:00,القصف المدفعي المعادي,قصف مدفعي,اطراف برعشيت,207,برعشيت,none,1,NOT_IN_INCIDENTS,NEWS_NEVER_ARRIVED,,,,
36362,alichoeib1970,2026-09-24,2026-09-24 00:00:00+03:00,2026-09-24 23:57:05+03:00,القصف المدفعي المعادي,قصف مدفعي,النبطيه الفوقا,1153,نبطية الفوقا,none,1,SAME_VILLAGE_OTHER_ACTION,قصف وغارات,,,,
36362,alichoeib1970,2026-09-24,2026-09-24 00:00:00+03:00,2026-09-24 23:57:05+03:00,القصف المدفعي المعادي,قصف مدفعي,بيت ليف,269,بيت ليف,none,1,NOT_IN_INCIDENTS,NEWS_NEVER_ARRIVED,,,,
36362,alichoeib1970,2026-09-24,2026-09-24 00:00:00+03:00,2026-09-24 23:57:05+03:00,القصف المدفعي المعادي,قصف مدفعي,وادي زبقين,1523,زبقين,none,1,DUPLICATE_OF_NEWS,,,0d83174b-fbe8-450c-aa7f-be78e9ee17d6;b672a907-5a6b-47ab-9ced-f7c7614e7098;d3d8977d-3083-4e73-a4ae-aa5ca8b03b7f,,-19
36362,alichoeib1970,2026-09-24,2026-09-24 00:00:00+03:00,2026-09-24 23:57:05+03:00,القصف المدفعي المعادي,قصف مدفعي,صربين,1412,صربين,none,1,NOT_IN_INCIDENTS,NEWS_NEVER_ARRIVED,,,,
36362,alichoeib1970,2026-09-24,2026-09-24 00:00:00+03:00,2026-09-24 23:57:05+03:00,التفجيرات التي نفذها العدو في البلدات الجنوبيه,تلغيم وتفجير,الخيام,901,الخيام,none,1,SAME_VILLAGE_OTHER_ACTION,قصف مدفعي,,,,
36362,alichoeib1970,2026-09-24,2026-09-24 00:00:00+03:00,2026-09-24 23:57:05+03:00,التفجيرات التي نفذها العدو في البلدات الجنوبيه,تلغيم وتفجير,برعشيت,207,برعشيت,none,1,NOT_IN_INCIDENTS,NEWS_NEVER_ARRIVED,,,,
36362,alichoeib1970,2026-09-24,2026-09-24 00:00:00+03:00,2026-09-24 23:57:05+03:00,التفجيرات التي نفذها العدو في البلدات الجنوبيه,تلغيم وتفجير,بيت ياحون,273,بيت ياحون,none,1,SAME_VILLAGE_OTHER_ACTION,قصف مدفعي,,,,
36362,alichoeib1970,2026-09-24,2026-09-24 00:00:00+03:00,2026-09-24 23:57:05+03:00,التفجيرات التي نفذها العدو في البلدات الجنوبيه,تلغيم وتفجير,المنصوري,976,المنصوري,none,1,SAME_VILLAGE_OTHER_ACTION,قصف مدفعي; قصف وغارات,,,,
36362,alichoeib1970,2026-09-24,2026-09-24 00:00:00+03:00,2026-09-24 23:57:05+03:00,القنابل المتفجره,قنابل,كفرشوبا,813,كفر شوبا,none,1,SAME_VILLAGE_OTHER_ACTION,قصف وغارات,,,,
36362,alichoeib1970,2026-09-24,2026-09-24 00:00:00+03:00,2026-09-24 23:57:05+03:00,القنابل المضيئه,قنابل مضيئة وحارقة,حداثا,601,حداثا,none,1,DUPLICATE_OF_NEWS,,,e081590c-ff61-42bd-b661-473e2e4496d7,,99
36362,alichoeib1970,2026-09-24,2026-09-24 00:00:00+03:00,2026-09-24 23:57:05+03:00,القنابل المضيئه,قنابل مضيئة وحارقة,الطيري,1457,طيري,none,1,NOT_IN_INCIDENTS,NEWS_FAILED,error,,36348;36349,
36362,alichoeib1970,2026-09-24,2026-09-24 00:00:00+03:00,2026-09-24 23:57:05+03:00,القنابل المضيئه,قنابل مضيئة وحارقة,كفرشوبا,813,كفر شوبا,none,1,SAME_VILLAGE_OTHER_ACTION,قصف وغارات,,,,
36363,nabatiehchannel; sameralhajali,2026-09-24,2026-09-24 00:00:00+03:00,2026-09-24 23:57:26+03:00,الغارات التي نفذها الطيران الحربي المعادي,قصف وغارات,المنصوري,976,المنصوري,none,1,DUPLICATE_OF_NEWS,,,1c04e93f-1f7d-4b22-b9aa-447b5342d774,,737
36363,nabatiehchannel; sameralhajali,2026-09-24,2026-09-24 00:00:00+03:00,2026-09-24 23:57:26+03:00,الغارات التي نفذها الطيران الحربي المعادي,قصف وغارات,بني حيان,205,بني حيان,none,1,DUPLICATE_OF_NEWS,,,551afb0f-9ac5-43af-8cc1-101537ed6731;2d9899b8-c709-4077-b61e-5ac4ed24d9ec,,770
36363,nabatiehchannel; sameralhajali,2026-09-24,2026-09-24 00:00:00+03:00,2026-09-24 23:57:26+03:00,الغارات التي نفذها الطيران الحربي المعادي,قصف وغارات,القنطره,1228,قنطرة,none,1,DUPLICATE_OF_NEWS,,,7fd93a90-555c-4db9-a6be-416ef3eac272;7deb0c94-11fb-4355-ae87-cacffefc842e,,475
36363,nabatiehchannel; sameralhajali,2026-09-24,2026-09-24 00:00:00+03:00,2026-09-24 23:57:26+03:00,الغارات التي نفذها الطيران الحربي المعادي,قصف وغارات,كفرتبنيت,857,كفر تبنيت,none,1,DUPLICATE_OF_NEWS,,,18ec5ba2-d47a-46dd-8641-03187a4007d2;f06709e7-e61d-48de-8358-eee838a40f7c;6f69094e-e2a3-44ab-91d8-074d38d06a6e,,449
36363,nabatiehchannel; sameralhajali,2026-09-24,2026-09-24 00:00:00+03:00,2026-09-24 23:57:26+03:00,القصف المدفعي المعادي,قصف مدفعي,زوطر الشرقيه,1519,زوطر الشرقية,none,1,NOT_IN_INCIDENTS,NEWS_NEVER_ARRIVED,,,,
36363,nabatiehchannel; sameralhajali,2026-09-24,2026-09-24 00:00:00+03:00,2026-09-24 23:57:26+03:00,القصف المدفعي المعادي,قصف مدفعي,وادي السلوقي,1464,تولين,none,1,DUPLICATE_OF_NEWS,,,208d363f-8e63-4e69-8fe2-4824c35d5ac6,,809
36363,nabatiehchannel; sameralhajali,2026-09-24,2026-09-24 00:00:00+03:00,2026-09-24 23:57:26+03:00,القصف المدفعي المعادي,قصف مدفعي,ميفدون | بين ميفدون-زوطر الشرقيه,1003,ميفدون,between,1,SAME_VILLAGE_OTHER_ACTION,قصف وغارات,,,,
36363,nabatiehchannel; sameralhajali,2026-09-24,2026-09-24 00:00:00+03:00,2026-09-24 23:57:26+03:00,القصف المدفعي المعادي,قصف مدفعي,المنصوري | بيوت السياد,976,المنصوري,none,1,DUPLICATE_OF_NEWS,,,342972a6-9632-46d2-af7c-efbafb2d76de;86297b4b-dd91-4706-bf4b-0ca5034201dd;d2620fb3-cb41-460d-8b5e-43caca40dfb9,,965
36363,nabatiehchannel; sameralhajali,2026-09-24,2026-09-24 00:00:00+03:00,2026-09-24 23:57:26+03:00,القصف المدفعي المعادي,قصف مدفعي,حداثا,601,حداثا,none,1,SAME_VILLAGE_OTHER_ACTION,عملية تمشيط; قنابل مضيئة وحارقة,,,,
36363,nabatiehchannel; sameralhajali,2026-09-24,2026-09-24 00:00:00+03:00,2026-09-24 23:57:26+03:00,القصف المدفعي المعادي,قصف مدفعي,بيت ياحون,273,بيت ياحون,none,1,DUPLICATE_OF_NEWS,,,847a4f59-efaa-4f09-85e8-4337c2e6a474,,772
36363,nabatiehchannel; sameralhajali,2026-09-24,2026-09-24 00:00:00+03:00,2026-09-24 23:57:26+03:00,القصف المدفعي المعادي,قصف مدفعي,كونين,919,كونين,none,1,NOT_IN_INCIDENTS,NEWS_NEVER_ARRIVED,,,,
36363,nabatiehchannel; sameralhajali,2026-09-24,2026-09-24 00:00:00+03:00,2026-09-24 23:57:26+03:00,القصف المدفعي المعادي,قصف مدفعي,الخيام,901,الخيام,none,1,DUPLICATE_OF_NEWS,,,beb66a0b-739f-408a-a392-cecdbf4f4764,,289
36363,nabatiehchannel; sameralhajali,2026-09-24,2026-09-24 00:00:00+03:00,2026-09-24 23:57:26+03:00,القصف المدفعي المعادي,قصف مدفعي,دوحه كفررمان,851,كفر رمان,none,1,NOT_IN_INCIDENTS,NEWS_NEVER_ARRIVED,,,,
36363,nabatiehchannel; sameralhajali,2026-09-24,2026-09-24 00:00:00+03:00,2026-09-24 23:57:26+03:00,القصف المدفعي المعادي,قصف مدفعي,اطراف برعشيت,207,برعشيت,none,1,NOT_IN_INCIDENTS,NEWS_NEVER_ARRIVED,,,,
36363,nabatiehchannel; sameralhajali,2026-09-24,2026-09-24 00:00:00+03:00,2026-09-24 23:57:26+03:00,القصف المدفعي المعادي,قصف مدفعي,النبطيه الفوقا,1153,نبطية الفوقا,none,1,SAME_VILLAGE_OTHER_ACTION,قصف وغارات,,,,
36363,nabatiehchannel; sameralhajali,2026-09-24,2026-09-24 00:00:00+03:00,2026-09-24 23:57:26+03:00,القصف المدفعي المعادي,قصف مدفعي,بيت ليف,269,بيت ليف,none,1,NOT_IN_INCIDENTS,NEWS_NEVER_ARRIVED,,,,
36363,nabatiehchannel; sameralhajali,2026-09-24,2026-09-24 00:00:00+03:00,2026-09-24 23:57:26+03:00,القصف المدفعي المعادي,قصف مدفعي,وادي زبقين,1523,زبقين,none,1,DUPLICATE_OF_NEWS,,,0d83174b-fbe8-450c-aa7f-be78e9ee17d6;b672a907-5a6b-47ab-9ced-f7c7614e7098;d3d8977d-3083-4e73-a4ae-aa5ca8b03b7f,,-19
36363,nabatiehchannel; sameralhajali,2026-09-24,2026-09-24 00:00:00+03:00,2026-09-24 23:57:26+03:00,القصف المدفعي المعادي,قصف مدفعي,صربين,1412,صربين,none,1,NOT_IN_INCIDENTS,NEWS_NEVER_ARRIVED,,,,
36363,nabatiehchannel; sameralhajali,2026-09-24,2026-09-24 00:00:00+03:00,2026-09-24 23:57:26+03:00,التفجيرات التي نفذها العدو في البلدات الجنوبيه,تلغيم وتفجير,الخيام,901,الخيام,none,1,SAME_VILLAGE_OTHER_ACTION,قصف مدفعي,,,,
36363,nabatiehchannel; sameralhajali,2026-09-24,2026-09-24 00:00:00+03:00,2026-09-24 23:57:26+03:00,التفجيرات التي نفذها العدو في البلدات الجنوبيه,تلغيم وتفجير,برعشيت,207,برعشيت,none,1,NOT_IN_INCIDENTS,NEWS_NEVER_ARRIVED,,,,
36363,nabatiehchannel; sameralhajali,2026-09-24,2026-09-24 00:00:00+03:00,2026-09-24 23:57:26+03:00,التفجيرات التي نفذها العدو في البلدات الجنوبيه,تلغيم وتفجير,بيت ياحون,273,بيت ياحون,none,1,SAME_VILLAGE_OTHER_ACTION,قصف مدفعي,,,,
36363,nabatiehchannel; sameralhajali,2026-09-24,2026-09-24 00:00:00+03:00,2026-09-24 23:57:26+03:00,التفجيرات التي نفذها العدو في البلدات الجنوبيه,تلغيم وتفجير,المنصوري,976,المنصوري,none,1,SAME_VILLAGE_OTHER_ACTION,قصف مدفعي; قصف وغارات,,,,
36363,nabatiehchannel; sameralhajali,2026-09-24,2026-09-24 00:00:00+03:00,2026-09-24 23:57:26+03:00,القنابل المتفجره,قنابل,كفرشوبا,813,كفر شوبا,none,1,SAME_VILLAGE_OTHER_ACTION,قصف وغارات,,,,
36363,nabatiehchannel; sameralhajali,2026-09-24,2026-09-24 00:00:00+03:00,2026-09-24 23:57:26+03:00,القنابل المضيئه,قنابل مضيئة وحارقة,حداثا,601,حداثا,none,1,DUPLICATE_OF_NEWS,,,e081590c-ff61-42bd-b661-473e2e4496d7,,99
36363,nabatiehchannel; sameralhajali,2026-09-24,2026-09-24 00:00:00+03:00,2026-09-24 23:57:26+03:00,القنابل المضيئه,قنابل مضيئة وحارقة,الطيري,1457,طيري,none,1,NOT_IN_INCIDENTS,NEWS_FAILED,error,,36348;36349,
36363,nabatiehchannel; sameralhajali,2026-09-24,2026-09-24 00:00:00+03:00,2026-09-24 23:57:26+03:00,القنابل المضيئه,قنابل مضيئة وحارقة,كفرشوبا,813,كفر شوبا,none,1,SAME_VILLAGE_OTHER_ACTION,قصف وغارات,,,,
36364,mehwaralmokawma,2026-09-24,2026-09-24 00:00:00+03:00,2026-09-25 00:00:00+03:00,الغارات التي نفذها الطيران الحربي المعادي,قصف وغارات,المنصوري,976,المنصوري,none,1,DUPLICATE_OF_NEWS,,,1c04e93f-1f7d-4b22-b9aa-447b5342d774,,739
36364,mehwaralmokawma,2026-09-24,2026-09-24 00:00:00+03:00,2026-09-25 00:00:00+03:00,الغارات التي نفذها الطيران الحربي المعادي,قصف وغارات,بني حيان,205,بني حيان,none,1,DUPLICATE_OF_NEWS,,,551afb0f-9ac5-43af-8cc1-101537ed6731;2d9899b8-c709-4077-b61e-5ac4ed24d9ec,,773
36364,mehwaralmokawma,2026-09-24,2026-09-24 00:00:00+03:00,2026-09-25 00:00:00+03:00,الغارات التي نفذها الطيران الحربي المعادي,قصف وغارات,القنطره,1228,قنطرة,none,1,DUPLICATE_OF_NEWS,,,7fd93a90-555c-4db9-a6be-416ef3eac272;7deb0c94-11fb-4355-ae87-cacffefc842e,,478
36364,mehwaralmokawma,2026-09-24,2026-09-24 00:00:00+03:00,2026-09-25 00:00:00+03:00,الغارات التي نفذها الطيران الحربي المعادي,قصف وغارات,كفرتبنيت,857,كفر تبنيت,none,1,DUPLICATE_OF_NEWS,,,18ec5ba2-d47a-46dd-8641-03187a4007d2;f06709e7-e61d-48de-8358-eee838a40f7c;6f69094e-e2a3-44ab-91d8-074d38d06a6e,,452
36364,mehwaralmokawma,2026-09-24,2026-09-24 00:00:00+03:00,2026-09-25 00:00:00+03:00,القصف المدفعي المعادي,قصف مدفعي,زوطر الشرقيه,1519,زوطر الشرقية,none,1,NOT_IN_INCIDENTS,NEWS_NEVER_ARRIVED,,,,
36364,mehwaralmokawma,2026-09-24,2026-09-24 00:00:00+03:00,2026-09-25 00:00:00+03:00,القصف المدفعي المعادي,قصف مدفعي,وادي السلوقي,1464,تولين,none,1,DUPLICATE_OF_NEWS,,,208d363f-8e63-4e69-8fe2-4824c35d5ac6,,812
36364,mehwaralmokawma,2026-09-24,2026-09-24 00:00:00+03:00,2026-09-25 00:00:00+03:00,القصف المدفعي المعادي,قصف مدفعي,ميفدون | بين ميفدون-زوطر الشرقيه,1003,ميفدون,between,1,SAME_VILLAGE_OTHER_ACTION,قصف وغارات,,,,
36364,mehwaralmokawma,2026-09-24,2026-09-24 00:00:00+03:00,2026-09-25 00:00:00+03:00,القصف المدفعي المعادي,قصف مدفعي,المنصوري | بيوت السياد,976,المنصوري,none,1,DUPLICATE_OF_NEWS,,,342972a6-9632-46d2-af7c-efbafb2d76de;86297b4b-dd91-4706-bf4b-0ca5034201dd;d2620fb3-cb41-460d-8b5e-43caca40dfb9,,968
36364,mehwaralmokawma,2026-09-24,2026-09-24 00:00:00+03:00,2026-09-25 00:00:00+03:00,القصف المدفعي المعادي,قصف مدفعي,حداثا,601,حداثا,none,1,SAME_VILLAGE_OTHER_ACTION,عملية تمشيط; قنابل مضيئة وحارقة,,,,
36364,mehwaralmokawma,2026-09-24,2026-09-24 00:00:00+03:00,2026-09-25 00:00:00+03:00,القصف المدفعي المعادي,قصف مدفعي,بيت ياحون,273,بيت ياحون,none,1,DUPLICATE_OF_NEWS,,,847a4f59-efaa-4f09-85e8-4337c2e6a474,,775
36364,mehwaralmokawma,2026-09-24,2026-09-24 00:00:00+03:00,2026-09-25 00:00:00+03:00,القصف المدفعي المعادي,قصف مدفعي,كونين,919,كونين,none,1,NOT_IN_INCIDENTS,NEWS_NEVER_ARRIVED,,,,
36364,mehwaralmokawma,2026-09-24,2026-09-24 00:00:00+03:00,2026-09-25 00:00:00+03:00,القصف المدفعي المعادي,قصف مدفعي,الخيام,901,الخيام,none,1,DUPLICATE_OF_NEWS,,,beb66a0b-739f-408a-a392-cecdbf4f4764,,292
36364,mehwaralmokawma,2026-09-24,2026-09-24 00:00:00+03:00,2026-09-25 00:00:00+03:00,القصف المدفعي المعادي,قصف مدفعي,دوحه كفررمان,851,كفر رمان,none,1,NOT_IN_INCIDENTS,NEWS_NEVER_ARRIVED,,,,
36364,mehwaralmokawma,2026-09-24,2026-09-24 00:00:00+03:00,2026-09-25 00:00:00+03:00,القصف المدفعي المعادي,قصف مدفعي,اطراف برعشيت,207,برعشيت,none,1,NOT_IN_INCIDENTS,NEWS_NEVER_ARRIVED,,,,
36364,mehwaralmokawma,2026-09-24,2026-09-24 00:00:00+03:00,2026-09-25 00:00:00+03:00,القصف المدفعي المعادي,قصف مدفعي,النبطيه الفوقا,1153,نبطية الفوقا,none,1,SAME_VILLAGE_OTHER_ACTION,قصف وغارات,,,,
36364,mehwaralmokawma,2026-09-24,2026-09-24 00:00:00+03:00,2026-09-25 00:00:00+03:00,القصف المدفعي المعادي,قصف مدفعي,بيت ليف,269,بيت ليف,none,1,NOT_IN_INCIDENTS,NEWS_NEVER_ARRIVED,,,,
36364,mehwaralmokawma,2026-09-24,2026-09-24 00:00:00+03:00,2026-09-25 00:00:00+03:00,القصف المدفعي المعادي,قصف مدفعي,وادي زبقين,1523,زبقين,none,1,DUPLICATE_OF_NEWS,,,0d83174b-fbe8-450c-aa7f-be78e9ee17d6;b672a907-5a6b-47ab-9ced-f7c7614e7098;d3d8977d-3083-4e73-a4ae-aa5ca8b03b7f,,-16
36364,mehwaralmokawma,2026-09-24,2026-09-24 00:00:00+03:00,2026-09-25 00:00:00+03:00,القصف المدفعي المعادي,قصف مدفعي,صربين,1412,صربين,none,1,NOT_IN_INCIDENTS,NEWS_NEVER_ARRIVED,,,,
36364,mehwaralmokawma,2026-09-24,2026-09-24 00:00:00+03:00,2026-09-25 00:00:00+03:00,التفجيرات التي نفذها العدو في البلدات الجنوبيه,تلغيم وتفجير,الخيام,901,الخيام,none,1,SAME_VILLAGE_OTHER_ACTION,قصف مدفعي,,,,
36364,mehwaralmokawma,2026-09-24,2026-09-24 00:00:00+03:00,2026-09-25 00:00:00+03:00,التفجيرات التي نفذها العدو في البلدات الجنوبيه,تلغيم وتفجير,برعشيت,207,برعشيت,none,1,NOT_IN_INCIDENTS,NEWS_NEVER_ARRIVED,,,,
36364,mehwaralmokawma,2026-09-24,2026-09-24 00:00:00+03:00,2026-09-25 00:00:00+03:00,التفجيرات التي نفذها العدو في البلدات الجنوبيه,تلغيم وتفجير,بيت ياحون,273,بيت ياحون,none,1,SAME_VILLAGE_OTHER_ACTION,قصف مدفعي,,,,
36364,mehwaralmokawma,2026-09-24,2026-09-24 00:00:00+03:00,2026-09-25 00:00:00+03:00,التفجيرات التي نفذها العدو في البلدات الجنوبيه,تلغيم وتفجير,المنصوري,976,المنصوري,none,1,SAME_VILLAGE_OTHER_ACTION,قصف مدفعي; قصف وغارات,,,,
36364,mehwaralmokawma,2026-09-24,2026-09-24 00:00:00+03:00,2026-09-25 00:00:00+03:00,القنابل المتفجره,قنابل,كفرشوبا,813,كفر شوبا,none,1,SAME_VILLAGE_OTHER_ACTION,قصف وغارات,,,,
36364,mehwaralmokawma,2026-09-24,2026-09-24 00:00:00+03:00,2026-09-25 00:00:00+03:00,القنابل المضيئه,قنابل مضيئة وحارقة,حداثا,601,حداثا,none,1,DUPLICATE_OF_NEWS,,,e081590c-ff61-42bd-b661-473e2e4496d7,,102
36364,mehwaralmokawma,2026-09-24,2026-09-24 00:00:00+03:00,2026-09-25 00:00:00+03:00,القنابل المضيئه,قنابل مضيئة وحارقة,الطيري,1457,طيري,none,1,NOT_IN_INCIDENTS,NEWS_FAILED,error,,36348;36349,
36364,mehwaralmokawma,2026-09-24,2026-09-24 00:00:00+03:00,2026-09-25 00:00:00+03:00,القنابل المضيئه,قنابل مضيئة وحارقة,كفرشوبا,813,كفر شوبا,none,1,SAME_VILLAGE_OTHER_ACTION,قصف وغارات,,,,
36376,Janoubana,2026-09-24,2026-09-24 00:00:00+03:00,2026-09-25 00:00:00+03:00,الغارات من الطيران الحربي المعادي,قصف وغارات,المنصوري,976,المنصوري,none,1,DUPLICATE_OF_NEWS,,,1c04e93f-1f7d-4b22-b9aa-447b5342d774,,751
36376,Janoubana,2026-09-24,2026-09-24 00:00:00+03:00,2026-09-25 00:00:00+03:00,الغارات من الطيران الحربي المعادي,قصف وغارات,بني حيان,205,بني حيان,none,1,DUPLICATE_OF_NEWS,,,551afb0f-9ac5-43af-8cc1-101537ed6731;2d9899b8-c709-4077-b61e-5ac4ed24d9ec,,785
36376,Janoubana,2026-09-24,2026-09-24 00:00:00+03:00,2026-09-25 00:00:00+03:00,الغارات من الطيران الحربي المعادي,قصف وغارات,القنطره,1228,قنطرة,none,1,DUPLICATE_OF_NEWS,,,7fd93a90-555c-4db9-a6be-416ef3eac272;7deb0c94-11fb-4355-ae87-cacffefc842e,,490
36376,Janoubana,2026-09-24,2026-09-24 00:00:00+03:00,2026-09-25 00:00:00+03:00,الغارات من الطيران الحربي المعادي,قصف وغارات,كفرتبنيت,857,كفر تبنيت,none,1,DUPLICATE_OF_NEWS,,,18ec5ba2-d47a-46dd-8641-03187a4007d2;f06709e7-e61d-48de-8358-eee838a40f7c;6f69094e-e2a3-44ab-91d8-074d38d06a6e,,464
36376,Janoubana,2026-09-24,2026-09-24 00:00:00+03:00,2026-09-25 00:00:00+03:00,القصف المدفعي المعادي,قصف مدفعي,زوطر الشرقيه,1519,زوطر الشرقية,none,1,NOT_IN_INCIDENTS,NEWS_NEVER_ARRIVED,,,,
36376,Janoubana,2026-09-24,2026-09-24 00:00:00+03:00,2026-09-25 00:00:00+03:00,القصف المدفعي المعادي,قصف مدفعي,وادي السلوقي,1464,تولين,none,1,DUPLICATE_OF_NEWS,,,208d363f-8e63-4e69-8fe2-4824c35d5ac6,,824
36376,Janoubana,2026-09-24,2026-09-24 00:00:00+03:00,2026-09-25 00:00:00+03:00,القصف المدفعي المعادي,قصف مدفعي,ميفدون | بين ميفدون-زوطر الشرقيه,1003,ميفدون,between,1,SAME_VILLAGE_OTHER_ACTION,قصف وغارات,,,,
36376,Janoubana,2026-09-24,2026-09-24 00:00:00+03:00,2026-09-25 00:00:00+03:00,القصف المدفعي المعادي,قصف مدفعي,المنصوري | بيوت السياد,976,المنصوري,none,1,DUPLICATE_OF_NEWS,,,342972a6-9632-46d2-af7c-efbafb2d76de;86297b4b-dd91-4706-bf4b-0ca5034201dd;d2620fb3-cb41-460d-8b5e-43caca40dfb9,,980
36376,Janoubana,2026-09-24,2026-09-24 00:00:00+03:00,2026-09-25 00:00:00+03:00,القصف المدفعي المعادي,قصف مدفعي,حداثا,601,حداثا,none,1,SAME_VILLAGE_OTHER_ACTION,عملية تمشيط; قنابل مضيئة وحارقة,,,,
36376,Janoubana,2026-09-24,2026-09-24 00:00:00+03:00,2026-09-25 00:00:00+03:00,القصف المدفعي المعادي,قصف مدفعي,بيت ياحون,273,بيت ياحون,none,1,DUPLICATE_OF_NEWS,,,847a4f59-efaa-4f09-85e8-4337c2e6a474,,787
36376,Janoubana,2026-09-24,2026-09-24 00:00:00+03:00,2026-09-25 00:00:00+03:00,القصف المدفعي المعادي,قصف مدفعي,كونين,919,كونين,none,1,NOT_IN_INCIDENTS,NEWS_NEVER_ARRIVED,,,,
36376,Janoubana,2026-09-24,2026-09-24 00:00:00+03:00,2026-09-25 00:00:00+03:00,القصف المدفعي المعادي,قصف مدفعي,الخيام,901,الخيام,none,1,DUPLICATE_OF_NEWS,,,beb66a0b-739f-408a-a392-cecdbf4f4764,,304
36376,Janoubana,2026-09-24,2026-09-24 00:00:00+03:00,2026-09-25 00:00:00+03:00,القصف المدفعي المعادي,قصف مدفعي,دوحه كفررمان,851,كفر رمان,none,1,NOT_IN_INCIDENTS,NEWS_NEVER_ARRIVED,,,,
36376,Janoubana,2026-09-24,2026-09-24 00:00:00+03:00,2026-09-25 00:00:00+03:00,القصف المدفعي المعادي,قصف مدفعي,اطراف برعشيت,207,برعشيت,none,1,NOT_IN_INCIDENTS,NEWS_NEVER_ARRIVED,,,,
36376,Janoubana,2026-09-24,2026-09-24 00:00:00+03:00,2026-09-25 00:00:00+03:00,القصف المدفعي المعادي,قصف مدفعي,النبطيه الفوقا,1153,نبطية الفوقا,none,1,SAME_VILLAGE_OTHER_ACTION,قصف وغارات,,,,
36376,Janoubana,2026-09-24,2026-09-24 00:00:00+03:00,2026-09-25 00:00:00+03:00,القصف المدفعي المعادي,قصف مدفعي,بيت ليف,269,بيت ليف,none,1,NOT_IN_INCIDENTS,NEWS_NEVER_ARRIVED,,,,
36376,Janoubana,2026-09-24,2026-09-24 00:00:00+03:00,2026-09-25 00:00:00+03:00,القصف المدفعي المعادي,قصف مدفعي,وادي زبقين,1523,زبقين,none,1,DUPLICATE_OF_NEWS,,,0d83174b-fbe8-450c-aa7f-be78e9ee17d6;b672a907-5a6b-47ab-9ced-f7c7614e7098;d3d8977d-3083-4e73-a4ae-aa5ca8b03b7f,,-4
36376,Janoubana,2026-09-24,2026-09-24 00:00:00+03:00,2026-09-25 00:00:00+03:00,القصف المدفعي المعادي,قصف مدفعي,صربين,1412,صربين,none,1,NOT_IN_INCIDENTS,NEWS_NEVER_ARRIVED,,,,
36376,Janoubana,2026-09-24,2026-09-24 00:00:00+03:00,2026-09-25 00:00:00+03:00,التفجيرات التي نفذها العدو,تلغيم وتفجير,الخيام,901,الخيام,none,1,SAME_VILLAGE_OTHER_ACTION,قصف مدفعي,,,,
36376,Janoubana,2026-09-24,2026-09-24 00:00:00+03:00,2026-09-25 00:00:00+03:00,التفجيرات التي نفذها العدو,تلغيم وتفجير,برعشيت,207,برعشيت,none,1,NOT_IN_INCIDENTS,NEWS_NEVER_ARRIVED,,,,
36376,Janoubana,2026-09-24,2026-09-24 00:00:00+03:00,2026-09-25 00:00:00+03:00,التفجيرات التي نفذها العدو,تلغيم وتفجير,بيت ياحون,273,بيت ياحون,none,1,SAME_VILLAGE_OTHER_ACTION,قصف مدفعي,,,,
36376,Janoubana,2026-09-24,2026-09-24 00:00:00+03:00,2026-09-25 00:00:00+03:00,التفجيرات التي نفذها العدو,تلغيم وتفجير,المنصوري,976,المنصوري,none,1,SAME_VILLAGE_OTHER_ACTION,قصف مدفعي; قصف وغارات,,,,
36376,Janoubana,2026-09-24,2026-09-24 00:00:00+03:00,2026-09-25 00:00:00+03:00,القنابل المتفجره,قنابل,كفرشوبا,813,كفر شوبا,none,1,SAME_VILLAGE_OTHER_ACTION,قصف وغارات,,,,
36376,Janoubana,2026-09-24,2026-09-24 00:00:00+03:00,2026-09-25 00:00:00+03:00,القنابل المضيئه,قنابل مضيئة وحارقة,حداثا,601,حداثا,none,1,DUPLICATE_OF_NEWS,,,e081590c-ff61-42bd-b661-473e2e4496d7,,114
36376,Janoubana,2026-09-24,2026-09-24 00:00:00+03:00,2026-09-25 00:00:00+03:00,القنابل المضيئه,قنابل مضيئة وحارقة,الطيري,1457,طيري,none,1,NOT_IN_INCIDENTS,NEWS_FAILED,error,,36348;36349,
36376,Janoubana,2026-09-24,2026-09-24 00:00:00+03:00,2026-09-25 00:00:00+03:00,القنابل المضيئه,قنابل مضيئة وحارقة,كفرشوبا,813,كفر شوبا,none,1,SAME_VILLAGE_OTHER_ACTION,قصف وغارات,,,,
36455,nabatiehchannel,2026-09-25,2026-09-25 00:00:00+03:00,2026-09-25 11:54:12+03:00,القصف المدفعي المعادي,قصف مدفعي,وادي زبقين,1523,زبقين,none,1,DUPLICATE_OF_NEWS,,,d3d8977d-3083-4e73-a4ae-aa5ca8b03b7f,,698
36455,nabatiehchannel,2026-09-25,2026-09-25 00:00:00+03:00,2026-09-25 11:54:12+03:00,القصف المدفعي المعادي,قصف مدفعي,وادي السلوقي,1464,تولين,none,1,DUPLICATE_OF_NEWS,,,d834913b-0126-4542-9a0f-9db133cfa1d2,,344
36455,nabatiehchannel,2026-09-25,2026-09-25 00:00:00+03:00,2026-09-25 11:54:12+03:00,القصف المدفعي المعادي,قصف مدفعي,اطراف كفرشوبا,813,كفر شوبا,none,1,NOT_IN_INCIDENTS,NEWS_NEVER_ARRIVED,,,,
36455,nabatiehchannel,2026-09-25,2026-09-25 00:00:00+03:00,2026-09-25 11:54:12+03:00,التمشيط بالاسلحه الرشاشه,عملية تمشيط,ميس الجبل,1079,ميس الجبل,none,1,NOT_IN_INCIDENTS,NEWS_NEVER_ARRIVED,,,,
36455,nabatiehchannel,2026-09-25,2026-09-25 00:00:00+03:00,2026-09-25 11:54:12+03:00,التمشيط بالاسلحه الرشاشه,قصف مدفعي,قصف مدفعي معادي استهدف بلده كفرتبنيت,857,كفر تبنيت,none,1,SAME_VILLAGE_OTHER_ACTION,قصف وغارات,,,,
36455,nabatiehchannel,2026-09-25,2026-09-25 00:00:00+03:00,2026-09-25 11:54:12+03:00,التمشيط بالاسلحه الرشاشه,عملية تمشيط,تمشيط بالاسلحه الرشاشه من بلده البياضه باتجاه بلده بيوت السياد,724,إسكندرونة,none,1,NOT_IN_INCIDENTS,NEWS_NEVER_ARRIVED,,,,
36455,nabatiehchannel,2026-09-25,2026-09-25 00:00:00+03:00,2026-09-25 11:54:12+03:00,التمشيط بالاسلحه الرشاشه,قصف مدفعي,قصف مدفعي معاد استهدف بلده حولا,701,حولا,none,1,NOT_IN_INCIDENTS,NEWS_NEVER_ARRIVED,,,,
33946,alichoeib1970,2026-09-25,2026-09-25 00:00:00+03:00,2026-09-25 13:57:19+03:00,التمشيط بالاسلحه الرشاشه,عملية تمشيط,باتجاه بلده المنصوري,976,المنصوري,none,1,NOT_IN_INCIDENTS,NEWS_NEVER_ARRIVED,,,,
33946,alichoeib1970,2026-09-25,2026-09-25 00:00:00+03:00,2026-09-25 13:57:19+03:00,التمشيط بالاسلحه الرشاشه,عملية تمشيط,باتجاه بلده زوطر الشرقيه,1519,زوطر الشرقية,none,1,SAME_VILLAGE_OTHER_ACTION,قصف مدفعي; قصف وغارات,,,,
33946,alichoeib1970,2026-09-25,2026-09-25 00:00:00+03:00,2026-09-25 13:57:19+03:00,القصف المدفعي,قصف مدفعي,استهدف اطراف بلده بيت ليف,269,بيت ليف,none,1,NOT_IN_INCIDENTS,NEWS_NEVER_ARRIVED,,,,
33946,alichoeib1970,2026-09-25,2026-09-25 00:00:00+03:00,2026-09-25 13:57:19+03:00,القصف المدفعي,قصف مدفعي,استهدف اطراف بلده زوطر الشرقيه,1519,زوطر الشرقية,none,1,DUPLICATE_OF_NEWS,,,e020a20e-71b6-45ad-8792-556edcec928c,,37
33948,mehwaralmokawma,2026-09-25,2026-09-25 00:00:00+03:00,2026-09-25 14:00:06+03:00,التمشيط بالاسلحه الرشاشه,عملية تمشيط,باتجاه بلده المنصوري,976,المنصوري,none,1,NOT_IN_INCIDENTS,NEWS_NEVER_ARRIVED,,,,
33948,mehwaralmokawma,2026-09-25,2026-09-25 00:00:00+03:00,2026-09-25 14:00:06+03:00,التمشيط بالاسلحه الرشاشه,عملية تمشيط,باتجاه بلده زوطر الشرقيه,1519,زوطر الشرقية,none,1,SAME_VILLAGE_OTHER_ACTION,قصف مدفعي; قصف وغارات,,,,
33948,mehwaralmokawma,2026-09-25,2026-09-25 00:00:00+03:00,2026-09-25 14:00:06+03:00,القصف المدفعي,قصف مدفعي,استهدف اطراف بلده بيت ليف,269,بيت ليف,none,1,NOT_IN_INCIDENTS,NEWS_NEVER_ARRIVED,,,,
33948,mehwaralmokawma,2026-09-25,2026-09-25 00:00:00+03:00,2026-09-25 14:00:06+03:00,القصف المدفعي,قصف مدفعي,استهدف اطراف بلده زوطر الشرقيه,1519,زوطر الشرقية,none,1,DUPLICATE_OF_NEWS,,,e020a20e-71b6-45ad-8792-556edcec928c,,39
36727,alichoeib1970,2026-09-25,2026-09-25 00:00:00+03:00,2026-09-25 23:56:28+03:00,الغارات التي نفذها الطيران الحربي المعادي,قصف وغارات,بني حيان,205,بني حيان,none,1,DUPLICATE_OF_NEWS,,,4d954dc8-eb68-493d-98bf-2aaed08ca3e0,,565
36727,alichoeib1970,2026-09-25,2026-09-25 00:00:00+03:00,2026-09-25 23:56:28+03:00,الغارات التي نفذها الطيران الحربي المعادي,قصف وغارات,زوطر الشرقيه,1519,زوطر الشرقية,none,1,DUPLICATE_OF_NEWS,,,bc95d8ad-2a8a-410b-82b2-f490bdaa0e6f,,613
36727,alichoeib1970,2026-09-25,2026-09-25 00:00:00+03:00,2026-09-25 23:56:28+03:00,الغارات التي نفذها الطيران الحربي المعادي,قصف وغارات,وادي السلوقي-القنطره,1464,تولين,between,1,DUPLICATE_OF_NEWS,,,91142463-f0ad-421b-a022-9d0034ec8ad8,,13
36727,alichoeib1970,2026-09-25,2026-09-25 00:00:00+03:00,2026-09-25 23:56:28+03:00,القصف المدفعي المعادي,قصف مدفعي,وادي زبقين,1523,زبقين,none,1,DUPLICATE_OF_NEWS,,,b452b08f-9556-4e5e-9893-34ae8339a492;d3d8977d-3083-4e73-a4ae-aa5ca8b03b7f,,239
36727,alichoeib1970,2026-09-25,2026-09-25 00:00:00+03:00,2026-09-25 23:56:28+03:00,القصف المدفعي المعادي,قصف مدفعي,وادي السلوقي,1464,تولين,none,1,DUPLICATE_OF_NEWS,,,ebb3ecb9-2e27-4fac-8f7d-b59f77a2cfbf;d834913b-0126-4542-9a0f-9db133cfa1d2,,15
36727,alichoeib1970,2026-09-25,2026-09-25 00:00:00+03:00,2026-09-25 23:56:28+03:00,القصف المدفعي المعادي,قصف مدفعي,كفرشوبا,813,كفر شوبا,none,1,NOT_IN_INCIDENTS,NEWS_NEVER_ARRIVED,,,,
36727,alichoeib1970,2026-09-25,2026-09-25 00:00:00+03:00,2026-09-25 23:56:28+03:00,القصف المدفعي المعادي,قصف مدفعي,كفرتبنيت,857,كفر تبنيت,none,1,SAME_VILLAGE_OTHER_ACTION,قصف وغارات,,,,
36727,alichoeib1970,2026-09-25,2026-09-25 00:00:00+03:00,2026-09-25 23:56:28+03:00,القصف المدفعي المعادي,قصف مدفعي,الهباريه,672,هبّارية,none,1,NOT_IN_INCIDENTS,NEWS_NEVER_ARRIVED,,,,
36727,alichoeib1970,2026-09-25,2026-09-25 00:00:00+03:00,2026-09-25 23:56:28+03:00,القصف المدفعي المعادي,قصف مدفعي,حولا,701,حولا,none,1,NOT_IN_INCIDENTS,NEWS_NEVER_ARRIVED,,,,
36727,alichoeib1970,2026-09-25,2026-09-25 00:00:00+03:00,2026-09-25 23:56:28+03:00,القصف المدفعي المعادي,قصف مدفعي,بيت ليف,269,بيت ليف,none,1,NOT_IN_INCIDENTS,NEWS_NEVER_ARRIVED,,,,
36727,alichoeib1970,2026-09-25,2026-09-25 00:00:00+03:00,2026-09-25 23:56:28+03:00,القصف المدفعي المعادي,قذائف فوسفورية,زوطر الشرقيه مدفعي+فوسفوري,1519,زوطر الشرقية,none,1,DUPLICATE_OF_NEWS,,,e020a20e-71b6-45ad-8792-556edcec928c,,636
36727,alichoeib1970,2026-09-25,2026-09-25 00:00:00+03:00,2026-09-25 23:56:28+03:00,القصف المدفعي المعادي,قصف مدفعي,زوطر الشرقيه مدفعي+فوسفوري,1519,زوطر الشرقية,none,1,DUPLICATE_OF_NEWS,,,e020a20e-71b6-45ad-8792-556edcec928c,,636
36727,alichoeib1970,2026-09-25,2026-09-25 00:00:00+03:00,2026-09-25 23:56:28+03:00,القصف المدفعي المعادي,قصف مدفعي,المنصوري,976,المنصوري,none,1,NOT_IN_INCIDENTS,NEWS_REJECTED,unspecified,,36552;36563,
36727,alichoeib1970,2026-09-25,2026-09-25 00:00:00+03:00,2026-09-25 23:56:28+03:00,القصف المدفعي المعادي,قصف مدفعي,حداثا,601,حداثا,none,1,SAME_VILLAGE_OTHER_ACTION,غير مصنف / بحاجة إلى مراجعة,,,,
36727,alichoeib1970,2026-09-25,2026-09-25 00:00:00+03:00,2026-09-25 23:56:28+03:00,القصف المدفعي المعادي,قصف مدفعي,صربين,1412,صربين,none,1,NOT_IN_INCIDENTS,NEWS_NEVER_ARRIVED,,,,
36727,alichoeib1970,2026-09-25,2026-09-25 00:00:00+03:00,2026-09-25 23:56:28+03:00,القصف المدفعي المعادي,قصف مدفعي,كونين,919,كونين,none,1,NOT_IN_INCIDENTS,NEWS_NEVER_ARRIVED,,,,
36727,alichoeib1970,2026-09-25,2026-09-25 00:00:00+03:00,2026-09-25 23:56:28+03:00,التفجيرات التي نفذها العدو في البلدات الجنوبيه,تلغيم وتفجير,ديرسريان,524,دير سريان,none,1,DUPLICATE_OF_NEWS,,,0adb9b5c-1d33-4c43-a594-3131cffe8fe1,,546
36727,alichoeib1970,2026-09-25,2026-09-25 00:00:00+03:00,2026-09-25 23:56:28+03:00,التفجيرات التي نفذها العدو في البلدات الجنوبيه,تلغيم وتفجير,المنصوري,976,المنصوري,none,1,NOT_IN_INCIDENTS,NEWS_REJECTED,unspecified,,36552;36563,
36727,alichoeib1970,2026-09-25,2026-09-25 00:00:00+03:00,2026-09-25 23:56:28+03:00,القنابل المضيئه,قنابل مضيئة وحارقة,حداثا,601,حداثا,none,1,SAME_VILLAGE_OTHER_ACTION,غير مصنف / بحاجة إلى مراجعة,,,,
36727,alichoeib1970,2026-09-25,2026-09-25 00:00:00+03:00,2026-09-25 23:56:28+03:00,القنابل المضيئه,قنابل مضيئة وحارقة,الطيري,1457,طيري,none,1,NOT_IN_INCIDENTS,NEWS_REJECTED,unspecified,,33909,
36728,nabatiehchannel; sameralhajali,2026-09-25,2026-09-25 00:00:00+03:00,2026-09-25 23:57:21+03:00,الغارات التي نفذها الطيران الحربي المعادي,قصف وغارات,بني حيان,205,بني حيان,none,1,DUPLICATE_OF_NEWS,,,4d954dc8-eb68-493d-98bf-2aaed08ca3e0,,566
36728,nabatiehchannel; sameralhajali,2026-09-25,2026-09-25 00:00:00+03:00,2026-09-25 23:57:21+03:00,الغارات التي نفذها الطيران الحربي المعادي,قصف وغارات,زوطر الشرقيه,1519,زوطر الشرقية,none,1,DUPLICATE_OF_NEWS,,,bc95d8ad-2a8a-410b-82b2-f490bdaa0e6f,,613
36728,nabatiehchannel; sameralhajali,2026-09-25,2026-09-25 00:00:00+03:00,2026-09-25 23:57:21+03:00,الغارات التي نفذها الطيران الحربي المعادي,قصف وغارات,وادي السلوقي-القنطره,1464,تولين,between,1,DUPLICATE_OF_NEWS,,,91142463-f0ad-421b-a022-9d0034ec8ad8,,13
36728,nabatiehchannel; sameralhajali,2026-09-25,2026-09-25 00:00:00+03:00,2026-09-25 23:57:21+03:00,القصف المدفعي المعادي,قصف مدفعي,وادي زبقين,1523,زبقين,none,1,DUPLICATE_OF_NEWS,,,b452b08f-9556-4e5e-9893-34ae8339a492;d3d8977d-3083-4e73-a4ae-aa5ca8b03b7f,,239
36728,nabatiehchannel; sameralhajali,2026-09-25,2026-09-25 00:00:00+03:00,2026-09-25 23:57:21+03:00,القصف المدفعي المعادي,قصف مدفعي,وادي السلوقي,1464,تولين,none,1,DUPLICATE_OF_NEWS,,,ebb3ecb9-2e27-4fac-8f7d-b59f77a2cfbf;d834913b-0126-4542-9a0f-9db133cfa1d2,,16
36728,nabatiehchannel; sameralhajali,2026-09-25,2026-09-25 00:00:00+03:00,2026-09-25 23:57:21+03:00,القصف المدفعي المعادي,قصف مدفعي,كفرشوبا,813,كفر شوبا,none,1,NOT_IN_INCIDENTS,NEWS_NEVER_ARRIVED,,,,
36728,nabatiehchannel; sameralhajali,2026-09-25,2026-09-25 00:00:00+03:00,2026-09-25 23:57:21+03:00,القصف المدفعي المعادي,قصف مدفعي,كفرتبنيت,857,كفر تبنيت,none,1,SAME_VILLAGE_OTHER_ACTION,قصف وغارات,,,,
36728,nabatiehchannel; sameralhajali,2026-09-25,2026-09-25 00:00:00+03:00,2026-09-25 23:57:21+03:00,القصف المدفعي المعادي,قصف مدفعي,الهباريه,672,هبّارية,none,1,NOT_IN_INCIDENTS,NEWS_NEVER_ARRIVED,,,,
36728,nabatiehchannel; sameralhajali,2026-09-25,2026-09-25 00:00:00+03:00,2026-09-25 23:57:21+03:00,القصف المدفعي المعادي,قصف مدفعي,حولا,701,حولا,none,1,NOT_IN_INCIDENTS,NEWS_NEVER_ARRIVED,,,,
36728,nabatiehchannel; sameralhajali,2026-09-25,2026-09-25 00:00:00+03:00,2026-09-25 23:57:21+03:00,القصف المدفعي المعادي,قصف مدفعي,بيت ليف,269,بيت ليف,none,1,NOT_IN_INCIDENTS,NEWS_NEVER_ARRIVED,,,,
36728,nabatiehchannel; sameralhajali,2026-09-25,2026-09-25 00:00:00+03:00,2026-09-25 23:57:21+03:00,القصف المدفعي المعادي,قذائف فوسفورية,زوطر الشرقيه مدفعي+فوسفوري,1519,زوطر الشرقية,none,1,DUPLICATE_OF_NEWS,,,e020a20e-71b6-45ad-8792-556edcec928c,,637
36728,nabatiehchannel; sameralhajali,2026-09-25,2026-09-25 00:00:00+03:00,2026-09-25 23:57:21+03:00,القصف المدفعي المعادي,قصف مدفعي,زوطر الشرقيه مدفعي+فوسفوري,1519,زوطر الشرقية,none,1,DUPLICATE_OF_NEWS,,,e020a20e-71b6-45ad-8792-556edcec928c,,637
36728,nabatiehchannel; sameralhajali,2026-09-25,2026-09-25 00:00:00+03:00,2026-09-25 23:57:21+03:00,القصف المدفعي المعادي,قصف مدفعي,المنصوري,976,المنصوري,none,1,NOT_IN_INCIDENTS,NEWS_REJECTED,unspecified,,36552;36563,
36728,nabatiehchannel; sameralhajali,2026-09-25,2026-09-25 00:00:00+03:00,2026-09-25 23:57:21+03:00,القصف المدفعي المعادي,قصف مدفعي,حداثا,601,حداثا,none,1,SAME_VILLAGE_OTHER_ACTION,غير مصنف / بحاجة إلى مراجعة,,,,
36728,nabatiehchannel; sameralhajali,2026-09-25,2026-09-25 00:00:00+03:00,2026-09-25 23:57:21+03:00,القصف المدفعي المعادي,قصف مدفعي,صربين,1412,صربين,none,1,NOT_IN_INCIDENTS,NEWS_NEVER_ARRIVED,,,,
36728,nabatiehchannel; sameralhajali,2026-09-25,2026-09-25 00:00:00+03:00,2026-09-25 23:57:21+03:00,القصف المدفعي المعادي,قصف مدفعي,كونين,919,كونين,none,1,NOT_IN_INCIDENTS,NEWS_NEVER_ARRIVED,,,,
36728,nabatiehchannel; sameralhajali,2026-09-25,2026-09-25 00:00:00+03:00,2026-09-25 23:57:21+03:00,التفجيرات التي نفذها العدو في البلدات الجنوبيه,تلغيم وتفجير,ديرسريان,524,دير سريان,none,1,DUPLICATE_OF_NEWS,,,0adb9b5c-1d33-4c43-a594-3131cffe8fe1,,546
36728,nabatiehchannel; sameralhajali,2026-09-25,2026-09-25 00:00:00+03:00,2026-09-25 23:57:21+03:00,التفجيرات التي نفذها العدو في البلدات الجنوبيه,تلغيم وتفجير,المنصوري,976,المنصوري,none,1,NOT_IN_INCIDENTS,NEWS_REJECTED,unspecified,,36552;36563,
36728,nabatiehchannel; sameralhajali,2026-09-25,2026-09-25 00:00:00+03:00,2026-09-25 23:57:21+03:00,القنابل المضيئه,قنابل مضيئة وحارقة,حداثا,601,حداثا,none,1,SAME_VILLAGE_OTHER_ACTION,غير مصنف / بحاجة إلى مراجعة,,,,
36728,nabatiehchannel; sameralhajali,2026-09-25,2026-09-25 00:00:00+03:00,2026-09-25 23:57:21+03:00,القنابل المضيئه,قنابل مضيئة وحارقة,الطيري,1457,طيري,none,1,NOT_IN_INCIDENTS,NEWS_REJECTED,unspecified,,33909,
36743,Janoubana,2026-09-25,2026-09-25 00:00:00+03:00,2026-09-26 00:00:00+03:00,الغارات من الطيران الحربي المعادي,قصف وغارات,بني حيان,205,بني حيان,none,1,DUPLICATE_OF_NEWS,,,4d954dc8-eb68-493d-98bf-2aaed08ca3e0,,569
36743,Janoubana,2026-09-25,2026-09-25 00:00:00+03:00,2026-09-26 00:00:00+03:00,الغارات من الطيران الحربي المعادي,قصف وغارات,زوطر الشرقيه,1519,زوطر الشرقية,none,1,DUPLICATE_OF_NEWS,,,bc95d8ad-2a8a-410b-82b2-f490bdaa0e6f,,616
36743,Janoubana,2026-09-25,2026-09-25 00:00:00+03:00,2026-09-26 00:00:00+03:00,الغارات من الطيران الحربي المعادي,قصف وغارات,وادي السلوقي-القنطره,1464,تولين,between,1,DUPLICATE_OF_NEWS,,,91142463-f0ad-421b-a022-9d0034ec8ad8,,16
36743,Janoubana,2026-09-25,2026-09-25 00:00:00+03:00,2026-09-26 00:00:00+03:00,القصف المدفعي المعادي,قصف مدفعي,وادي زبقين,1523,زبقين,none,1,DUPLICATE_OF_NEWS,,,b452b08f-9556-4e5e-9893-34ae8339a492;d3d8977d-3083-4e73-a4ae-aa5ca8b03b7f,,242
36743,Janoubana,2026-09-25,2026-09-25 00:00:00+03:00,2026-09-26 00:00:00+03:00,القصف المدفعي المعادي,قصف مدفعي,وادي السلوقي,1464,تولين,none,1,DUPLICATE_OF_NEWS,,,ebb3ecb9-2e27-4fac-8f7d-b59f77a2cfbf;d834913b-0126-4542-9a0f-9db133cfa1d2,,19
36743,Janoubana,2026-09-25,2026-09-25 00:00:00+03:00,2026-09-26 00:00:00+03:00,القصف المدفعي المعادي,قصف مدفعي,كفرشوبا,813,كفر شوبا,none,1,NOT_IN_INCIDENTS,NEWS_NEVER_ARRIVED,,,,
36743,Janoubana,2026-09-25,2026-09-25 00:00:00+03:00,2026-09-26 00:00:00+03:00,القصف المدفعي المعادي,قصف مدفعي,كفرتبنيت,857,كفر تبنيت,none,1,SAME_VILLAGE_OTHER_ACTION,قصف وغارات,,,,
36743,Janoubana,2026-09-25,2026-09-25 00:00:00+03:00,2026-09-26 00:00:00+03:00,القصف المدفعي المعادي,قصف مدفعي,الهباريه,672,هبّارية,none,1,NOT_IN_INCIDENTS,NEWS_NEVER_ARRIVED,,,,
36743,Janoubana,2026-09-25,2026-09-25 00:00:00+03:00,2026-09-26 00:00:00+03:00,القصف المدفعي المعادي,قصف مدفعي,حولا,701,حولا,none,1,NOT_IN_INCIDENTS,NEWS_NEVER_ARRIVED,,,,
36743,Janoubana,2026-09-25,2026-09-25 00:00:00+03:00,2026-09-26 00:00:00+03:00,القصف المدفعي المعادي,قصف مدفعي,بيت ليف,269,بيت ليف,none,1,NOT_IN_INCIDENTS,NEWS_NEVER_ARRIVED,,,,
36743,Janoubana,2026-09-25,2026-09-25 00:00:00+03:00,2026-09-26 00:00:00+03:00,القصف المدفعي المعادي,قذائف فوسفورية,زوطر الشرقيه مدفعي+فوسفوري,1519,زوطر الشرقية,none,1,DUPLICATE_OF_NEWS,,,e020a20e-71b6-45ad-8792-556edcec928c,,640
36743,Janoubana,2026-09-25,2026-09-25 00:00:00+03:00,2026-09-26 00:00:00+03:00,القصف المدفعي المعادي,قصف مدفعي,زوطر الشرقيه مدفعي+فوسفوري,1519,زوطر الشرقية,none,1,DUPLICATE_OF_NEWS,,,e020a20e-71b6-45ad-8792-556edcec928c,,640
36743,Janoubana,2026-09-25,2026-09-25 00:00:00+03:00,2026-09-26 00:00:00+03:00,القصف المدفعي المعادي,قصف مدفعي,المنصوري,976,المنصوري,none,1,NOT_IN_INCIDENTS,NEWS_REJECTED,unspecified,,36552;36563,
36743,Janoubana,2026-09-25,2026-09-25 00:00:00+03:00,2026-09-26 00:00:00+03:00,القصف المدفعي المعادي,قصف مدفعي,حداثا,601,حداثا,none,1,SAME_VILLAGE_OTHER_ACTION,غير مصنف / بحاجة إلى مراجعة,,,,
36743,Janoubana,2026-09-25,2026-09-25 00:00:00+03:00,2026-09-26 00:00:00+03:00,القصف المدفعي المعادي,قصف مدفعي,صربين,1412,صربين,none,1,NOT_IN_INCIDENTS,NEWS_NEVER_ARRIVED,,,,
36743,Janoubana,2026-09-25,2026-09-25 00:00:00+03:00,2026-09-26 00:00:00+03:00,القصف المدفعي المعادي,قصف مدفعي,كونين,919,كونين,none,1,NOT_IN_INCIDENTS,NEWS_NEVER_ARRIVED,,,,
36743,Janoubana,2026-09-25,2026-09-25 00:00:00+03:00,2026-09-26 00:00:00+03:00,التفجيرات التي نفذها العدو في البلدات الجنوبيه,تلغيم وتفجير,ديرسريان,524,دير سريان,none,1,DUPLICATE_OF_NEWS,,,0adb9b5c-1d33-4c43-a594-3131cffe8fe1,,549
36743,Janoubana,2026-09-25,2026-09-25 00:00:00+03:00,2026-09-26 00:00:00+03:00,التفجيرات التي نفذها العدو في البلدات الجنوبيه,تلغيم وتفجير,المنصوري,976,المنصوري,none,1,NOT_IN_INCIDENTS,NEWS_REJECTED,unspecified,,36552;36563,
36743,Janoubana,2026-09-25,2026-09-25 00:00:00+03:00,2026-09-26 00:00:00+03:00,القنابل المضيئه,قنابل مضيئة وحارقة,حداثا,601,حداثا,none,1,SAME_VILLAGE_OTHER_ACTION,غير مصنف / بحاجة إلى مراجعة,,,,
36743,Janoubana,2026-09-25,2026-09-25 00:00:00+03:00,2026-09-26 00:00:00+03:00,القنابل المضيئه,قنابل مضيئة وحارقة,الطيري,1457,طيري,none,1,NOT_IN_INCIDENTS,NEWS_REJECTED,unspecified,,33909,
37314,alichoeib1970,2026-09-26,2026-09-26 00:00:00+03:00,2026-09-26 23:59:03+03:00,الغارات التي نفذها الطيران الحربي المعادي,قصف وغارات,جبل الرفيع,851,كفر رمان,none,1,SAME_VILLAGE_OTHER_ACTION,قصف مدفعي,,,,
37314,alichoeib1970,2026-09-26,2026-09-26 00:00:00+03:00,2026-09-26 23:59:03+03:00,الغارات التي نفذها الطيران الحربي المعادي,قصف وغارات,المنصوري,976,المنصوري,none,1,DUPLICATE_OF_NEWS,,,24a3b4bb-618c-4d91-ae86-b7c68efa0946;c1850e19-8967-4685-bb40-f71a7f239879,,71
37314,alichoeib1970,2026-09-26,2026-09-26 00:00:00+03:00,2026-09-26 23:59:03+03:00,القصف المدفعي المعادي,قصف مدفعي,وادي زبقين,1523,زبقين,none,1,NOT_IN_INCIDENTS,NEWS_NEVER_ARRIVED,,,,
37314,alichoeib1970,2026-09-26,2026-09-26 00:00:00+03:00,2026-09-26 23:59:03+03:00,القصف المدفعي المعادي,قصف مدفعي,دوحه كفررمان,851,كفر رمان,none,1,DUPLICATE_OF_NEWS,,,0a2a27f8-e1d1-4676-9570-78300953663e;e167e5d7-5f16-4278-a0f4-89b7ba463976,,62
37314,alichoeib1970,2026-09-26,2026-09-26 00:00:00+03:00,2026-09-26 23:59:03+03:00,القصف المدفعي المعادي,قصف مدفعي,وادي السلوقي – محيط شقرا,1464,تولين,none,1,DUPLICATE_OF_NEWS,,,ebb3ecb9-2e27-4fac-8f7d-b59f77a2cfbf,,1458
37314,alichoeib1970,2026-09-26,2026-09-26 00:00:00+03:00,2026-09-26 23:59:03+03:00,القصف المدفعي المعادي,قصف مدفعي,وادي السلوقي – محيط شقرا,409,شقرا,none,1,SAME_VILLAGE_OTHER_ACTION,غير مصنف / بحاجة إلى مراجعة,,,,
37314,alichoeib1970,2026-09-26,2026-09-26 00:00:00+03:00,2026-09-26 23:59:03+03:00,القصف المدفعي المعادي,قصف مدفعي,المنصوري,976,المنصوري,none,1,DUPLICATE_OF_NEWS,,,97b46e56-a17a-4a68-93ad-e9dba379d285,,39
37314,alichoeib1970,2026-09-26,2026-09-26 00:00:00+03:00,2026-09-26 23:59:03+03:00,القصف المدفعي المعادي,قصف مدفعي,زوطر الشرقيه,1519,زوطر الشرقية,none,1,DUPLICATE_OF_NEWS,,,aed1d4a2-4673-4272-9ace-1d8e175b28b5,,149
37314,alichoeib1970,2026-09-26,2026-09-26 00:00:00+03:00,2026-09-26 23:59:03+03:00,القصف المدفعي المعادي,قصف مدفعي,كفرتبنيت,857,كفر تبنيت,none,1,SAME_VILLAGE_OTHER_ACTION,قصف وغارات,,,,
37314,alichoeib1970,2026-09-26,2026-09-26 00:00:00+03:00,2026-09-26 23:59:03+03:00,القصف المدفعي المعادي,قصف مدفعي,بيت ياحون,273,بيت ياحون,none,1,NOT_IN_INCIDENTS,NEWS_REJECTED,unspecified,,36943,
37314,alichoeib1970,2026-09-26,2026-09-26 00:00:00+03:00,2026-09-26 23:59:03+03:00,القصف المدفعي المعادي,قصف مدفعي,برعشيت,207,برعشيت,none,1,NOT_IN_INCIDENTS,NEWS_WRONG_VILLAGE,الخريبة; كفر شوبا; كونين,,37274;37020;37022,
37314,alichoeib1970,2026-09-26,2026-09-26 00:00:00+03:00,2026-09-26 23:59:03+03:00,القصف المدفعي المعادي,قصف مدفعي,حداثا,601,حداثا,none,1,DUPLICATE_OF_NEWS,,,7ce713da-41ca-485a-9b1e-b177fa94252b,,493
37314,alichoeib1970,2026-09-26,2026-09-26 00:00:00+03:00,2026-09-26 23:59:03+03:00,القصف المدفعي المعادي,قصف مدفعي,ميس الجبل,1079,ميس الجبل,none,1,SAME_VILLAGE_OTHER_ACTION,تلغيم وتفجير,,,,
37314,alichoeib1970,2026-09-26,2026-09-26 00:00:00+03:00,2026-09-26 23:59:03+03:00,التفجيرات التي نفذها العدو في البلدات الجنوبيه,تلغيم وتفجير,برعشيت | برعشيت – بيت ياحون | برعشيت – كونين,207,برعشيت,between,1,NOT_IN_INCIDENTS,NEWS_WRONG_VILLAGE,الخريبة; كفر شوبا; كونين,,37274;37020;37022,
37314,alichoeib1970,2026-09-26,2026-09-26 00:00:00+03:00,2026-09-26 23:59:03+03:00,التفجيرات التي نفذها العدو في البلدات الجنوبيه,تلغيم وتفجير,الطيري,1457,طيري,none,1,NOT_IN_INCIDENTS,NEWS_REJECTED,unspecified,,34101;34146;36943,
37314,alichoeib1970,2026-09-26,2026-09-26 00:00:00+03:00,2026-09-26 23:59:03+03:00,التفجيرات التي نفذها العدو في البلدات الجنوبيه,تلغيم وتفجير,مجدل زون,969,مجدل زون,none,1,DUPLICATE_OF_NEWS,,,b41f33c3-93a8-4445-92b4-a97f0209054c,,416
37314,alichoeib1970,2026-09-26,2026-09-26 00:00:00+03:00,2026-09-26 23:59:03+03:00,التفجيرات التي نفذها العدو في البلدات الجنوبيه,تلغيم وتفجير,المنصوري – مجدل زون,976,المنصوري,between,1,DUPLICATE_OF_NEWS,,,b41f33c3-93a8-4445-92b4-a97f0209054c,,416
37314,alichoeib1970,2026-09-26,2026-09-26 00:00:00+03:00,2026-09-26 23:59:03+03:00,التفجيرات التي نفذها العدو في البلدات الجنوبيه,تلغيم وتفجير,ميس الجبل,1079,ميس الجبل,none,1,DUPLICATE_OF_NEWS,,,65dbc8bb-641a-4ed2-8bbc-7db23ca69f44,,416
37314,alichoeib1970,2026-09-26,2026-09-26 00:00:00+03:00,2026-09-26 23:59:03+03:00,التفجيرات التي نفذها العدو في البلدات الجنوبيه,تلغيم وتفجير,الخيام,901,الخيام,none,1,NOT_IN_INCIDENTS,NEWS_REJECTED,unspecified,,36906,
37314,alichoeib1970,2026-09-26,2026-09-26 00:00:00+03:00,2026-09-26 23:59:03+03:00,القنابل المضيئه,قنابل مضيئة وحارقة,المنصوري (جب السويد),976,المنصوري,none,1,DUPLICATE_OF_NEWS,,,89872ea5-ef6a-4c57-b303-ddc6805daa2f,,44
37336,mehwaralmokawma,2026-09-26,2026-09-26 00:00:00+03:00,2026-09-26 23:59:54+03:00,الغارات التي نفذها الطيران الحربي المعادي,قصف وغارات,جبل الرفيع,851,كفر رمان,none,1,SAME_VILLAGE_OTHER_ACTION,قصف مدفعي,,,,
37336,mehwaralmokawma,2026-09-26,2026-09-26 00:00:00+03:00,2026-09-26 23:59:54+03:00,الغارات التي نفذها الطيران الحربي المعادي,قصف وغارات,المنصوري,976,المنصوري,none,1,DUPLICATE_OF_NEWS,,,24a3b4bb-618c-4d91-ae86-b7c68efa0946;c1850e19-8967-4685-bb40-f71a7f239879,,71
37336,mehwaralmokawma,2026-09-26,2026-09-26 00:00:00+03:00,2026-09-26 23:59:54+03:00,القصف المدفعي المعادي,قصف مدفعي,وادي زبقين,1523,زبقين,none,1,NOT_IN_INCIDENTS,NEWS_NEVER_ARRIVED,,,,
37336,mehwaralmokawma,2026-09-26,2026-09-26 00:00:00+03:00,2026-09-26 23:59:54+03:00,القصف المدفعي المعادي,قصف مدفعي,دوحه كفررمان,851,كفر رمان,none,1,DUPLICATE_OF_NEWS,,,0a2a27f8-e1d1-4676-9570-78300953663e;e167e5d7-5f16-4278-a0f4-89b7ba463976,,63
37336,mehwaralmokawma,2026-09-26,2026-09-26 00:00:00+03:00,2026-09-26 23:59:54+03:00,القصف المدفعي المعادي,قصف مدفعي,وادي السلوقي – محيط شقرا,1464,تولين,none,1,DUPLICATE_OF_NEWS,,,ebb3ecb9-2e27-4fac-8f7d-b59f77a2cfbf,,1459
37336,mehwaralmokawma,2026-09-26,2026-09-26 00:00:00+03:00,2026-09-26 23:59:54+03:00,القصف المدفعي المعادي,قصف مدفعي,وادي السلوقي – محيط شقرا,409,شقرا,none,1,SAME_VILLAGE_OTHER_ACTION,غير مصنف / بحاجة إلى مراجعة,,,,
37336,mehwaralmokawma,2026-09-26,2026-09-26 00:00:00+03:00,2026-09-26 23:59:54+03:00,القصف المدفعي المعادي,قصف مدفعي,المنصوري,976,المنصوري,none,1,DUPLICATE_OF_NEWS,,,97b46e56-a17a-4a68-93ad-e9dba379d285,,39
37336,mehwaralmokawma,2026-09-26,2026-09-26 00:00:00+03:00,2026-09-26 23:59:54+03:00,القصف المدفعي المعادي,قصف مدفعي,زوطر الشرقيه,1519,زوطر الشرقية,none,1,DUPLICATE_OF_NEWS,,,aed1d4a2-4673-4272-9ace-1d8e175b28b5,,149
37336,mehwaralmokawma,2026-09-26,2026-09-26 00:00:00+03:00,2026-09-26 23:59:54+03:00,القصف المدفعي المعادي,قصف مدفعي,كفرتبنيت,857,كفر تبنيت,none,1,SAME_VILLAGE_OTHER_ACTION,قصف وغارات,,,,
37336,mehwaralmokawma,2026-09-26,2026-09-26 00:00:00+03:00,2026-09-26 23:59:54+03:00,القصف المدفعي المعادي,قصف مدفعي,بيت ياحون,273,بيت ياحون,none,1,NOT_IN_INCIDENTS,NEWS_REJECTED,unspecified,,36943,
37336,mehwaralmokawma,2026-09-26,2026-09-26 00:00:00+03:00,2026-09-26 23:59:54+03:00,القصف المدفعي المعادي,قصف مدفعي,برعشيت,207,برعشيت,none,1,NOT_IN_INCIDENTS,NEWS_WRONG_VILLAGE,الخريبة; كفر شوبا; كونين,,37274;37020;37022,
37336,mehwaralmokawma,2026-09-26,2026-09-26 00:00:00+03:00,2026-09-26 23:59:54+03:00,القصف المدفعي المعادي,قصف مدفعي,حداثا,601,حداثا,none,1,DUPLICATE_OF_NEWS,,,7ce713da-41ca-485a-9b1e-b177fa94252b,,494
37336,mehwaralmokawma,2026-09-26,2026-09-26 00:00:00+03:00,2026-09-26 23:59:54+03:00,القصف المدفعي المعادي,قصف مدفعي,ميس الجبل,1079,ميس الجبل,none,1,SAME_VILLAGE_OTHER_ACTION,تلغيم وتفجير,,,,
37336,mehwaralmokawma,2026-09-26,2026-09-26 00:00:00+03:00,2026-09-26 23:59:54+03:00,التفجيرات التي نفذها العدو في البلدات الجنوبيه,تلغيم وتفجير,برعشيت | برعشيت – بيت ياحون | برعشيت – كونين,207,برعشيت,between,1,NOT_IN_INCIDENTS,NEWS_WRONG_VILLAGE,الخريبة; كفر شوبا; كونين,,37274;37020;37022,
37336,mehwaralmokawma,2026-09-26,2026-09-26 00:00:00+03:00,2026-09-26 23:59:54+03:00,التفجيرات التي نفذها العدو في البلدات الجنوبيه,تلغيم وتفجير,الطيري,1457,طيري,none,1,NOT_IN_INCIDENTS,NEWS_REJECTED,unspecified,,34101;34146;36943,
37336,mehwaralmokawma,2026-09-26,2026-09-26 00:00:00+03:00,2026-09-26 23:59:54+03:00,التفجيرات التي نفذها العدو في البلدات الجنوبيه,تلغيم وتفجير,مجدل زون,969,مجدل زون,none,1,DUPLICATE_OF_NEWS,,,b41f33c3-93a8-4445-92b4-a97f0209054c,,416
37336,mehwaralmokawma,2026-09-26,2026-09-26 00:00:00+03:00,2026-09-26 23:59:54+03:00,التفجيرات التي نفذها العدو في البلدات الجنوبيه,تلغيم وتفجير,المنصوري – مجدل زون,976,المنصوري,between,1,DUPLICATE_OF_NEWS,,,b41f33c3-93a8-4445-92b4-a97f0209054c,,416
37336,mehwaralmokawma,2026-09-26,2026-09-26 00:00:00+03:00,2026-09-26 23:59:54+03:00,التفجيرات التي نفذها العدو في البلدات الجنوبيه,تلغيم وتفجير,ميس الجبل,1079,ميس الجبل,none,1,DUPLICATE_OF_NEWS,,,65dbc8bb-641a-4ed2-8bbc-7db23ca69f44,,416
37336,mehwaralmokawma,2026-09-26,2026-09-26 00:00:00+03:00,2026-09-26 23:59:54+03:00,التفجيرات التي نفذها العدو في البلدات الجنوبيه,تلغيم وتفجير,الخيام,901,الخيام,none,1,NOT_IN_INCIDENTS,NEWS_REJECTED,unspecified,,36906,
37336,mehwaralmokawma,2026-09-26,2026-09-26 00:00:00+03:00,2026-09-26 23:59:54+03:00,القنابل المضيئه,قنابل مضيئة وحارقة,المنصوري (جب السويد),976,المنصوري,none,1,DUPLICATE_OF_NEWS,,,89872ea5-ef6a-4c57-b303-ddc6805daa2f,,45
37340,sameralhajali,2026-09-26,2026-09-26 00:00:00+03:00,2026-09-27 00:00:00+03:00,الغارات التي نفذها الطيران الحربي المعادي,قصف وغارات,جبل الرفيع,851,كفر رمان,none,1,SAME_VILLAGE_OTHER_ACTION,قصف مدفعي,,,,
37340,sameralhajali,2026-09-26,2026-09-26 00:00:00+03:00,2026-09-27 00:00:00+03:00,الغارات التي نفذها الطيران الحربي المعادي,قصف وغارات,المنصوري,976,المنصوري,none,1,DUPLICATE_OF_NEWS,,,24a3b4bb-618c-4d91-ae86-b7c68efa0946;c1850e19-8967-4685-bb40-f71a7f239879,,73
37340,sameralhajali,2026-09-26,2026-09-26 00:00:00+03:00,2026-09-27 00:00:00+03:00,القصف المدفعي المعادي,قصف مدفعي,وادي زبقين,1523,زبقين,none,1,NOT_IN_INCIDENTS,NEWS_NEVER_ARRIVED,,,,
37340,sameralhajali,2026-09-26,2026-09-26 00:00:00+03:00,2026-09-27 00:00:00+03:00,القصف المدفعي المعادي,قصف مدفعي,دوحه كفررمان,851,كفر رمان,none,1,DUPLICATE_OF_NEWS,,,0a2a27f8-e1d1-4676-9570-78300953663e;e167e5d7-5f16-4278-a0f4-89b7ba463976,,65
37340,sameralhajali,2026-09-26,2026-09-26 00:00:00+03:00,2026-09-27 00:00:00+03:00,القصف المدفعي المعادي,قصف مدفعي,وادي السلوقي – محيط شقرا,1464,تولين,none,1,DUPLICATE_OF_NEWS,,,ebb3ecb9-2e27-4fac-8f7d-b59f77a2cfbf,,1460
37340,sameralhajali,2026-09-26,2026-09-26 00:00:00+03:00,2026-09-27 00:00:00+03:00,القصف المدفعي المعادي,قصف مدفعي,وادي السلوقي – محيط شقرا,409,شقرا,none,1,SAME_VILLAGE_OTHER_ACTION,غير مصنف / بحاجة إلى مراجعة,,,,
37340,sameralhajali,2026-09-26,2026-09-26 00:00:00+03:00,2026-09-27 00:00:00+03:00,القصف المدفعي المعادي,قصف مدفعي,المنصوري,976,المنصوري,none,1,DUPLICATE_OF_NEWS,,,97b46e56-a17a-4a68-93ad-e9dba379d285,,41
37340,sameralhajali,2026-09-26,2026-09-26 00:00:00+03:00,2026-09-27 00:00:00+03:00,القصف المدفعي المعادي,قصف مدفعي,زوطر الشرقيه,1519,زوطر الشرقية,none,1,DUPLICATE_OF_NEWS,,,aed1d4a2-4673-4272-9ace-1d8e175b28b5,,151
37340,sameralhajali,2026-09-26,2026-09-26 00:00:00+03:00,2026-09-27 00:00:00+03:00,القصف المدفعي المعادي,قصف مدفعي,كفرتبنيت,857,كفر تبنيت,none,1,SAME_VILLAGE_OTHER_ACTION,قصف وغارات,,,,
37340,sameralhajali,2026-09-26,2026-09-26 00:00:00+03:00,2026-09-27 00:00:00+03:00,القصف المدفعي المعادي,قصف مدفعي,بيت ياحون,273,بيت ياحون,none,1,NOT_IN_INCIDENTS,NEWS_REJECTED,unspecified,,36943,
37340,sameralhajali,2026-09-26,2026-09-26 00:00:00+03:00,2026-09-27 00:00:00+03:00,القصف المدفعي المعادي,قصف مدفعي,برعشيت,207,برعشيت,none,1,NOT_IN_INCIDENTS,NEWS_WRONG_VILLAGE,الخريبة; كفر شوبا; كونين,,37274;37020;37022,
37340,sameralhajali,2026-09-26,2026-09-26 00:00:00+03:00,2026-09-27 00:00:00+03:00,القصف المدفعي المعادي,قصف مدفعي,حداثا,601,حداثا,none,1,DUPLICATE_OF_NEWS,,,7ce713da-41ca-485a-9b1e-b177fa94252b,,495
37340,sameralhajali,2026-09-26,2026-09-26 00:00:00+03:00,2026-09-27 00:00:00+03:00,القصف المدفعي المعادي,قصف مدفعي,ميس الجبل,1079,ميس الجبل,none,1,SAME_VILLAGE_OTHER_ACTION,تلغيم وتفجير,,,,
37340,sameralhajali,2026-09-26,2026-09-26 00:00:00+03:00,2026-09-27 00:00:00+03:00,التفجيرات التي نفذها العدو في البلدات الجنوبيه,تلغيم وتفجير,برعشيت | برعشيت – بيت ياحون | برعشيت – كونين,207,برعشيت,between,1,NOT_IN_INCIDENTS,NEWS_WRONG_VILLAGE,الخريبة; كفر شوبا; كونين,,37274;37020;37022,
37340,sameralhajali,2026-09-26,2026-09-26 00:00:00+03:00,2026-09-27 00:00:00+03:00,التفجيرات التي نفذها العدو في البلدات الجنوبيه,تلغيم وتفجير,الطيري,1457,طيري,none,1,NOT_IN_INCIDENTS,NEWS_REJECTED,unspecified,,34101;34146;36943,
37340,sameralhajali,2026-09-26,2026-09-26 00:00:00+03:00,2026-09-27 00:00:00+03:00,التفجيرات التي نفذها العدو في البلدات الجنوبيه,تلغيم وتفجير,مجدل زون,969,مجدل زون,none,1,DUPLICATE_OF_NEWS,,,b41f33c3-93a8-4445-92b4-a97f0209054c,,418
37340,sameralhajali,2026-09-26,2026-09-26 00:00:00+03:00,2026-09-27 00:00:00+03:00,التفجيرات التي نفذها العدو في البلدات الجنوبيه,تلغيم وتفجير,المنصوري – مجدل زون,976,المنصوري,between,1,DUPLICATE_OF_NEWS,,,b41f33c3-93a8-4445-92b4-a97f0209054c,,418
37340,sameralhajali,2026-09-26,2026-09-26 00:00:00+03:00,2026-09-27 00:00:00+03:00,التفجيرات التي نفذها العدو في البلدات الجنوبيه,تلغيم وتفجير,ميس الجبل,1079,ميس الجبل,none,1,DUPLICATE_OF_NEWS,,,65dbc8bb-641a-4ed2-8bbc-7db23ca69f44,,418
37340,sameralhajali,2026-09-26,2026-09-26 00:00:00+03:00,2026-09-27 00:00:00+03:00,التفجيرات التي نفذها العدو في البلدات الجنوبيه,تلغيم وتفجير,الخيام,901,الخيام,none,1,NOT_IN_INCIDENTS,NEWS_REJECTED,unspecified,,36906,
37340,sameralhajali,2026-09-26,2026-09-26 00:00:00+03:00,2026-09-27 00:00:00+03:00,القنابل المضيئه,قنابل مضيئة وحارقة,المنصوري,976,المنصوري,none,1,DUPLICATE_OF_NEWS,,,89872ea5-ef6a-4c57-b303-ddc6805daa2f,,46
37345,nabatiehchannel,2026-09-26,2026-09-26 00:00:00+03:00,2026-09-27 00:00:00+03:00,الغارات التي نفذها الطيران الحربي المعادي,قصف وغارات,جبل الرفيع,851,كفر رمان,none,1,SAME_VILLAGE_OTHER_ACTION,قصف مدفعي,,,,
37345,nabatiehchannel,2026-09-26,2026-09-26 00:00:00+03:00,2026-09-27 00:00:00+03:00,الغارات التي نفذها الطيران الحربي المعادي,قصف وغارات,المنصوري,976,المنصوري,none,1,DUPLICATE_OF_NEWS,,,24a3b4bb-618c-4d91-ae86-b7c68efa0946;c1850e19-8967-4685-bb40-f71a7f239879,,80
37345,nabatiehchannel,2026-09-26,2026-09-26 00:00:00+03:00,2026-09-27 00:00:00+03:00,القصف المدفعي المعادي,قصف مدفعي,وادي زبقين,1523,زبقين,none,1,NOT_IN_INCIDENTS,NEWS_NEVER_ARRIVED,,,,
37345,nabatiehchannel,2026-09-26,2026-09-26 00:00:00+03:00,2026-09-27 00:00:00+03:00,القصف المدفعي المعادي,قصف مدفعي,دوحه كفررمان,851,كفر رمان,none,1,DUPLICATE_OF_NEWS,,,0a2a27f8-e1d1-4676-9570-78300953663e;e167e5d7-5f16-4278-a0f4-89b7ba463976,,72
37345,nabatiehchannel,2026-09-26,2026-09-26 00:00:00+03:00,2026-09-27 00:00:00+03:00,القصف المدفعي المعادي,قصف مدفعي,وادي السلوقي – محيط شقرا,1464,تولين,none,1,DUPLICATE_OF_NEWS,,,ebb3ecb9-2e27-4fac-8f7d-b59f77a2cfbf,,1467
37345,nabatiehchannel,2026-09-26,2026-09-26 00:00:00+03:00,2026-09-27 00:00:00+03:00,القصف المدفعي المعادي,قصف مدفعي,وادي السلوقي – محيط شقرا,409,شقرا,none,1,SAME_VILLAGE_OTHER_ACTION,غير مصنف / بحاجة إلى مراجعة,,,,
37345,nabatiehchannel,2026-09-26,2026-09-26 00:00:00+03:00,2026-09-27 00:00:00+03:00,القصف المدفعي المعادي,قصف مدفعي,المنصوري,976,المنصوري,none,1,DUPLICATE_OF_NEWS,,,97b46e56-a17a-4a68-93ad-e9dba379d285,,48
37345,nabatiehchannel,2026-09-26,2026-09-26 00:00:00+03:00,2026-09-27 00:00:00+03:00,القصف المدفعي المعادي,قصف مدفعي,زوطر الشرقيه,1519,زوطر الشرقية,none,1,DUPLICATE_OF_NEWS,,,aed1d4a2-4673-4272-9ace-1d8e175b28b5,,158
37345,nabatiehchannel,2026-09-26,2026-09-26 00:00:00+03:00,2026-09-27 00:00:00+03:00,القصف المدفعي المعادي,قصف مدفعي,كفرتبنيت,857,كفر تبنيت,none,1,SAME_VILLAGE_OTHER_ACTION,قصف وغارات,,,,
37345,nabatiehchannel,2026-09-26,2026-09-26 00:00:00+03:00,2026-09-27 00:00:00+03:00,القصف المدفعي المعادي,قصف مدفعي,بيت ياحون,273,بيت ياحون,none,1,NOT_IN_INCIDENTS,NEWS_REJECTED,unspecified,,36943,
37345,nabatiehchannel,2026-09-26,2026-09-26 00:00:00+03:00,2026-09-27 00:00:00+03:00,القصف المدفعي المعادي,قصف مدفعي,برعشيت,207,برعشيت,none,1,NOT_IN_INCIDENTS,NEWS_WRONG_VILLAGE,الخريبة; كفر شوبا; كونين,,37274;37020;37022,
37345,nabatiehchannel,2026-09-26,2026-09-26 00:00:00+03:00,2026-09-27 00:00:00+03:00,القصف المدفعي المعادي,قصف مدفعي,حداثا,601,حداثا,none,1,DUPLICATE_OF_NEWS,,,7ce713da-41ca-485a-9b1e-b177fa94252b,,502
37345,nabatiehchannel,2026-09-26,2026-09-26 00:00:00+03:00,2026-09-27 00:00:00+03:00,القصف المدفعي المعادي,قصف مدفعي,ميس الجبل,1079,ميس الجبل,none,1,SAME_VILLAGE_OTHER_ACTION,تلغيم وتفجير,,,,
37345,nabatiehchannel,2026-09-26,2026-09-26 00:00:00+03:00,2026-09-27 00:00:00+03:00,التفجيرات التي نفذها العدو في البلدات الجنوبيه,تلغيم وتفجير,برعشيت | برعشيت – بيت ياحون | برعشيت – كونين,207,برعشيت,between,1,NOT_IN_INCIDENTS,NEWS_WRONG_VILLAGE,الخريبة; كفر شوبا; كونين,,37274;37020;37022,
37345,nabatiehchannel,2026-09-26,2026-09-26 00:00:00+03:00,2026-09-27 00:00:00+03:00,التفجيرات التي نفذها العدو في البلدات الجنوبيه,تلغيم وتفجير,الطيري,1457,طيري,none,1,NOT_IN_INCIDENTS,NEWS_REJECTED,unspecified,,34101;34146;36943,
37345,nabatiehchannel,2026-09-26,2026-09-26 00:00:00+03:00,2026-09-27 00:00:00+03:00,التفجيرات التي نفذها العدو في البلدات الجنوبيه,تلغيم وتفجير,مجدل زون,969,مجدل زون,none,1,DUPLICATE_OF_NEWS,,,b41f33c3-93a8-4445-92b4-a97f0209054c,,425
37345,nabatiehchannel,2026-09-26,2026-09-26 00:00:00+03:00,2026-09-27 00:00:00+03:00,التفجيرات التي نفذها العدو في البلدات الجنوبيه,تلغيم وتفجير,المنصوري – مجدل زون,976,المنصوري,between,1,DUPLICATE_OF_NEWS,,,b41f33c3-93a8-4445-92b4-a97f0209054c,,425
37345,nabatiehchannel,2026-09-26,2026-09-26 00:00:00+03:00,2026-09-27 00:00:00+03:00,التفجيرات التي نفذها العدو في البلدات الجنوبيه,تلغيم وتفجير,ميس الجبل,1079,ميس الجبل,none,1,DUPLICATE_OF_NEWS,,,65dbc8bb-641a-4ed2-8bbc-7db23ca69f44,,425
37345,nabatiehchannel,2026-09-26,2026-09-26 00:00:00+03:00,2026-09-27 00:00:00+03:00,التفجيرات التي نفذها العدو في البلدات الجنوبيه,تلغيم وتفجير,الخيام,901,الخيام,none,1,NOT_IN_INCIDENTS,NEWS_REJECTED,unspecified,,36906,
37345,nabatiehchannel,2026-09-26,2026-09-26 00:00:00+03:00,2026-09-27 00:00:00+03:00,القنابل المضيئه,قنابل مضيئة وحارقة,المنصوري (جب السويد),976,المنصوري,none,1,DUPLICATE_OF_NEWS,,,89872ea5-ef6a-4c57-b303-ddc6805daa2f,,54
37368,Janoubana,2026-09-26,2026-09-26 00:00:00+03:00,2026-09-27 00:00:00+03:00,الغارات من الطيران الحربي,قصف وغارات,جبل الرفيع,851,كفر رمان,none,1,SAME_VILLAGE_OTHER_ACTION,قصف مدفعي,,,,
37368,Janoubana,2026-09-26,2026-09-26 00:00:00+03:00,2026-09-27 00:00:00+03:00,الغارات من الطيران الحربي,قصف وغارات,المنصوري,976,المنصوري,none,1,DUPLICATE_OF_NEWS,,,24a3b4bb-618c-4d91-ae86-b7c68efa0946;c1850e19-8967-4685-bb40-f71a7f239879,,161
37368,Janoubana,2026-09-26,2026-09-26 00:00:00+03:00,2026-09-27 00:00:00+03:00,الغارات من الطيران الحربي,قصف وغارات,الخيام,901,الخيام,none,1,NOT_IN_INCIDENTS,NEWS_REJECTED,unspecified,,36906,
37368,Janoubana,2026-09-26,2026-09-26 00:00:00+03:00,2026-09-27 00:00:00+03:00,القصف المدفعي المعادي,قصف مدفعي,وادي زبقين,1523,زبقين,none,1,NOT_IN_INCIDENTS,NEWS_NEVER_ARRIVED,,,,
37368,Janoubana,2026-09-26,2026-09-26 00:00:00+03:00,2026-09-27 00:00:00+03:00,القصف المدفعي المعادي,قصف مدفعي,دوحه كفررمان,851,كفر رمان,none,1,DUPLICATE_OF_NEWS,,,0a2a27f8-e1d1-4676-9570-78300953663e;e167e5d7-5f16-4278-a0f4-89b7ba463976,,153
37368,Janoubana,2026-09-26,2026-09-26 00:00:00+03:00,2026-09-27 00:00:00+03:00,القصف المدفعي المعادي,قصف مدفعي,وادي السلوقي – محيط شقرا,1464,تولين,none,1,DUPLICATE_OF_NEWS,,,ebb3ecb9-2e27-4fac-8f7d-b59f77a2cfbf,,1548
37368,Janoubana,2026-09-26,2026-09-26 00:00:00+03:00,2026-09-27 00:00:00+03:00,القصف المدفعي المعادي,قصف مدفعي,وادي السلوقي – محيط شقرا,409,شقرا,none,1,SAME_VILLAGE_OTHER_ACTION,غير مصنف / بحاجة إلى مراجعة,,,,
37368,Janoubana,2026-09-26,2026-09-26 00:00:00+03:00,2026-09-27 00:00:00+03:00,القصف المدفعي المعادي,قصف مدفعي,المنصوري,976,المنصوري,none,1,DUPLICATE_OF_NEWS,,,97b46e56-a17a-4a68-93ad-e9dba379d285,,129
37368,Janoubana,2026-09-26,2026-09-26 00:00:00+03:00,2026-09-27 00:00:00+03:00,القصف المدفعي المعادي,قصف مدفعي,زوطر الشرقيه,1519,زوطر الشرقية,none,1,DUPLICATE_OF_NEWS,,,aed1d4a2-4673-4272-9ace-1d8e175b28b5,,239
37368,Janoubana,2026-09-26,2026-09-26 00:00:00+03:00,2026-09-27 00:00:00+03:00,القصف المدفعي المعادي,قصف مدفعي,كفرتبنيت,857,كفر تبنيت,none,1,SAME_VILLAGE_OTHER_ACTION,قصف وغارات,,,,
37368,Janoubana,2026-09-26,2026-09-26 00:00:00+03:00,2026-09-27 00:00:00+03:00,القصف المدفعي المعادي,قصف مدفعي,بيت ياحون,273,بيت ياحون,none,1,NOT_IN_INCIDENTS,NEWS_REJECTED,unspecified,,36943,
37368,Janoubana,2026-09-26,2026-09-26 00:00:00+03:00,2026-09-27 00:00:00+03:00,القصف المدفعي المعادي,قصف مدفعي,برعشيت,207,برعشيت,none,1,NOT_IN_INCIDENTS,NEWS_WRONG_VILLAGE,الخريبة; كفر شوبا; كونين,,37274;37020;37022,
37368,Janoubana,2026-09-26,2026-09-26 00:00:00+03:00,2026-09-27 00:00:00+03:00,القصف المدفعي المعادي,قصف مدفعي,حداثا,601,حداثا,none,1,DUPLICATE_OF_NEWS,,,7ce713da-41ca-485a-9b1e-b177fa94252b,,584
37368,Janoubana,2026-09-26,2026-09-26 00:00:00+03:00,2026-09-27 00:00:00+03:00,القصف المدفعي المعادي,قصف مدفعي,ميس الجبل,1079,ميس الجبل,none,1,SAME_VILLAGE_OTHER_ACTION,تلغيم وتفجير,,,,
37368,Janoubana,2026-09-26,2026-09-26 00:00:00+03:00,2026-09-27 00:00:00+03:00,التفجيرات التي نفذها العدو,تلغيم وتفجير,برعشيت | برعشيت – بيت ياحون | برعشيت – كونين,207,برعشيت,between,1,NOT_IN_INCIDENTS,NEWS_WRONG_VILLAGE,الخريبة; كفر شوبا; كونين,,37274;37020;37022,
37368,Janoubana,2026-09-26,2026-09-26 00:00:00+03:00,2026-09-27 00:00:00+03:00,التفجيرات التي نفذها العدو,تلغيم وتفجير,الطيري,1457,طيري,none,1,NOT_IN_INCIDENTS,NEWS_REJECTED,unspecified,,34101;34146;36943,
37368,Janoubana,2026-09-26,2026-09-26 00:00:00+03:00,2026-09-27 00:00:00+03:00,التفجيرات التي نفذها العدو,تلغيم وتفجير,مجدل زون,969,مجدل زون,none,1,DUPLICATE_OF_NEWS,,,b41f33c3-93a8-4445-92b4-a97f0209054c,,506
37368,Janoubana,2026-09-26,2026-09-26 00:00:00+03:00,2026-09-27 00:00:00+03:00,التفجيرات التي نفذها العدو,تلغيم وتفجير,المنصوري – مجدل زون,976,المنصوري,between,1,DUPLICATE_OF_NEWS,,,b41f33c3-93a8-4445-92b4-a97f0209054c,,506
37368,Janoubana,2026-09-26,2026-09-26 00:00:00+03:00,2026-09-27 00:00:00+03:00,التفجيرات التي نفذها العدو,تلغيم وتفجير,ميس الجبل,1079,ميس الجبل,none,1,DUPLICATE_OF_NEWS,,,65dbc8bb-641a-4ed2-8bbc-7db23ca69f44,,506
37368,Janoubana,2026-09-26,2026-09-26 00:00:00+03:00,2026-09-27 00:00:00+03:00,التفجيرات التي نفذها العدو,تلغيم وتفجير,الخيام,901,الخيام,none,1,NOT_IN_INCIDENTS,NEWS_REJECTED,unspecified,,36906,
37368,Janoubana,2026-09-26,2026-09-26 00:00:00+03:00,2026-09-27 00:00:00+03:00,القنابل المضيئه,قنابل مضيئة وحارقة,المنصوري,976,المنصوري,none,1,DUPLICATE_OF_NEWS,,,89872ea5-ef6a-4c57-b303-ddc6805daa2f,,135
37368,Janoubana,2026-09-26,2026-09-26 00:00:00+03:00,2026-09-27 00:00:00+03:00,القنابل المضيئه,قنابل مضيئة وحارقة,زوطر الشرقيه,1519,زوطر الشرقية,none,1,SAME_VILLAGE_OTHER_ACTION,قصف مدفعي,,,,
38081,alichoeib1970,2026-09-27,2026-09-27 00:00:00+03:00,2026-09-27 23:59:13+03:00,الغارات التي نفذها الطيران الحربي المعادي,قصف وغارات,اطراف ميفدون | ميفدون,1003,ميفدون,none,1,DUPLICATE_OF_NEWS,,,a0464796-c077-4c88-845e-02e654258d35;48f3fe7a-746b-4692-ae77-1162ae0e0057;2afd0713-3c39-47ec-bf49-995a74f1d66c;cc075d3e-1e3e-40fc-9f51-9a11a9222105,,469
38081,alichoeib1970,2026-09-27,2026-09-27 00:00:00+03:00,2026-09-27 23:59:13+03:00,الغارات التي نفذها الطيران الحربي المعادي,قصف وغارات,كفرتبنيت,857,كفر تبنيت,none,1,DUPLICATE_OF_NEWS,,,159cd7f4-7ebf-4892-9a12-ad4b35594347,,128
38081,alichoeib1970,2026-09-27,2026-09-27 00:00:00+03:00,2026-09-27 23:59:13+03:00,الغارات التي نفذها الطيران الحربي المعادي,قصف وغارات,المنصوري,976,المنصوري,none,1,DUPLICATE_OF_NEWS,,,16f92924-8826-4a16-b4d1-cf0ed07308e3;1213b06c-e690-47a2-b7ba-113ae55a9654;b69b2819-f03b-4736-9cb2-84518bb35821,,580
38081,alichoeib1970,2026-09-27,2026-09-27 00:00:00+03:00,2026-09-27 23:59:13+03:00,الغارات التي نفذها الطيران الحربي المعادي,قصف وغارات,بين حداثا-حاريص,601,حداثا,between,1,DUPLICATE_OF_NEWS,,,591e8524-5a3f-45cf-8a54-590bca3c9b24;aaba3704-f390-4e4d-91e1-415355a98d4a,,563
38081,alichoeib1970,2026-09-27,2026-09-27 00:00:00+03:00,2026-09-27 23:59:13+03:00,الغارات التي نفذها الطيران الحربي المعادي,قصف وغارات,الخيام,901,الخيام,none,1,SAME_VILLAGE_OTHER_ACTION,قصف مدفعي,,,,
38081,alichoeib1970,2026-09-27,2026-09-27 00:00:00+03:00,2026-09-27 23:59:13+03:00,الغارات التي نفذها الطيران الحربي المعادي,قصف وغارات,ميس الجبل,1079,ميس الجبل,none,1,DUPLICATE_OF_NEWS,,,6d3bb043-34f2-4cc4-9400-863690aaeba9;eedf4c38-a649-4530-849a-5c39f60ab25a,,578
38081,alichoeib1970,2026-09-27,2026-09-27 00:00:00+03:00,2026-09-27 23:59:13+03:00,الغارات التي نفذها الطيران الحربي المعادي,قصف وغارات,القنطره,1228,قنطرة,none,1,NOT_IN_INCIDENTS,NEWS_FAILED,error,,38002;37979;37972;37974;37970;37971,
38081,alichoeib1970,2026-09-27,2026-09-27 00:00:00+03:00,2026-09-27 23:59:13+03:00,القصف المدفعي المعادي,قصف مدفعي,وادي زبقين,1523,زبقين,none,1,NOT_IN_INCIDENTS,NEWS_REJECTED,unspecified,,37698,
38081,alichoeib1970,2026-09-27,2026-09-27 00:00:00+03:00,2026-09-27 23:59:13+03:00,القصف المدفعي المعادي,قصف مدفعي,وادي السلوقي,1464,تولين,none,1,DUPLICATE_OF_NEWS,,,0bb7183d-af49-49c7-80b0-6c22a353088f,,-11
38081,alichoeib1970,2026-09-27,2026-09-27 00:00:00+03:00,2026-09-27 23:59:13+03:00,القصف المدفعي المعادي,قصف مدفعي,حداثا,601,حداثا,none,1,SAME_VILLAGE_OTHER_ACTION,غير مصنف / بحاجة إلى مراجعة; قصف وغارات,,,,
38081,alichoeib1970,2026-09-27,2026-09-27 00:00:00+03:00,2026-09-27 23:59:13+03:00,القصف المدفعي المعادي,قصف مدفعي,المنصوري,976,المنصوري,none,1,DUPLICATE_OF_NEWS,,,97b46e56-a17a-4a68-93ad-e9dba379d285;619f3e02-56de-46d8-992e-520ccd139074,,496
38081,alichoeib1970,2026-09-27,2026-09-27 00:00:00+03:00,2026-09-27 23:59:13+03:00,القصف المدفعي المعادي,قصف مدفعي,حولا,701,حولا,none,1,NOT_IN_INCIDENTS,NEWS_REJECTED,unspecified,,37973,
38081,alichoeib1970,2026-09-27,2026-09-27 00:00:00+03:00,2026-09-27 23:59:13+03:00,القصف المدفعي المعادي,قصف مدفعي,زوطر الشرقيه,1519,زوطر الشرقية,none,1,DUPLICATE_OF_NEWS,,,ddec04a9-dbdd-4898-afe5-0c62aa938e2c,,138
38081,alichoeib1970,2026-09-27,2026-09-27 00:00:00+03:00,2026-09-27 23:59:13+03:00,القصف المدفعي المعادي,قصف مدفعي,سهل الخيام,901,الخيام,none,1,DUPLICATE_OF_NEWS,,,b1fe7058-104c-411a-9e62-d56486ab22fb;4bc0a535-59ff-435c-8046-e303db6ad36e,,212
38081,alichoeib1970,2026-09-27,2026-09-27 00:00:00+03:00,2026-09-27 23:59:13+03:00,القصف المدفعي المعادي,قصف مدفعي,كفرتبنيت,857,كفر تبنيت,none,1,DUPLICATE_OF_NEWS,,,905fb134-4a6f-48d4-9738-6984a8b6f4c8;f4f3f632-2ae8-4605-bcf4-a2949ab00f9e,,-11
38081,alichoeib1970,2026-09-27,2026-09-27 00:00:00+03:00,2026-09-27 23:59:13+03:00,القصف المدفعي المعادي,قصف مدفعي,ارنون,176,أرنون,none,1,DUPLICATE_OF_NEWS,,,931d314a-1700-4ce8-b07d-49c92676590a,,121
38081,alichoeib1970,2026-09-27,2026-09-27 00:00:00+03:00,2026-09-27 23:59:13+03:00,القصف المدفعي المعادي,قصف مدفعي,عيترون,77,عيترون,none,1,SAME_VILLAGE_OTHER_ACTION,عملية تمشيط,,,,
38081,alichoeib1970,2026-09-27,2026-09-27 00:00:00+03:00,2026-09-27 23:59:13+03:00,القصف المدفعي المعادي,قصف مدفعي,حاريص,650,حاريص,none,1,SAME_VILLAGE_OTHER_ACTION,قصف وغارات,,,,
38081,alichoeib1970,2026-09-27,2026-09-27 00:00:00+03:00,2026-09-27 23:59:13+03:00,القصف المدفعي المعادي,قصف مدفعي,برعشيت,207,برعشيت,none,1,SAME_VILLAGE_OTHER_ACTION,غير مصنف / بحاجة إلى مراجعة,,,,
38081,alichoeib1970,2026-09-27,2026-09-27 00:00:00+03:00,2026-09-27 23:59:13+03:00,القصف من مروحيات اباتشي,قصف وغارات,قبريخا,1219,قبريخا,none,1,DUPLICATE_OF_NEWS,,,3268f587-ae78-4338-9971-5e52a8e1a602;5125a7f9-b2f0-4481-8f42-be541aa46b2a,,459
38081,alichoeib1970,2026-09-27,2026-09-27 00:00:00+03:00,2026-09-27 23:59:13+03:00,التفجيرات التي نفذها العدو في البلدات الجنوبيه,تلغيم وتفجير,بيت ياحون,273,بيت ياحون,none,1,NOT_IN_INCIDENTS,NEWS_WRONG_VILLAGE,عيترون,,37475,
38081,alichoeib1970,2026-09-27,2026-09-27 00:00:00+03:00,2026-09-27 23:59:13+03:00,التفجيرات التي نفذها العدو في البلدات الجنوبيه,تلغيم وتفجير,مجدلزون,969,مجدل زون,none,1,NOT_IN_INCIDENTS,NEWS_NEVER_ARRIVED,,,,
38096,mehwaralmokawma; nabatiehchannel; sameralhajali,2026-09-27,2026-09-27 00:00:00+03:00,2026-09-28 00:00:00+03:00,الغارات التي نفذها الطيران الحربي المعادي,قصف وغارات,اطراف ميفدون | ميفدون,1003,ميفدون,none,1,DUPLICATE_OF_NEWS,,,a0464796-c077-4c88-845e-02e654258d35;48f3fe7a-746b-4692-ae77-1162ae0e0057;2afd0713-3c39-47ec-bf49-995a74f1d66c;cc075d3e-1e3e-40fc-9f51-9a11a9222105,,478
38096,mehwaralmokawma; nabatiehchannel; sameralhajali,2026-09-27,2026-09-27 00:00:00+03:00,2026-09-28 00:00:00+03:00,الغارات التي نفذها الطيران الحربي المعادي,قصف وغارات,كفرتبنيت,857,كفر تبنيت,none,1,DUPLICATE_OF_NEWS,,,159cd7f4-7ebf-4892-9a12-ad4b35594347,,136
38096,mehwaralmokawma; nabatiehchannel; sameralhajali,2026-09-27,2026-09-27 00:00:00+03:00,2026-09-28 00:00:00+03:00,الغارات التي نفذها الطيران الحربي المعادي,قصف وغارات,المنصوري,976,المنصوري,none,1,DUPLICATE_OF_NEWS,,,16f92924-8826-4a16-b4d1-cf0ed07308e3;1213b06c-e690-47a2-b7ba-113ae55a9654;b69b2819-f03b-4736-9cb2-84518bb35821,,588
38096,mehwaralmokawma; nabatiehchannel; sameralhajali,2026-09-27,2026-09-27 00:00:00+03:00,2026-09-28 00:00:00+03:00,الغارات التي نفذها الطيران الحربي المعادي,قصف وغارات,بين حداثا-حاريص,601,حداثا,between,1,DUPLICATE_OF_NEWS,,,591e8524-5a3f-45cf-8a54-590bca3c9b24;aaba3704-f390-4e4d-91e1-415355a98d4a,,571
38096,mehwaralmokawma; nabatiehchannel; sameralhajali,2026-09-27,2026-09-27 00:00:00+03:00,2026-09-28 00:00:00+03:00,الغارات التي نفذها الطيران الحربي المعادي,قصف وغارات,الخيام,901,الخيام,none,1,SAME_VILLAGE_OTHER_ACTION,قصف مدفعي,,,,
38096,mehwaralmokawma; nabatiehchannel; sameralhajali,2026-09-27,2026-09-27 00:00:00+03:00,2026-09-28 00:00:00+03:00,الغارات التي نفذها الطيران الحربي المعادي,قصف وغارات,ميس الجبل,1079,ميس الجبل,none,1,DUPLICATE_OF_NEWS,,,6d3bb043-34f2-4cc4-9400-863690aaeba9;eedf4c38-a649-4530-849a-5c39f60ab25a,,586
38096,mehwaralmokawma; nabatiehchannel; sameralhajali,2026-09-27,2026-09-27 00:00:00+03:00,2026-09-28 00:00:00+03:00,الغارات التي نفذها الطيران الحربي المعادي,قصف وغارات,القنطره,1228,قنطرة,none,1,NOT_IN_INCIDENTS,NEWS_FAILED,error,,38002;37979;37972;37974;37970;37971,
38096,mehwaralmokawma; nabatiehchannel; sameralhajali,2026-09-27,2026-09-27 00:00:00+03:00,2026-09-28 00:00:00+03:00,القصف المدفعي المعادي,قصف مدفعي,وادي زبقين,1523,زبقين,none,1,NOT_IN_INCIDENTS,NEWS_REJECTED,unspecified,,37698,
38096,mehwaralmokawma; nabatiehchannel; sameralhajali,2026-09-27,2026-09-27 00:00:00+03:00,2026-09-28 00:00:00+03:00,القصف المدفعي المعادي,قصف مدفعي,وادي السلوقي,1464,تولين,none,1,DUPLICATE_OF_NEWS,,,0bb7183d-af49-49c7-80b0-6c22a353088f,,-2
38096,mehwaralmokawma; nabatiehchannel; sameralhajali,2026-09-27,2026-09-27 00:00:00+03:00,2026-09-28 00:00:00+03:00,القصف المدفعي المعادي,قصف مدفعي,حداثا,601,حداثا,none,1,SAME_VILLAGE_OTHER_ACTION,غير مصنف / بحاجة إلى مراجعة; قصف وغارات,,,,
38096,mehwaralmokawma; nabatiehchannel; sameralhajali,2026-09-27,2026-09-27 00:00:00+03:00,2026-09-28 00:00:00+03:00,القصف المدفعي المعادي,قصف مدفعي,المنصوري,976,المنصوري,none,1,DUPLICATE_OF_NEWS,,,97b46e56-a17a-4a68-93ad-e9dba379d285;619f3e02-56de-46d8-992e-520ccd139074,,504
38096,mehwaralmokawma; nabatiehchannel; sameralhajali,2026-09-27,2026-09-27 00:00:00+03:00,2026-09-28 00:00:00+03:00,القصف المدفعي المعادي,قصف مدفعي,حولا,701,حولا,none,1,NOT_IN_INCIDENTS,NEWS_REJECTED,unspecified,,37973,
38096,mehwaralmokawma; nabatiehchannel; sameralhajali,2026-09-27,2026-09-27 00:00:00+03:00,2026-09-28 00:00:00+03:00,القصف المدفعي المعادي,قصف مدفعي,زوطر الشرقيه,1519,زوطر الشرقية,none,1,DUPLICATE_OF_NEWS,,,ddec04a9-dbdd-4898-afe5-0c62aa938e2c,,146
38096,mehwaralmokawma; nabatiehchannel; sameralhajali,2026-09-27,2026-09-27 00:00:00+03:00,2026-09-28 00:00:00+03:00,القصف المدفعي المعادي,قصف مدفعي,سهل الخيام,901,الخيام,none,1,DUPLICATE_OF_NEWS,,,b1fe7058-104c-411a-9e62-d56486ab22fb;4bc0a535-59ff-435c-8046-e303db6ad36e,,221
38096,mehwaralmokawma; nabatiehchannel; sameralhajali,2026-09-27,2026-09-27 00:00:00+03:00,2026-09-28 00:00:00+03:00,القصف المدفعي المعادي,قصف مدفعي,كفرتبنيت,857,كفر تبنيت,none,1,DUPLICATE_OF_NEWS,,,905fb134-4a6f-48d4-9738-6984a8b6f4c8;f4f3f632-2ae8-4605-bcf4-a2949ab00f9e,,-3
38096,mehwaralmokawma; nabatiehchannel; sameralhajali,2026-09-27,2026-09-27 00:00:00+03:00,2026-09-28 00:00:00+03:00,القصف المدفعي المعادي,قصف مدفعي,ارنون,176,أرنون,none,1,DUPLICATE_OF_NEWS,,,931d314a-1700-4ce8-b07d-49c92676590a,,129
38096,mehwaralmokawma; nabatiehchannel; sameralhajali,2026-09-27,2026-09-27 00:00:00+03:00,2026-09-28 00:00:00+03:00,القصف المدفعي المعادي,قصف مدفعي,عيترون,77,عيترون,none,1,SAME_VILLAGE_OTHER_ACTION,عملية تمشيط,,,,
38096,mehwaralmokawma; nabatiehchannel; sameralhajali,2026-09-27,2026-09-27 00:00:00+03:00,2026-09-28 00:00:00+03:00,القصف المدفعي المعادي,قصف مدفعي,حاريص,650,حاريص,none,1,SAME_VILLAGE_OTHER_ACTION,قصف وغارات,,,,
38096,mehwaralmokawma; nabatiehchannel; sameralhajali,2026-09-27,2026-09-27 00:00:00+03:00,2026-09-28 00:00:00+03:00,القصف المدفعي المعادي,قصف مدفعي,برعشيت,207,برعشيت,none,1,SAME_VILLAGE_OTHER_ACTION,غير مصنف / بحاجة إلى مراجعة,,,,
38096,mehwaralmokawma; nabatiehchannel; sameralhajali,2026-09-27,2026-09-27 00:00:00+03:00,2026-09-28 00:00:00+03:00,القصف من مروحيات اباتشي,قصف وغارات,قبريخا,1219,قبريخا,none,1,DUPLICATE_OF_NEWS,,,3268f587-ae78-4338-9971-5e52a8e1a602;5125a7f9-b2f0-4481-8f42-be541aa46b2a,,467
38096,mehwaralmokawma; nabatiehchannel; sameralhajali,2026-09-27,2026-09-27 00:00:00+03:00,2026-09-28 00:00:00+03:00,التفجيرات التي نفذها العدو في البلدات الجنوبيه,تلغيم وتفجير,بيت ياحون,273,بيت ياحون,none,1,NOT_IN_INCIDENTS,NEWS_WRONG_VILLAGE,عيترون,,37475,
38096,mehwaralmokawma; nabatiehchannel; sameralhajali,2026-09-27,2026-09-27 00:00:00+03:00,2026-09-28 00:00:00+03:00,التفجيرات التي نفذها العدو في البلدات الجنوبيه,تلغيم وتفجير,مجدلزون,969,مجدل زون,none,1,NOT_IN_INCIDENTS,NEWS_NEVER_ARRIVED,,,,
38286,Janoubana,2026-09-28,2026-09-28 00:00:00+03:00,2026-09-28 09:00:00+03:00,الغارات من الطيران الحربي,قصف وغارات,وادي زبقين (8),1523,زبقين,none,8,SAME_VILLAGE_OTHER_ACTION,قصف مدفعي,,,,
38286,Janoubana,2026-09-28,2026-09-28 00:00:00+03:00,2026-09-28 09:00:00+03:00,الغارات من الطيران الحربي,قصف وغارات,طلوسه,1431,طلوسة,none,1,DUPLICATE_OF_NEWS,,,660d2898-1e53-490a-a1e9-deedef44e0e8;f1a50c4e-2413-424d-901a-bbd375a0fcd7,,25
38286,Janoubana,2026-09-28,2026-09-28 00:00:00+03:00,2026-09-28 09:00:00+03:00,الغارات من الطيران الحربي,قصف وغارات,ميس الجبل,1079,ميس الجبل,none,1,NOT_IN_INCIDENTS,NEWS_FAILED,error,,38216;38211;38212;38204;38203;38200;38199,
38286,Janoubana,2026-09-28,2026-09-28 00:00:00+03:00,2026-09-28 09:00:00+03:00,الغارات من الطيران الحربي,قصف وغارات,العرايش - حاريص,650,حاريص,none,1,DUPLICATE_OF_NEWS,,,35d5042c-ab4e-4385-8d36-549fbf9970ba;68cf47d7-cc34-4e58-8301-a0329b99f267,,152
38286,Janoubana,2026-09-28,2026-09-28 00:00:00+03:00,2026-09-28 09:00:00+03:00,القصف المدفعي,قصف مدفعي,المنصوري,976,المنصوري,none,1,NOT_IN_INCIDENTS,NEWS_NEVER_ARRIVED,,,,
38286,Janoubana,2026-09-28,2026-09-28 00:00:00+03:00,2026-09-28 09:00:00+03:00,القصف المدفعي,قصف مدفعي,وادي الحجير,1219,قبريخا,none,1,NOT_IN_INCIDENTS,NEWS_NEVER_ARRIVED,,,,
38286,Janoubana,2026-09-28,2026-09-28 00:00:00+03:00,2026-09-28 09:00:00+03:00,القصف المدفعي,قصف مدفعي,وادي زبقين,1523,زبقين,none,1,DUPLICATE_OF_NEWS,,,d39d294a-fa28-4289-88b4-e3749b8da375,,-14
38286,Janoubana,2026-09-28,2026-09-28 00:00:00+03:00,2026-09-28 09:00:00+03:00,القصف المدفعي,قصف مدفعي,وادي السلوقي,1464,تولين,none,1,DUPLICATE_OF_NEWS,,,0bb7183d-af49-49c7-80b0-6c22a353088f,,539
38286,Janoubana,2026-09-28,2026-09-28 00:00:00+03:00,2026-09-28 09:00:00+03:00,القصف المدفعي,قصف مدفعي,النبطيه الفوقا,1153,نبطية الفوقا,none,1,NOT_IN_INCIDENTS,NEWS_WRONG_VILLAGE,كفر تبنيت,,38098,
38575,alichoeib1970,2026-10-01,2026-10-01 00:00:00+03:00,2026-10-01 07:49:18+03:00,الغارات الحربيه المعاديه,قصف وغارات,بني حيان,205,بني حيان,none,1,NOT_IN_INCIDENTS,NEWS_NEVER_ARRIVED,,,,
38575,alichoeib1970,2026-10-01,2026-10-01 00:00:00+03:00,2026-10-01 07:49:18+03:00,الغارات الحربيه المعاديه,قصف وغارات,بين ميفدون وزوطر الشرقيه,1003,ميفدون,between,1,NOT_IN_INCIDENTS,NEWS_NEVER_ARRIVED,,,,
38575,alichoeib1970,2026-10-01,2026-10-01 00:00:00+03:00,2026-10-01 07:49:18+03:00,القصف المدفعي المعادي,قصف مدفعي,النبطيه الفوقا,1153,نبطية الفوقا,none,1,NOT_IN_INCIDENTS,NEWS_NEVER_ARRIVED,,,,
38575,alichoeib1970,2026-10-01,2026-10-01 00:00:00+03:00,2026-10-01 07:49:18+03:00,القصف المدفعي المعادي,قصف مدفعي,ميس الجبل,1079,ميس الجبل,none,1,NOT_IN_INCIDENTS,NEWS_NEVER_ARRIVED,,,,
38575,alichoeib1970,2026-10-01,2026-10-01 00:00:00+03:00,2026-10-01 07:49:18+03:00,القصف المدفعي المعادي,قصف مدفعي,حاريص,650,حاريص,none,1,NOT_IN_INCIDENTS,NEWS_NEVER_ARRIVED,,,,
38575,alichoeib1970,2026-10-01,2026-10-01 00:00:00+03:00,2026-10-01 07:49:18+03:00,القصف المدفعي المعادي,قصف مدفعي,الخيام,901,الخيام,none,1,NOT_IN_INCIDENTS,NEWS_NEVER_ARRIVED,,,,
38575,alichoeib1970,2026-10-01,2026-10-01 00:00:00+03:00,2026-10-01 07:49:18+03:00,القصف المدفعي المعادي,قصف مدفعي,صربين,1412,صربين,none,1,NOT_IN_INCIDENTS,NEWS_NEVER_ARRIVED,,,,
38575,alichoeib1970,2026-10-01,2026-10-01 00:00:00+03:00,2026-10-01 07:49:18+03:00,التفجيرات,تلغيم وتفجير,الخيام,901,الخيام,none,1,NOT_IN_INCIDENTS,NEWS_NEVER_ARRIVED,,,,
38575,alichoeib1970,2026-10-01,2026-10-01 00:00:00+03:00,2026-10-01 07:49:18+03:00,قنابل مضيئه,قنابل مضيئة وحارقة,وادي الحجير,1219,قبريخا,none,1,NOT_IN_INCIDENTS,NEWS_NEVER_ARRIVED,,,,
38576,mehwaralmokawma,2026-10-01,2026-10-01 00:00:00+03:00,2026-10-01 07:50:13+03:00,الغارات الحربيه المعاديه,قصف وغارات,بني حيان,205,بني حيان,none,1,NOT_IN_INCIDENTS,NEWS_NEVER_ARRIVED,,,,
38576,mehwaralmokawma,2026-10-01,2026-10-01 00:00:00+03:00,2026-10-01 07:50:13+03:00,الغارات الحربيه المعاديه,قصف وغارات,بين ميفدون وزوطر الشرقيه,1003,ميفدون,between,1,NOT_IN_INCIDENTS,NEWS_NEVER_ARRIVED,,,,
38576,mehwaralmokawma,2026-10-01,2026-10-01 00:00:00+03:00,2026-10-01 07:50:13+03:00,القصف المدفعي المعادي,قصف مدفعي,النبطيه الفوقا,1153,نبطية الفوقا,none,1,NOT_IN_INCIDENTS,NEWS_NEVER_ARRIVED,,,,
38576,mehwaralmokawma,2026-10-01,2026-10-01 00:00:00+03:00,2026-10-01 07:50:13+03:00,القصف المدفعي المعادي,قصف مدفعي,ميس الجبل,1079,ميس الجبل,none,1,NOT_IN_INCIDENTS,NEWS_NEVER_ARRIVED,,,,
38576,mehwaralmokawma,2026-10-01,2026-10-01 00:00:00+03:00,2026-10-01 07:50:13+03:00,القصف المدفعي المعادي,قصف مدفعي,حاريص,650,حاريص,none,1,NOT_IN_INCIDENTS,NEWS_NEVER_ARRIVED,,,,
38576,mehwaralmokawma,2026-10-01,2026-10-01 00:00:00+03:00,2026-10-01 07:50:13+03:00,القصف المدفعي المعادي,قصف مدفعي,الخيام,901,الخيام,none,1,NOT_IN_INCIDENTS,NEWS_NEVER_ARRIVED,,,,
38576,mehwaralmokawma,2026-10-01,2026-10-01 00:00:00+03:00,2026-10-01 07:50:13+03:00,القصف المدفعي المعادي,قصف مدفعي,صربين,1412,صربين,none,1,NOT_IN_INCIDENTS,NEWS_NEVER_ARRIVED,,,,
38576,mehwaralmokawma,2026-10-01,2026-10-01 00:00:00+03:00,2026-10-01 07:50:13+03:00,التفجيرات,تلغيم وتفجير,الخيام,901,الخيام,none,1,NOT_IN_INCIDENTS,NEWS_NEVER_ARRIVED,,,,
38576,mehwaralmokawma,2026-10-01,2026-10-01 00:00:00+03:00,2026-10-01 07:50:13+03:00,قنابل مضيئه,قنابل مضيئة وحارقة,وادي الحجير,1219,قبريخا,none,1,NOT_IN_INCIDENTS,NEWS_NEVER_ARRIVED,,,,
38853,alichoeib1970,2026-10-02,2026-10-02 00:00:00+03:00,2026-10-02 23:57:21+03:00,الغارات التي نفذها الطيران الحربي المعادي,قصف وغارات,المنصوري,976,المنصوري,none,1,DUPLICATE_OF_NEWS,,,d486df35-d228-43d9-8c2c-6f2574ec2870,,579
38853,alichoeib1970,2026-10-02,2026-10-02 00:00:00+03:00,2026-10-02 23:57:21+03:00,القصف المدفعي المعادي,قصف مدفعي,كفرتبنيت,857,كفر تبنيت,none,1,NOT_IN_INCIDENTS,NEWS_NEVER_ARRIVED,,,,
38853,alichoeib1970,2026-10-02,2026-10-02 00:00:00+03:00,2026-10-02 23:57:21+03:00,القصف المدفعي المعادي,قصف مدفعي,وادي السلوقي,1464,تولين,none,1,DUPLICATE_OF_NEWS,,,c2fed5bc-d4dd-4504-a339-db8c39093ed1,,738
38853,alichoeib1970,2026-10-02,2026-10-02 00:00:00+03:00,2026-10-02 23:57:21+03:00,القصف المدفعي المعادي,قصف مدفعي,المنصوري | بيوت السياد,976,المنصوري,none,1,DUPLICATE_OF_NEWS,,,5b5ca309-f9c8-4ccd-91f8-1f20c9572a15,,537
38853,alichoeib1970,2026-10-02,2026-10-02 00:00:00+03:00,2026-10-02 23:57:21+03:00,القصف المدفعي المعادي,قصف مدفعي,ميس الجبل,1079,ميس الجبل,none,1,SAME_VILLAGE_OTHER_ACTION,تلغيم وتفجير,,,,
38853,alichoeib1970,2026-10-02,2026-10-02 00:00:00+03:00,2026-10-02 23:57:21+03:00,القصف المدفعي المعادي,قصف مدفعي,وادي زبقين,1523,زبقين,none,1,DUPLICATE_OF_NEWS,,,de5bcead-3c74-4aae-9d01-872c402d4def,,-4
38853,alichoeib1970,2026-10-02,2026-10-02 00:00:00+03:00,2026-10-02 23:57:21+03:00,القصف المدفعي المعادي,قصف مدفعي,زوطر الشرقيه,1519,زوطر الشرقية,none,1,SAME_VILLAGE_OTHER_ACTION,غير مصنف / بحاجة إلى مراجعة,,,,
38853,alichoeib1970,2026-10-02,2026-10-02 00:00:00+03:00,2026-10-02 23:57:21+03:00,القصف المدفعي المعادي,قصف مدفعي,رشاف,1286,رشاف,none,1,DUPLICATE_OF_NEWS,,,bdbe8a24-f736-4fe8-b913-4eed2255e43a,,345
38853,alichoeib1970,2026-10-02,2026-10-02 00:00:00+03:00,2026-10-02 23:57:21+03:00,القصف المدفعي المعادي,قصف مدفعي,اطراف ميفدون,1003,ميفدون,none,1,SAME_VILLAGE_OTHER_ACTION,غير مصنف / بحاجة إلى مراجعة,,,,
38853,alichoeib1970,2026-10-02,2026-10-02 00:00:00+03:00,2026-10-02 23:57:21+03:00,القصف المدفعي المعادي,قصف مدفعي,بيت ياحون,273,بيت ياحون,none,1,SAME_VILLAGE_OTHER_ACTION,عملية تمشيط; قصف وغارات,,,,
38853,alichoeib1970,2026-10-02,2026-10-02 00:00:00+03:00,2026-10-02 23:57:21+03:00,القصف المدفعي المعادي,قصف مدفعي,اطراف برعشيت,207,برعشيت,none,1,DUPLICATE_OF_NEWS,,,696b9d42-83b9-489b-a3a9-2906b3b9eb14,,3
38853,alichoeib1970,2026-10-02,2026-10-02 00:00:00+03:00,2026-10-02 23:57:21+03:00,القصف المدفعي المعادي,قصف مدفعي,شبعا,418,شبعا,none,1,DUPLICATE_OF_NEWS,,,af40aa0e-4b03-4365-86cb-579a46dcfead,,312
38853,alichoeib1970,2026-10-02,2026-10-02 00:00:00+03:00,2026-10-02 23:57:21+03:00,القصف المدفعي المعادي,قصف مدفعي,حداثا,601,حداثا,none,1,SAME_VILLAGE_OTHER_ACTION,قصف وغارات,,,,
38853,alichoeib1970,2026-10-02,2026-10-02 00:00:00+03:00,2026-10-02 23:57:21+03:00,القصف المدفعي المعادي,قصف مدفعي,سدانه-اطراف الهباريه,672,هبّارية,none,1,NOT_IN_INCIDENTS,NEWS_NEVER_ARRIVED,,,,
38853,alichoeib1970,2026-10-02,2026-10-02 00:00:00+03:00,2026-10-02 23:57:21+03:00,التفجيرات التي نفذها العدو في البلدات الجنوبيه,تلغيم وتفجير,عيترون,77,عيترون,none,1,DUPLICATE_OF_NEWS,,,9428da42-bc50-4ecf-990a-47d0fd9e6776,,660
38853,alichoeib1970,2026-10-02,2026-10-02 00:00:00+03:00,2026-10-02 23:57:21+03:00,التفجيرات التي نفذها العدو في البلدات الجنوبيه,تلغيم وتفجير,المنصوري,976,المنصوري,none,1,SAME_VILLAGE_OTHER_ACTION,قصف مدفعي; قصف وغارات,,,,
38853,alichoeib1970,2026-10-02,2026-10-02 00:00:00+03:00,2026-10-02 23:57:21+03:00,التفجيرات التي نفذها العدو في البلدات الجنوبيه,تلغيم وتفجير,بيت ليف,269,بيت ليف,none,1,NOT_IN_INCIDENTS,NEWS_FAILED,error,,38845,
38853,alichoeib1970,2026-10-02,2026-10-02 00:00:00+03:00,2026-10-02 23:57:21+03:00,التفجيرات التي نفذها العدو في البلدات الجنوبيه,تلغيم وتفجير,ميس الجبل,1079,ميس الجبل,none,1,DUPLICATE_OF_NEWS,,,d600529a-efbb-43ec-b1c9-e7c3aa48e441,,345
38853,alichoeib1970,2026-10-02,2026-10-02 00:00:00+03:00,2026-10-02 23:57:21+03:00,التفجيرات التي نفذها العدو في البلدات الجنوبيه,تلغيم وتفجير,مجدلزون,969,مجدل زون,none,1,SAME_VILLAGE_OTHER_ACTION,قصف وغارات,,,,
38854,nabatiehchannel; sameralhajali,2026-10-02,2026-10-02 00:00:00+03:00,2026-10-02 23:57:57+03:00,الغارات التي نفذها الطيران الحربي المعادي,قصف وغارات,المنصوري,976,المنصوري,none,1,DUPLICATE_OF_NEWS,,,d486df35-d228-43d9-8c2c-6f2574ec2870,,579
38854,nabatiehchannel; sameralhajali,2026-10-02,2026-10-02 00:00:00+03:00,2026-10-02 23:57:57+03:00,القصف المدفعي المعادي,قصف مدفعي,كفرتبنيت,857,كفر تبنيت,none,1,NOT_IN_INCIDENTS,NEWS_NEVER_ARRIVED,,,,
38854,nabatiehchannel; sameralhajali,2026-10-02,2026-10-02 00:00:00+03:00,2026-10-02 23:57:57+03:00,القصف المدفعي المعادي,قصف مدفعي,وادي السلوقي,1464,تولين,none,1,DUPLICATE_OF_NEWS,,,c2fed5bc-d4dd-4504-a339-db8c39093ed1,,739
38854,nabatiehchannel; sameralhajali,2026-10-02,2026-10-02 00:00:00+03:00,2026-10-02 23:57:57+03:00,القصف المدفعي المعادي,قصف مدفعي,المنصوري | بيوت السياد,976,المنصوري,none,1,DUPLICATE_OF_NEWS,,,5b5ca309-f9c8-4ccd-91f8-1f20c9572a15,,537
38854,nabatiehchannel; sameralhajali,2026-10-02,2026-10-02 00:00:00+03:00,2026-10-02 23:57:57+03:00,القصف المدفعي المعادي,قصف مدفعي,ميس الجبل,1079,ميس الجبل,none,1,SAME_VILLAGE_OTHER_ACTION,تلغيم وتفجير,,,,
38854,nabatiehchannel; sameralhajali,2026-10-02,2026-10-02 00:00:00+03:00,2026-10-02 23:57:57+03:00,القصف المدفعي المعادي,قصف مدفعي,وادي زبقين,1523,زبقين,none,1,DUPLICATE_OF_NEWS,,,de5bcead-3c74-4aae-9d01-872c402d4def,,-4
38854,nabatiehchannel; sameralhajali,2026-10-02,2026-10-02 00:00:00+03:00,2026-10-02 23:57:57+03:00,القصف المدفعي المعادي,قصف مدفعي,زوطر الشرقيه,1519,زوطر الشرقية,none,1,SAME_VILLAGE_OTHER_ACTION,غير مصنف / بحاجة إلى مراجعة,,,,
38854,nabatiehchannel; sameralhajali,2026-10-02,2026-10-02 00:00:00+03:00,2026-10-02 23:57:57+03:00,القصف المدفعي المعادي,قصف مدفعي,رشاف,1286,رشاف,none,1,DUPLICATE_OF_NEWS,,,bdbe8a24-f736-4fe8-b913-4eed2255e43a,,346
38854,nabatiehchannel; sameralhajali,2026-10-02,2026-10-02 00:00:00+03:00,2026-10-02 23:57:57+03:00,القصف المدفعي المعادي,قصف مدفعي,اطراف ميفدون,1003,ميفدون,none,1,SAME_VILLAGE_OTHER_ACTION,غير مصنف / بحاجة إلى مراجعة,,,,
38854,nabatiehchannel; sameralhajali,2026-10-02,2026-10-02 00:00:00+03:00,2026-10-02 23:57:57+03:00,القصف المدفعي المعادي,قصف مدفعي,بيت ياحون,273,بيت ياحون,none,1,SAME_VILLAGE_OTHER_ACTION,عملية تمشيط; قصف وغارات,,,,
38854,nabatiehchannel; sameralhajali,2026-10-02,2026-10-02 00:00:00+03:00,2026-10-02 23:57:57+03:00,القصف المدفعي المعادي,قصف مدفعي,اطراف برعشيت,207,برعشيت,none,1,DUPLICATE_OF_NEWS,,,696b9d42-83b9-489b-a3a9-2906b3b9eb14,,4
38854,nabatiehchannel; sameralhajali,2026-10-02,2026-10-02 00:00:00+03:00,2026-10-02 23:57:57+03:00,القصف المدفعي المعادي,قصف مدفعي,شبعا,418,شبعا,none,1,DUPLICATE_OF_NEWS,,,af40aa0e-4b03-4365-86cb-579a46dcfead,,313
38854,nabatiehchannel; sameralhajali,2026-10-02,2026-10-02 00:00:00+03:00,2026-10-02 23:57:57+03:00,القصف المدفعي المعادي,قصف مدفعي,حداثا,601,حداثا,none,1,SAME_VILLAGE_OTHER_ACTION,قصف وغارات,,,,
38854,nabatiehchannel; sameralhajali,2026-10-02,2026-10-02 00:00:00+03:00,2026-10-02 23:57:57+03:00,القصف المدفعي المعادي,قصف مدفعي,سدانه-اطراف الهباريه,672,هبّارية,none,1,NOT_IN_INCIDENTS,NEWS_NEVER_ARRIVED,,,,
38854,nabatiehchannel; sameralhajali,2026-10-02,2026-10-02 00:00:00+03:00,2026-10-02 23:57:57+03:00,التفجيرات التي نفذها العدو في البلدات الجنوبيه,تلغيم وتفجير,عيترون,77,عيترون,none,1,DUPLICATE_OF_NEWS,,,9428da42-bc50-4ecf-990a-47d0fd9e6776,,660
38854,nabatiehchannel; sameralhajali,2026-10-02,2026-10-02 00:00:00+03:00,2026-10-02 23:57:57+03:00,التفجيرات التي نفذها العدو في البلدات الجنوبيه,تلغيم وتفجير,المنصوري,976,المنصوري,none,1,SAME_VILLAGE_OTHER_ACTION,قصف مدفعي; قصف وغارات,,,,
38854,nabatiehchannel; sameralhajali,2026-10-02,2026-10-02 00:00:00+03:00,2026-10-02 23:57:57+03:00,التفجيرات التي نفذها العدو في البلدات الجنوبيه,تلغيم وتفجير,بيت ليف,269,بيت ليف,none,1,NOT_IN_INCIDENTS,NEWS_FAILED,error,,38845,
38854,nabatiehchannel; sameralhajali,2026-10-02,2026-10-02 00:00:00+03:00,2026-10-02 23:57:57+03:00,التفجيرات التي نفذها العدو في البلدات الجنوبيه,تلغيم وتفجير,ميس الجبل,1079,ميس الجبل,none,1,DUPLICATE_OF_NEWS,,,d600529a-efbb-43ec-b1c9-e7c3aa48e441,,346
38854,nabatiehchannel; sameralhajali,2026-10-02,2026-10-02 00:00:00+03:00,2026-10-02 23:57:57+03:00,التفجيرات التي نفذها العدو في البلدات الجنوبيه,تلغيم وتفجير,مجدلزون,969,مجدل زون,none,1,SAME_VILLAGE_OTHER_ACTION,قصف وغارات,,,,
38855,mehwaralmokawma,2026-10-02,2026-10-02 00:00:00+03:00,2026-10-02 23:58:15+03:00,الغارات التي نفذها الطيران الحربي المعادي,قصف وغارات,المنصوري,976,المنصوري,none,1,DUPLICATE_OF_NEWS,,,d486df35-d228-43d9-8c2c-6f2574ec2870,,580
38855,mehwaralmokawma,2026-10-02,2026-10-02 00:00:00+03:00,2026-10-02 23:58:15+03:00,القصف المدفعي المعادي,قصف مدفعي,كفرتبنيت,857,كفر تبنيت,none,1,NOT_IN_INCIDENTS,NEWS_NEVER_ARRIVED,,,,
38855,mehwaralmokawma,2026-10-02,2026-10-02 00:00:00+03:00,2026-10-02 23:58:15+03:00,القصف المدفعي المعادي,قصف مدفعي,وادي السلوقي,1464,تولين,none,1,DUPLICATE_OF_NEWS,,,c2fed5bc-d4dd-4504-a339-db8c39093ed1,,739
38855,mehwaralmokawma,2026-10-02,2026-10-02 00:00:00+03:00,2026-10-02 23:58:15+03:00,القصف المدفعي المعادي,قصف مدفعي,المنصوري | بيوت السياد,976,المنصوري,none,1,DUPLICATE_OF_NEWS,,,5b5ca309-f9c8-4ccd-91f8-1f20c9572a15,,538
38855,mehwaralmokawma,2026-10-02,2026-10-02 00:00:00+03:00,2026-10-02 23:58:15+03:00,القصف المدفعي المعادي,قصف مدفعي,ميس الجبل,1079,ميس الجبل,none,1,SAME_VILLAGE_OTHER_ACTION,تلغيم وتفجير,,,,
38855,mehwaralmokawma,2026-10-02,2026-10-02 00:00:00+03:00,2026-10-02 23:58:15+03:00,القصف المدفعي المعادي,قصف مدفعي,وادي زبقين,1523,زبقين,none,1,DUPLICATE_OF_NEWS,,,de5bcead-3c74-4aae-9d01-872c402d4def,,-3
38855,mehwaralmokawma,2026-10-02,2026-10-02 00:00:00+03:00,2026-10-02 23:58:15+03:00,القصف المدفعي المعادي,قصف مدفعي,زوطر الشرقيه,1519,زوطر الشرقية,none,1,SAME_VILLAGE_OTHER_ACTION,غير مصنف / بحاجة إلى مراجعة,,,,
38855,mehwaralmokawma,2026-10-02,2026-10-02 00:00:00+03:00,2026-10-02 23:58:15+03:00,القصف المدفعي المعادي,قصف مدفعي,رشاف,1286,رشاف,none,1,DUPLICATE_OF_NEWS,,,bdbe8a24-f736-4fe8-b913-4eed2255e43a,,346
38855,mehwaralmokawma,2026-10-02,2026-10-02 00:00:00+03:00,2026-10-02 23:58:15+03:00,القصف المدفعي المعادي,قصف مدفعي,اطراف ميفدون,1003,ميفدون,none,1,SAME_VILLAGE_OTHER_ACTION,غير مصنف / بحاجة إلى مراجعة,,,,
38855,mehwaralmokawma,2026-10-02,2026-10-02 00:00:00+03:00,2026-10-02 23:58:15+03:00,القصف المدفعي المعادي,قصف مدفعي,بيت ياحون,273,بيت ياحون,none,1,SAME_VILLAGE_OTHER_ACTION,عملية تمشيط; قصف وغارات,,,,
38855,mehwaralmokawma,2026-10-02,2026-10-02 00:00:00+03:00,2026-10-02 23:58:15+03:00,القصف المدفعي المعادي,قصف مدفعي,اطراف برعشيت,207,برعشيت,none,1,DUPLICATE_OF_NEWS,,,696b9d42-83b9-489b-a3a9-2906b3b9eb14,,4
38855,mehwaralmokawma,2026-10-02,2026-10-02 00:00:00+03:00,2026-10-02 23:58:15+03:00,القصف المدفعي المعادي,قصف مدفعي,شبعا,418,شبعا,none,1,DUPLICATE_OF_NEWS,,,af40aa0e-4b03-4365-86cb-579a46dcfead,,313
38855,mehwaralmokawma,2026-10-02,2026-10-02 00:00:00+03:00,2026-10-02 23:58:15+03:00,القصف المدفعي المعادي,قصف مدفعي,حداثا,601,حداثا,none,1,SAME_VILLAGE_OTHER_ACTION,قصف وغارات,,,,
38855,mehwaralmokawma,2026-10-02,2026-10-02 00:00:00+03:00,2026-10-02 23:58:15+03:00,القصف المدفعي المعادي,قصف مدفعي,سدانه-اطراف الهباريه,672,هبّارية,none,1,NOT_IN_INCIDENTS,NEWS_NEVER_ARRIVED,,,,
38855,mehwaralmokawma,2026-10-02,2026-10-02 00:00:00+03:00,2026-10-02 23:58:15+03:00,التفجيرات التي نفذها العدو في البلدات الجنوبيه,تلغيم وتفجير,عيترون,77,عيترون,none,1,DUPLICATE_OF_NEWS,,,9428da42-bc50-4ecf-990a-47d0fd9e6776,,661
38855,mehwaralmokawma,2026-10-02,2026-10-02 00:00:00+03:00,2026-10-02 23:58:15+03:00,التفجيرات التي نفذها العدو في البلدات الجنوبيه,تلغيم وتفجير,المنصوري,976,المنصوري,none,1,SAME_VILLAGE_OTHER_ACTION,قصف مدفعي; قصف وغارات,,,,
38855,mehwaralmokawma,2026-10-02,2026-10-02 00:00:00+03:00,2026-10-02 23:58:15+03:00,التفجيرات التي نفذها العدو في البلدات الجنوبيه,تلغيم وتفجير,بيت ليف,269,بيت ليف,none,1,NOT_IN_INCIDENTS,NEWS_FAILED,error,,38845,
38855,mehwaralmokawma,2026-10-02,2026-10-02 00:00:00+03:00,2026-10-02 23:58:15+03:00,التفجيرات التي نفذها العدو في البلدات الجنوبيه,تلغيم وتفجير,ميس الجبل,1079,ميس الجبل,none,1,DUPLICATE_OF_NEWS,,,d600529a-efbb-43ec-b1c9-e7c3aa48e441,,346
38855,mehwaralmokawma,2026-10-02,2026-10-02 00:00:00+03:00,2026-10-02 23:58:15+03:00,التفجيرات التي نفذها العدو في البلدات الجنوبيه,تلغيم وتفجير,مجدلزون,969,مجدل زون,none,1,SAME_VILLAGE_OTHER_ACTION,قصف وغارات,,,,
38859,Janoubana,2026-10-02,2026-10-02 00:00:00+03:00,2026-10-03 00:00:00+03:00,الغارات من الطيران الحربي المعادي,قصف وغارات,المنصوري,976,المنصوري,none,1,DUPLICATE_OF_NEWS,,,d486df35-d228-43d9-8c2c-6f2574ec2870,,584
38859,Janoubana,2026-10-02,2026-10-02 00:00:00+03:00,2026-10-03 00:00:00+03:00,القصف المدفعي المعادي,قصف مدفعي,كفرتبنيت,857,كفر تبنيت,none,1,NOT_IN_INCIDENTS,NEWS_NEVER_ARRIVED,,,,
38859,Janoubana,2026-10-02,2026-10-02 00:00:00+03:00,2026-10-03 00:00:00+03:00,القصف المدفعي المعادي,قصف مدفعي,وادي السلوقي,1464,تولين,none,1,DUPLICATE_OF_NEWS,,,c2fed5bc-d4dd-4504-a339-db8c39093ed1,,744
38859,Janoubana,2026-10-02,2026-10-02 00:00:00+03:00,2026-10-03 00:00:00+03:00,القصف المدفعي المعادي,قصف مدفعي,المنصوري | بيوت السياد,976,المنصوري,none,1,DUPLICATE_OF_NEWS,,,5b5ca309-f9c8-4ccd-91f8-1f20c9572a15,,542
38859,Janoubana,2026-10-02,2026-10-02 00:00:00+03:00,2026-10-03 00:00:00+03:00,القصف المدفعي المعادي,قصف مدفعي,ميس الجبل,1079,ميس الجبل,none,1,SAME_VILLAGE_OTHER_ACTION,تلغيم وتفجير,,,,
38859,Janoubana,2026-10-02,2026-10-02 00:00:00+03:00,2026-10-03 00:00:00+03:00,القصف المدفعي المعادي,قصف مدفعي,وادي زبقين,1523,زبقين,none,1,DUPLICATE_OF_NEWS,,,de5bcead-3c74-4aae-9d01-872c402d4def,,1
38859,Janoubana,2026-10-02,2026-10-02 00:00:00+03:00,2026-10-03 00:00:00+03:00,القصف المدفعي المعادي,قصف مدفعي,زوطر الشرقيه,1519,زوطر الشرقية,none,1,SAME_VILLAGE_OTHER_ACTION,غير مصنف / بحاجة إلى مراجعة,,,,
38859,Janoubana,2026-10-02,2026-10-02 00:00:00+03:00,2026-10-03 00:00:00+03:00,القصف المدفعي المعادي,قصف مدفعي,رشاف,1286,رشاف,none,1,DUPLICATE_OF_NEWS,,,bdbe8a24-f736-4fe8-b913-4eed2255e43a,,351
38859,Janoubana,2026-10-02,2026-10-02 00:00:00+03:00,2026-10-03 00:00:00+03:00,القصف المدفعي المعادي,قصف مدفعي,اطراف ميفدون,1003,ميفدون,none,1,SAME_VILLAGE_OTHER_ACTION,غير مصنف / بحاجة إلى مراجعة,,,,
38859,Janoubana,2026-10-02,2026-10-02 00:00:00+03:00,2026-10-03 00:00:00+03:00,القصف المدفعي المعادي,قصف مدفعي,بيت ياحون,273,بيت ياحون,none,1,SAME_VILLAGE_OTHER_ACTION,عملية تمشيط; قصف وغارات,,,,
38859,Janoubana,2026-10-02,2026-10-02 00:00:00+03:00,2026-10-03 00:00:00+03:00,القصف المدفعي المعادي,قصف مدفعي,اطراف برعشيت,207,برعشيت,none,1,DUPLICATE_OF_NEWS,,,696b9d42-83b9-489b-a3a9-2906b3b9eb14,,9
38859,Janoubana,2026-10-02,2026-10-02 00:00:00+03:00,2026-10-03 00:00:00+03:00,القصف المدفعي المعادي,قصف مدفعي,شبعا,418,شبعا,none,1,DUPLICATE_OF_NEWS,,,af40aa0e-4b03-4365-86cb-579a46dcfead,,318
38859,Janoubana,2026-10-02,2026-10-02 00:00:00+03:00,2026-10-03 00:00:00+03:00,القصف المدفعي المعادي,قصف مدفعي,حداثا,601,حداثا,none,1,SAME_VILLAGE_OTHER_ACTION,قصف وغارات,,,,
38859,Janoubana,2026-10-02,2026-10-02 00:00:00+03:00,2026-10-03 00:00:00+03:00,القصف المدفعي المعادي,قصف مدفعي,سدانه-اطراف الهباريه,672,هبّارية,none,1,NOT_IN_INCIDENTS,NEWS_NEVER_ARRIVED,,,,
38859,Janoubana,2026-10-02,2026-10-02 00:00:00+03:00,2026-10-03 00:00:00+03:00,التفجيرات التي نفذها العدو,تلغيم وتفجير,عيترون,77,عيترون,none,1,DUPLICATE_OF_NEWS,,,9428da42-bc50-4ecf-990a-47d0fd9e6776,,665
38859,Janoubana,2026-10-02,2026-10-02 00:00:00+03:00,2026-10-03 00:00:00+03:00,التفجيرات التي نفذها العدو,تلغيم وتفجير,المنصوري,976,المنصوري,none,1,SAME_VILLAGE_OTHER_ACTION,قصف مدفعي; قصف وغارات,,,,
38859,Janoubana,2026-10-02,2026-10-02 00:00:00+03:00,2026-10-03 00:00:00+03:00,التفجيرات التي نفذها العدو,تلغيم وتفجير,بيت ليف,269,بيت ليف,none,1,NOT_IN_INCIDENTS,NEWS_FAILED,error,,38845,
38859,Janoubana,2026-10-02,2026-10-02 00:00:00+03:00,2026-10-03 00:00:00+03:00,التفجيرات التي نفذها العدو,تلغيم وتفجير,ميس الجبل,1079,ميس الجبل,none,1,DUPLICATE_OF_NEWS,,,d600529a-efbb-43ec-b1c9-e7c3aa48e441,,351
38859,Janoubana,2026-10-02,2026-10-02 00:00:00+03:00,2026-10-03 00:00:00+03:00,التفجيرات التي نفذها العدو,تلغيم وتفجير,مجدلزون,969,مجدل زون,none,1,SAME_VILLAGE_OTHER_ACTION,قصف وغارات,,,,
38917,Janoubana; hashemsayed,2026-10-03,2026-10-03 00:00:00+03:00,2026-10-03 10:10:00+03:00,الغارات من الطيران الحربي,قصف وغارات,النبطيه الفوقا,1153,نبطية الفوقا,none,1,NOT_IN_INCIDENTS,NEWS_FAILED,error,,38873,
38917,Janoubana; hashemsayed,2026-10-03,2026-10-03 00:00:00+03:00,2026-10-03 10:10:00+03:00,الغارات من الطيران الحربي,قصف وغارات,وادي السلوقي-القنطره,1464,تولين,between,1,DUPLICATE_OF_NEWS,,,78429dfb-312b-4e9b-9c27-aee691a92650,,122
38917,Janoubana; hashemsayed,2026-10-03,2026-10-03 00:00:00+03:00,2026-10-03 10:10:00+03:00,القصف المدفعي,قصف مدفعي,وادي زبقين,1523,زبقين,none,1,DUPLICATE_OF_NEWS,,,de5bcead-3c74-4aae-9d01-872c402d4def,,608
38917,Janoubana; hashemsayed,2026-10-03,2026-10-03 00:00:00+03:00,2026-10-03 10:10:00+03:00,القصف المدفعي,قصف مدفعي,حداثا وحاريص,601,حداثا,none,1,NOT_IN_INCIDENTS,NEWS_FAILED,error,,38863;38867,
38917,Janoubana; hashemsayed,2026-10-03,2026-10-03 00:00:00+03:00,2026-10-03 10:10:00+03:00,القصف المدفعي,قصف مدفعي,حداثا وحاريص,650,حاريص,none,1,SAME_VILLAGE_OTHER_ACTION,قصف وغارات,,,,
38917,Janoubana; hashemsayed,2026-10-03,2026-10-03 00:00:00+03:00,2026-10-03 10:10:00+03:00,القصف المدفعي,قصف مدفعي,وادي الحجير,1219,قبريخا,none,1,SAME_VILLAGE_OTHER_ACTION,قصف وغارات,,,,
38917,Janoubana; hashemsayed,2026-10-03,2026-10-03 00:00:00+03:00,2026-10-03 10:10:00+03:00,القصف المدفعي,قصف مدفعي,وادي السلوقي,1464,تولين,none,1,NOT_IN_INCIDENTS,NEWS_FAILED,error,,38890;38892,
38917,Janoubana; hashemsayed,2026-10-03,2026-10-03 00:00:00+03:00,2026-10-03 10:10:00+03:00,القصف المدفعي,قصف مدفعي,زوطر الشرقيه,1519,زوطر الشرقية,none,1,NOT_IN_INCIDENTS,NEWS_NEVER_ARRIVED,,,,
38917,Janoubana; hashemsayed,2026-10-03,2026-10-03 00:00:00+03:00,2026-10-03 10:10:00+03:00,القصف المدفعي,قصف مدفعي,النبطيه الفوقا,1153,نبطية الفوقا,none,1,NOT_IN_INCIDENTS,NEWS_FAILED,error,,38873,
38917,Janoubana; hashemsayed,2026-10-03,2026-10-03 00:00:00+03:00,2026-10-03 10:10:00+03:00,التفجيرات,تلغيم وتفجير,بيت ياحون,273,بيت ياحون,none,1,NOT_IN_INCIDENTS,NEWS_NEVER_ARRIVED,,,,
38917,Janoubana; hashemsayed,2026-10-03,2026-10-03 00:00:00+03:00,2026-10-03 10:10:00+03:00,التفجيرات,تلغيم وتفجير,اطراف برعشيت,207,برعشيت,none,1,SAME_VILLAGE_OTHER_ACTION,قصف مدفعي,,,,
39078,alichoeib1970,2026-10-03,2026-10-03 00:00:00+03:00,2026-10-03 23:57:12+03:00,الغارات التي نفذها الطيران الحربي المعادي,قصف وغارات,النبطيه الفوقا | بين النبطيه الفوقا-كفرتبنيت,1153,نبطية الفوقا,between,1,DUPLICATE_OF_NEWS,,,06404ea3-ae4b-417a-9750-1781e30e51cc;d1dac18f-77ab-4268-ad03-46287d80b58c;0fee7b07-3670-4533-a986-d9349a62e4aa,,261
39078,alichoeib1970,2026-10-03,2026-10-03 00:00:00+03:00,2026-10-03 23:57:12+03:00,الغارات التي نفذها الطيران الحربي المعادي,قصف وغارات,وادي السلوقي-القنطره,1464,تولين,between,1,DUPLICATE_OF_NEWS,,,78429dfb-312b-4e9b-9c27-aee691a92650,,949
39078,alichoeib1970,2026-10-03,2026-10-03 00:00:00+03:00,2026-10-03 23:57:12+03:00,الغارات التي نفذها الطيران الحربي المعادي,قصف وغارات,المنصوري,976,المنصوري,none,1,DUPLICATE_OF_NEWS,,,0f66ea9d-1a3f-4da5-83b2-dc0f61df6a93,,261
39078,alichoeib1970,2026-10-03,2026-10-03 00:00:00+03:00,2026-10-03 23:57:12+03:00,القصف المدفعي المعادي,قصف مدفعي,وادي زبقين,1523,زبقين,none,1,DUPLICATE_OF_NEWS,,,de5bcead-3c74-4aae-9d01-872c402d4def,,1435
39078,alichoeib1970,2026-10-03,2026-10-03 00:00:00+03:00,2026-10-03 23:57:12+03:00,القصف المدفعي المعادي,قصف مدفعي,حداثا وحاريص,601,حداثا,none,1,NOT_IN_INCIDENTS,NEWS_FAILED,error,,38863;38867,
39078,alichoeib1970,2026-10-03,2026-10-03 00:00:00+03:00,2026-10-03 23:57:12+03:00,القصف المدفعي المعادي,قصف مدفعي,حداثا وحاريص,650,حاريص,none,1,SAME_VILLAGE_OTHER_ACTION,قصف وغارات,,,,
39078,alichoeib1970,2026-10-03,2026-10-03 00:00:00+03:00,2026-10-03 23:57:12+03:00,القصف المدفعي المعادي,قصف مدفعي,وادي الحجير,1219,قبريخا,none,1,SAME_VILLAGE_OTHER_ACTION,قصف وغارات,,,,
39078,alichoeib1970,2026-10-03,2026-10-03 00:00:00+03:00,2026-10-03 23:57:12+03:00,القصف المدفعي المعادي,قصف مدفعي,وادي السلوقي,1464,تولين,none,1,NOT_IN_INCIDENTS,NEWS_FAILED,error,,39072;39014;39019;38890;38892,
39078,alichoeib1970,2026-10-03,2026-10-03 00:00:00+03:00,2026-10-03 23:57:12+03:00,القصف المدفعي المعادي,قصف مدفعي,المنصوري,976,المنصوري,none,1,SAME_VILLAGE_OTHER_ACTION,قصف وغارات,,,,
39078,alichoeib1970,2026-10-03,2026-10-03 00:00:00+03:00,2026-10-03 23:57:12+03:00,القصف المدفعي المعادي,قصف مدفعي,سهل الخيام,901,الخيام,none,1,NOT_IN_INCIDENTS,NEWS_WRONG_VILLAGE,مزارع شبعا,,38962;38962,
39078,alichoeib1970,2026-10-03,2026-10-03 00:00:00+03:00,2026-10-03 23:57:12+03:00,القصف المدفعي المعادي,قصف مدفعي,زوطر الشرقيه,1519,زوطر الشرقية,none,1,NOT_IN_INCIDENTS,NEWS_NEVER_ARRIVED,,,,
39078,alichoeib1970,2026-10-03,2026-10-03 00:00:00+03:00,2026-10-03 23:57:12+03:00,القصف المدفعي المعادي,قصف مدفعي,كفرتبنيت,857,كفر تبنيت,none,1,SAME_VILLAGE_OTHER_ACTION,قصف وغارات,,,,
39078,alichoeib1970,2026-10-03,2026-10-03 00:00:00+03:00,2026-10-03 23:57:12+03:00,القصف المدفعي المعادي,قصف مدفعي,برعشيت,207,برعشيت,none,1,DUPLICATE_OF_NEWS,,,696b9d42-83b9-489b-a3a9-2906b3b9eb14,,1443
39078,alichoeib1970,2026-10-03,2026-10-03 00:00:00+03:00,2026-10-03 23:57:12+03:00,القصف المدفعي المعادي,قصف مدفعي,النبطيه الفوقا,1153,نبطية الفوقا,none,1,SAME_VILLAGE_OTHER_ACTION,قصف وغارات,,,,
39078,alichoeib1970,2026-10-03,2026-10-03 00:00:00+03:00,2026-10-03 23:57:12+03:00,التفجيرات التي نفذها العدو في البلدات الجنوبيه,تلغيم وتفجير,بيت ياحون,273,بيت ياحون,none,1,NOT_IN_INCIDENTS,NEWS_NEVER_ARRIVED,,,,
39078,alichoeib1970,2026-10-03,2026-10-03 00:00:00+03:00,2026-10-03 23:57:12+03:00,التفجيرات التي نفذها العدو في البلدات الجنوبيه,تلغيم وتفجير,اطراف برعشيت,207,برعشيت,none,1,SAME_VILLAGE_OTHER_ACTION,قصف مدفعي,,,,
39078,alichoeib1970,2026-10-03,2026-10-03 00:00:00+03:00,2026-10-03 23:57:12+03:00,التفجيرات التي نفذها العدو في البلدات الجنوبيه,تلغيم وتفجير,حولا,701,حولا,none,1,NOT_IN_INCIDENTS,NEWS_NEVER_ARRIVED,,,,
39078,alichoeib1970,2026-10-03,2026-10-03 00:00:00+03:00,2026-10-03 23:57:12+03:00,التفجيرات التي نفذها العدو في البلدات الجنوبيه,تلغيم وتفجير,المنصوري,976,المنصوري,none,1,SAME_VILLAGE_OTHER_ACTION,قصف وغارات,,,,
39078,alichoeib1970,2026-10-03,2026-10-03 00:00:00+03:00,2026-10-03 23:57:12+03:00,التفجيرات التي نفذها العدو في البلدات الجنوبيه,تلغيم وتفجير,طلوسه,1431,طلوسة,none,1,SAME_VILLAGE_OTHER_ACTION,قصف مدفعي,,,,
39078,alichoeib1970,2026-10-03,2026-10-03 00:00:00+03:00,2026-10-03 23:57:12+03:00,القنابل المضيئه,قنابل مضيئة وحارقة,المنصوري,976,المنصوري,none,1,SAME_VILLAGE_OTHER_ACTION,قصف وغارات,,,,
39078,alichoeib1970,2026-10-03,2026-10-03 00:00:00+03:00,2026-10-03 23:57:12+03:00,القنابل المضيئه,قنابل مضيئة وحارقة,كونين,919,كونين,none,1,NOT_IN_INCIDENTS,NEWS_FAILED,error,,39065;39066,
39079,nabatiehchannel; sameralhajali,2026-10-03,2026-10-03 00:00:00+03:00,2026-10-03 23:57:31+03:00,الغارات التي نفذها الطيران الحربي المعادي,قصف وغارات,النبطيه الفوقا | بين النبطيه الفوقا-كفرتبنيت,1153,نبطية الفوقا,between,1,DUPLICATE_OF_NEWS,,,06404ea3-ae4b-417a-9750-1781e30e51cc;d1dac18f-77ab-4268-ad03-46287d80b58c;0fee7b07-3670-4533-a986-d9349a62e4aa,,261
39079,nabatiehchannel; sameralhajali,2026-10-03,2026-10-03 00:00:00+03:00,2026-10-03 23:57:31+03:00,الغارات التي نفذها الطيران الحربي المعادي,قصف وغارات,وادي السلوقي-القنطره,1464,تولين,between,1,DUPLICATE_OF_NEWS,,,78429dfb-312b-4e9b-9c27-aee691a92650,,949
39079,nabatiehchannel; sameralhajali,2026-10-03,2026-10-03 00:00:00+03:00,2026-10-03 23:57:31+03:00,الغارات التي نفذها الطيران الحربي المعادي,قصف وغارات,المنصوري,976,المنصوري,none,1,DUPLICATE_OF_NEWS,,,0f66ea9d-1a3f-4da5-83b2-dc0f61df6a93,,262
39079,nabatiehchannel; sameralhajali,2026-10-03,2026-10-03 00:00:00+03:00,2026-10-03 23:57:31+03:00,القصف المدفعي المعادي,قصف مدفعي,وادي زبقين,1523,زبقين,none,1,DUPLICATE_OF_NEWS,,,de5bcead-3c74-4aae-9d01-872c402d4def,,1436
39079,nabatiehchannel; sameralhajali,2026-10-03,2026-10-03 00:00:00+03:00,2026-10-03 23:57:31+03:00,القصف المدفعي المعادي,قصف مدفعي,حداثا وحاريص,601,حداثا,none,1,NOT_IN_INCIDENTS,NEWS_FAILED,error,,38863;38867,
39079,nabatiehchannel; sameralhajali,2026-10-03,2026-10-03 00:00:00+03:00,2026-10-03 23:57:31+03:00,القصف المدفعي المعادي,قصف مدفعي,حداثا وحاريص,650,حاريص,none,1,SAME_VILLAGE_OTHER_ACTION,قصف وغارات,,,,
39079,nabatiehchannel; sameralhajali,2026-10-03,2026-10-03 00:00:00+03:00,2026-10-03 23:57:31+03:00,القصف المدفعي المعادي,قصف مدفعي,وادي الحجير,1219,قبريخا,none,1,SAME_VILLAGE_OTHER_ACTION,قصف وغارات,,,,
39079,nabatiehchannel; sameralhajali,2026-10-03,2026-10-03 00:00:00+03:00,2026-10-03 23:57:31+03:00,القصف المدفعي المعادي,قصف مدفعي,وادي السلوقي,1464,تولين,none,1,NOT_IN_INCIDENTS,NEWS_FAILED,error,,39072;39014;39019;38890;38892,
39079,nabatiehchannel; sameralhajali,2026-10-03,2026-10-03 00:00:00+03:00,2026-10-03 23:57:31+03:00,القصف المدفعي المعادي,قصف مدفعي,المنصوري,976,المنصوري,none,1,SAME_VILLAGE_OTHER_ACTION,قصف وغارات,,,,
39079,nabatiehchannel; sameralhajali,2026-10-03,2026-10-03 00:00:00+03:00,2026-10-03 23:57:31+03:00,القصف المدفعي المعادي,قصف مدفعي,سهل الخيام,901,الخيام,none,1,NOT_IN_INCIDENTS,NEWS_WRONG_VILLAGE,مزارع شبعا,,38962;38962,
39079,nabatiehchannel; sameralhajali,2026-10-03,2026-10-03 00:00:00+03:00,2026-10-03 23:57:31+03:00,القصف المدفعي المعادي,قصف مدفعي,زوطر الشرقيه,1519,زوطر الشرقية,none,1,NOT_IN_INCIDENTS,NEWS_NEVER_ARRIVED,,,,
39079,nabatiehchannel; sameralhajali,2026-10-03,2026-10-03 00:00:00+03:00,2026-10-03 23:57:31+03:00,القصف المدفعي المعادي,قصف مدفعي,كفرتبنيت,857,كفر تبنيت,none,1,SAME_VILLAGE_OTHER_ACTION,قصف وغارات,,,,
39079,nabatiehchannel; sameralhajali,2026-10-03,2026-10-03 00:00:00+03:00,2026-10-03 23:57:31+03:00,القصف المدفعي المعادي,قصف مدفعي,برعشيت,207,برعشيت,none,1,DUPLICATE_OF_NEWS,,,696b9d42-83b9-489b-a3a9-2906b3b9eb14,,1444
39079,nabatiehchannel; sameralhajali,2026-10-03,2026-10-03 00:00:00+03:00,2026-10-03 23:57:31+03:00,القصف المدفعي المعادي,قصف مدفعي,النبطيه الفوقا,1153,نبطية الفوقا,none,1,SAME_VILLAGE_OTHER_ACTION,قصف وغارات,,,,
39079,nabatiehchannel; sameralhajali,2026-10-03,2026-10-03 00:00:00+03:00,2026-10-03 23:57:31+03:00,التفجيرات التي نفذها العدو في البلدات الجنوبيه,تلغيم وتفجير,بيت ياحون,273,بيت ياحون,none,1,NOT_IN_INCIDENTS,NEWS_NEVER_ARRIVED,,,,
39079,nabatiehchannel; sameralhajali,2026-10-03,2026-10-03 00:00:00+03:00,2026-10-03 23:57:31+03:00,التفجيرات التي نفذها العدو في البلدات الجنوبيه,تلغيم وتفجير,اطراف برعشيت,207,برعشيت,none,1,SAME_VILLAGE_OTHER_ACTION,قصف مدفعي,,,,
39079,nabatiehchannel; sameralhajali,2026-10-03,2026-10-03 00:00:00+03:00,2026-10-03 23:57:31+03:00,التفجيرات التي نفذها العدو في البلدات الجنوبيه,تلغيم وتفجير,حولا,701,حولا,none,1,NOT_IN_INCIDENTS,NEWS_NEVER_ARRIVED,,,,
39079,nabatiehchannel; sameralhajali,2026-10-03,2026-10-03 00:00:00+03:00,2026-10-03 23:57:31+03:00,التفجيرات التي نفذها العدو في البلدات الجنوبيه,تلغيم وتفجير,المنصوري,976,المنصوري,none,1,SAME_VILLAGE_OTHER_ACTION,قصف وغارات,,,,
39079,nabatiehchannel; sameralhajali,2026-10-03,2026-10-03 00:00:00+03:00,2026-10-03 23:57:31+03:00,التفجيرات التي نفذها العدو في البلدات الجنوبيه,تلغيم وتفجير,طلوسه,1431,طلوسة,none,1,SAME_VILLAGE_OTHER_ACTION,قصف مدفعي,,,,
39079,nabatiehchannel; sameralhajali,2026-10-03,2026-10-03 00:00:00+03:00,2026-10-03 23:57:31+03:00,القنابل المضيئه,قنابل مضيئة وحارقة,المنصوري,976,المنصوري,none,1,SAME_VILLAGE_OTHER_ACTION,قصف وغارات,,,,
39079,nabatiehchannel; sameralhajali,2026-10-03,2026-10-03 00:00:00+03:00,2026-10-03 23:57:31+03:00,القنابل المضيئه,قنابل مضيئة وحارقة,كونين,919,كونين,none,1,NOT_IN_INCIDENTS,NEWS_FAILED,error,,39065;39066,
39082,Janoubana,2026-10-03,2026-10-03 00:00:00+03:00,2026-10-04 00:00:00+03:00,الغارات من الطيران الحربي,قصف وغارات,النبطيه الفوقا | بين النبطيه الفوقا-كفرتبنيت,1153,نبطية الفوقا,between,1,DUPLICATE_OF_NEWS,,,06404ea3-ae4b-417a-9750-1781e30e51cc;d1dac18f-77ab-4268-ad03-46287d80b58c;0fee7b07-3670-4533-a986-d9349a62e4aa,,268
39082,Janoubana,2026-10-03,2026-10-03 00:00:00+03:00,2026-10-04 00:00:00+03:00,الغارات من الطيران الحربي,قصف وغارات,وادي السلوقي-القنطره,1464,تولين,between,1,DUPLICATE_OF_NEWS,,,78429dfb-312b-4e9b-9c27-aee691a92650,,957
39082,Janoubana,2026-10-03,2026-10-03 00:00:00+03:00,2026-10-04 00:00:00+03:00,الغارات من الطيران الحربي,قصف وغارات,المنصوري,976,المنصوري,none,1,DUPLICATE_OF_NEWS,,,0f66ea9d-1a3f-4da5-83b2-dc0f61df6a93,,269
39082,Janoubana,2026-10-03,2026-10-03 00:00:00+03:00,2026-10-04 00:00:00+03:00,القصف المدفعي المعادي,قصف مدفعي,وادي زبقين,1523,زبقين,none,1,DUPLICATE_OF_NEWS,,,de5bcead-3c74-4aae-9d01-872c402d4def,,1443
39082,Janoubana,2026-10-03,2026-10-03 00:00:00+03:00,2026-10-04 00:00:00+03:00,القصف المدفعي المعادي,قصف مدفعي,حداثا وحاريص,601,حداثا,none,1,NOT_IN_INCIDENTS,NEWS_FAILED,error,,38863;38867,
39082,Janoubana,2026-10-03,2026-10-03 00:00:00+03:00,2026-10-04 00:00:00+03:00,القصف المدفعي المعادي,قصف مدفعي,حداثا وحاريص,650,حاريص,none,1,SAME_VILLAGE_OTHER_ACTION,قصف وغارات,,,,
39082,Janoubana,2026-10-03,2026-10-03 00:00:00+03:00,2026-10-04 00:00:00+03:00,القصف المدفعي المعادي,قصف مدفعي,وادي الحجير,1219,قبريخا,none,1,SAME_VILLAGE_OTHER_ACTION,قصف وغارات,,,,
39082,Janoubana,2026-10-03,2026-10-03 00:00:00+03:00,2026-10-04 00:00:00+03:00,القصف المدفعي المعادي,قصف مدفعي,وادي السلوقي,1464,تولين,none,1,NOT_IN_INCIDENTS,NEWS_FAILED,error,,39072;39014;39019;38890;38892,
39082,Janoubana,2026-10-03,2026-10-03 00:00:00+03:00,2026-10-04 00:00:00+03:00,القصف المدفعي المعادي,قصف مدفعي,المنصوري,976,المنصوري,none,1,SAME_VILLAGE_OTHER_ACTION,قصف وغارات,,,,
39082,Janoubana,2026-10-03,2026-10-03 00:00:00+03:00,2026-10-04 00:00:00+03:00,القصف المدفعي المعادي,قصف مدفعي,سهل الخيام,901,الخيام,none,1,NOT_IN_INCIDENTS,NEWS_WRONG_VILLAGE,مزارع شبعا,,38962;38962,
39082,Janoubana,2026-10-03,2026-10-03 00:00:00+03:00,2026-10-04 00:00:00+03:00,القصف المدفعي المعادي,قصف مدفعي,زوطر الشرقيه,1519,زوطر الشرقية,none,1,NOT_IN_INCIDENTS,NEWS_NEVER_ARRIVED,,,,
39082,Janoubana,2026-10-03,2026-10-03 00:00:00+03:00,2026-10-04 00:00:00+03:00,القصف المدفعي المعادي,قصف مدفعي,كفرتبنيت,857,كفر تبنيت,none,1,SAME_VILLAGE_OTHER_ACTION,قصف وغارات,,,,
39082,Janoubana,2026-10-03,2026-10-03 00:00:00+03:00,2026-10-04 00:00:00+03:00,القصف المدفعي المعادي,قصف مدفعي,برعشيت,207,برعشيت,none,1,DUPLICATE_OF_NEWS,,,696b9d42-83b9-489b-a3a9-2906b3b9eb14,,1451
39082,Janoubana,2026-10-03,2026-10-03 00:00:00+03:00,2026-10-04 00:00:00+03:00,القصف المدفعي المعادي,قصف مدفعي,النبطيه الفوقا,1153,نبطية الفوقا,none,1,SAME_VILLAGE_OTHER_ACTION,قصف وغارات,,,,
39082,Janoubana,2026-10-03,2026-10-03 00:00:00+03:00,2026-10-04 00:00:00+03:00,التفجيرات التي نفذها العدو,تلغيم وتفجير,بيت ياحون,273,بيت ياحون,none,1,NOT_IN_INCIDENTS,NEWS_NEVER_ARRIVED,,,,
39082,Janoubana,2026-10-03,2026-10-03 00:00:00+03:00,2026-10-04 00:00:00+03:00,التفجيرات التي نفذها العدو,تلغيم وتفجير,اطراف برعشيت,207,برعشيت,none,1,SAME_VILLAGE_OTHER_ACTION,قصف مدفعي,,,,
39082,Janoubana,2026-10-03,2026-10-03 00:00:00+03:00,2026-10-04 00:00:00+03:00,التفجيرات التي نفذها العدو,تلغيم وتفجير,حولا,701,حولا,none,1,NOT_IN_INCIDENTS,NEWS_NEVER_ARRIVED,,,,
39082,Janoubana,2026-10-03,2026-10-03 00:00:00+03:00,2026-10-04 00:00:00+03:00,التفجيرات التي نفذها العدو,تلغيم وتفجير,المنصوري,976,المنصوري,none,1,SAME_VILLAGE_OTHER_ACTION,قصف وغارات,,,,
39082,Janoubana,2026-10-03,2026-10-03 00:00:00+03:00,2026-10-04 00:00:00+03:00,التفجيرات التي نفذها العدو,تلغيم وتفجير,عيترون,77,عيترون,none,1,NOT_IN_INCIDENTS,NEWS_NEVER_ARRIVED,,,,
39082,Janoubana,2026-10-03,2026-10-03 00:00:00+03:00,2026-10-04 00:00:00+03:00,التفجيرات التي نفذها العدو,تلغيم وتفجير,طلوسه,1431,طلوسة,none,1,SAME_VILLAGE_OTHER_ACTION,قصف مدفعي,,,,
39082,Janoubana,2026-10-03,2026-10-03 00:00:00+03:00,2026-10-04 00:00:00+03:00,القنابل المضيئه,قنابل مضيئة وحارقة,المنصوري,976,المنصوري,none,1,SAME_VILLAGE_OTHER_ACTION,قصف وغارات,,,,
39082,Janoubana,2026-10-03,2026-10-03 00:00:00+03:00,2026-10-04 00:00:00+03:00,القنابل المضيئه,قنابل مضيئة وحارقة,كونين,919,كونين,none,1,NOT_IN_INCIDENTS,NEWS_FAILED,error,,39065;39066,
39329,alichoeib1970; mehwaralmokawma,2026-10-04,2026-10-04 00:00:00+03:00,2026-10-04 23:57:21+03:00,الغارات التي نفذها الطيران الحربي المعادي,قصف وغارات,بين زوطر الشرقيه-كفرتبنيت,1519,زوطر الشرقية,between,1,DUPLICATE_OF_NEWS,,,80a70d2a-6201-49ed-88b7-14f8d6abc94e;72fc148d-dee4-47bf-b9de-a3f065446e5e,,604
39329,alichoeib1970; mehwaralmokawma,2026-10-04,2026-10-04 00:00:00+03:00,2026-10-04 23:57:21+03:00,الغارات التي نفذها الطيران الحربي المعادي,قصف وغارات,وادي الحجير,1219,قبريخا,none,1,DUPLICATE_OF_NEWS,,,2f6d0378-463d-4901-95b7-a2462aa9de97,,607
39329,alichoeib1970; mehwaralmokawma,2026-10-04,2026-10-04 00:00:00+03:00,2026-10-04 23:57:21+03:00,الغارات التي نفذها الطيران الحربي المعادي,قصف وغارات,اطراف القنطره,1228,قنطرة,none,1,DUPLICATE_OF_NEWS,,,c7a0b0e3-f0b6-4ac8-8880-d55cdf4b8b37,,632
39329,alichoeib1970; mehwaralmokawma,2026-10-04,2026-10-04 00:00:00+03:00,2026-10-04 23:57:21+03:00,الغارات التي نفذها الطيران الحربي المعادي,قصف وغارات,المنصوري,976,المنصوري,none,1,DUPLICATE_OF_NEWS,,,844800be-2d2d-4792-9152-659edd998f77,,610
39329,alichoeib1970; mehwaralmokawma,2026-10-04,2026-10-04 00:00:00+03:00,2026-10-04 23:57:21+03:00,الغارات التي نفذها الطيران الحربي المعادي,قصف وغارات,حداثا,601,حداثا,none,1,SAME_VILLAGE_OTHER_ACTION,قصف مدفعي,,,,
39329,alichoeib1970; mehwaralmokawma,2026-10-04,2026-10-04 00:00:00+03:00,2026-10-04 23:57:21+03:00,القصف المدفعي المعادي,قصف مدفعي,المنصوري,976,المنصوري,none,1,DUPLICATE_OF_NEWS,,,5eeb0dee-49bd-4e3d-9b47-7e42539ce22c,,471
39329,alichoeib1970; mehwaralmokawma,2026-10-04,2026-10-04 00:00:00+03:00,2026-10-04 23:57:21+03:00,القصف المدفعي المعادي,قصف مدفعي,اطراف ميفدون,1003,ميفدون,none,1,DUPLICATE_OF_NEWS,,,525aed6b-e05c-4332-a766-1dbf1bd733f6,,-5
39329,alichoeib1970; mehwaralmokawma,2026-10-04,2026-10-04 00:00:00+03:00,2026-10-04 23:57:21+03:00,القصف المدفعي المعادي,قصف مدفعي,حرش كونين,919,كونين,none,1,SAME_VILLAGE_OTHER_ACTION,غير مصنف / بحاجة إلى مراجعة,,,,
39329,alichoeib1970; mehwaralmokawma,2026-10-04,2026-10-04 00:00:00+03:00,2026-10-04 23:57:21+03:00,القصف المدفعي المعادي,قصف مدفعي,وادي الحجير,1219,قبريخا,none,1,SAME_VILLAGE_OTHER_ACTION,قصف وغارات,,,,
39329,alichoeib1970; mehwaralmokawma,2026-10-04,2026-10-04 00:00:00+03:00,2026-10-04 23:57:21+03:00,القصف المدفعي المعادي,قصف مدفعي,النبطيه الفوقا,1153,نبطية الفوقا,none,1,NOT_IN_INCIDENTS,NEWS_NEVER_ARRIVED,,,,
39329,alichoeib1970; mehwaralmokawma,2026-10-04,2026-10-04 00:00:00+03:00,2026-10-04 23:57:21+03:00,القصف المدفعي المعادي,قصف مدفعي,دوحه كفررمان,851,كفر رمان,none,1,SAME_VILLAGE_OTHER_ACTION,غير مصنف / بحاجة إلى مراجعة; قصف وغارات,,,,
39329,alichoeib1970; mehwaralmokawma,2026-10-04,2026-10-04 00:00:00+03:00,2026-10-04 23:57:21+03:00,القصف المدفعي المعادي,قصف مدفعي,برعشيت,207,برعشيت,none,1,SAME_VILLAGE_OTHER_ACTION,قصف وغارات,,,,
39329,alichoeib1970; mehwaralmokawma,2026-10-04,2026-10-04 00:00:00+03:00,2026-10-04 23:57:21+03:00,القصف المدفعي المعادي,قصف مدفعي,حداثا,601,حداثا,none,1,DUPLICATE_OF_NEWS,,,0f204ab6-7e62-42cf-bd23-b7a644732e80,,980
39329,alichoeib1970; mehwaralmokawma,2026-10-04,2026-10-04 00:00:00+03:00,2026-10-04 23:57:21+03:00,القصف المدفعي المعادي,قصف مدفعي,حولا,701,حولا,none,1,SAME_VILLAGE_OTHER_ACTION,قصف وغارات,,,,
39329,alichoeib1970; mehwaralmokawma,2026-10-04,2026-10-04 00:00:00+03:00,2026-10-04 23:57:21+03:00,القصف المدفعي المعادي,قصف مدفعي,وادي السلوقي,1464,تولين,none,1,SAME_VILLAGE_OTHER_ACTION,قصف وغارات,,,,
39329,alichoeib1970; mehwaralmokawma,2026-10-04,2026-10-04 00:00:00+03:00,2026-10-04 23:57:21+03:00,القصف المدفعي المعادي,قصف مدفعي,سهل الخيام,901,الخيام,none,1,SAME_VILLAGE_OTHER_ACTION,قصف وغارات,,,,
39329,alichoeib1970; mehwaralmokawma,2026-10-04,2026-10-04 00:00:00+03:00,2026-10-04 23:57:21+03:00,القصف المدفعي المعادي,قصف مدفعي,كفرتبنيت,857,كفر تبنيت,none,1,SAME_VILLAGE_OTHER_ACTION,قصف وغارات,,,,
39329,alichoeib1970; mehwaralmokawma,2026-10-04,2026-10-04 00:00:00+03:00,2026-10-04 23:57:21+03:00,التفجيرات التي نفذها العدو في البلدات الجنوبيه,تلغيم وتفجير,اطراف برعشيت,207,برعشيت,none,1,SAME_VILLAGE_OTHER_ACTION,قصف وغارات,,,,
39329,alichoeib1970; mehwaralmokawma,2026-10-04,2026-10-04 00:00:00+03:00,2026-10-04 23:57:21+03:00,التفجيرات التي نفذها العدو في البلدات الجنوبيه,تلغيم وتفجير,المنصوري,976,المنصوري,none,1,SAME_VILLAGE_OTHER_ACTION,قذائف الدبابات; قصف وغارات,,,,
39266,nabatiehchannel; sameralhajali,2026-10-04,2026-10-04 00:00:00+03:00,2026-10-04 23:59:48+03:00,الغارات التي نفذها الطيران الحربي المعادي,قصف وغارات,بين زوطر الشرقيه-كفرتبنيت,1519,زوطر الشرقية,between,1,DUPLICATE_OF_NEWS,,,80a70d2a-6201-49ed-88b7-14f8d6abc94e;72fc148d-dee4-47bf-b9de-a3f065446e5e,,607
39266,nabatiehchannel; sameralhajali,2026-10-04,2026-10-04 00:00:00+03:00,2026-10-04 23:59:48+03:00,الغارات التي نفذها الطيران الحربي المعادي,قصف وغارات,وادي الحجير,1219,قبريخا,none,1,DUPLICATE_OF_NEWS,,,2f6d0378-463d-4901-95b7-a2462aa9de97,,609
39266,nabatiehchannel; sameralhajali,2026-10-04,2026-10-04 00:00:00+03:00,2026-10-04 23:59:48+03:00,الغارات التي نفذها الطيران الحربي المعادي,قصف وغارات,اطراف القنطره,1228,قنطرة,none,1,DUPLICATE_OF_NEWS,,,c7a0b0e3-f0b6-4ac8-8880-d55cdf4b8b37,,634
39266,nabatiehchannel; sameralhajali,2026-10-04,2026-10-04 00:00:00+03:00,2026-10-04 23:59:48+03:00,الغارات التي نفذها الطيران الحربي المعادي,قصف وغارات,المنصوري,976,المنصوري,none,1,DUPLICATE_OF_NEWS,,,844800be-2d2d-4792-9152-659edd998f77,,613
39266,nabatiehchannel; sameralhajali,2026-10-04,2026-10-04 00:00:00+03:00,2026-10-04 23:59:48+03:00,الغارات التي نفذها الطيران الحربي المعادي,قصف وغارات,حداثا,601,حداثا,none,1,SAME_VILLAGE_OTHER_ACTION,قصف مدفعي,,,,
39266,nabatiehchannel; sameralhajali,2026-10-04,2026-10-04 00:00:00+03:00,2026-10-04 23:59:48+03:00,القصف المدفعي المعادي,قصف مدفعي,المنصوري,976,المنصوري,none,1,DUPLICATE_OF_NEWS,,,5eeb0dee-49bd-4e3d-9b47-7e42539ce22c,,473
39266,nabatiehchannel; sameralhajali,2026-10-04,2026-10-04 00:00:00+03:00,2026-10-04 23:59:48+03:00,القصف المدفعي المعادي,قصف مدفعي,اطراف ميفدون,1003,ميفدون,none,1,DUPLICATE_OF_NEWS,,,525aed6b-e05c-4332-a766-1dbf1bd733f6,,-2
39266,nabatiehchannel; sameralhajali,2026-10-04,2026-10-04 00:00:00+03:00,2026-10-04 23:59:48+03:00,القصف المدفعي المعادي,قصف مدفعي,حرش كونين,919,كونين,none,1,SAME_VILLAGE_OTHER_ACTION,غير مصنف / بحاجة إلى مراجعة,,,,
39266,nabatiehchannel; sameralhajali,2026-10-04,2026-10-04 00:00:00+03:00,2026-10-04 23:59:48+03:00,القصف المدفعي المعادي,قصف مدفعي,وادي الحجير,1219,قبريخا,none,1,SAME_VILLAGE_OTHER_ACTION,قصف وغارات,,,,
39266,nabatiehchannel; sameralhajali,2026-10-04,2026-10-04 00:00:00+03:00,2026-10-04 23:59:48+03:00,القصف المدفعي المعادي,قصف مدفعي,النبطيه الفوقا,1153,نبطية الفوقا,none,1,NOT_IN_INCIDENTS,NEWS_NEVER_ARRIVED,,,,
39266,nabatiehchannel; sameralhajali,2026-10-04,2026-10-04 00:00:00+03:00,2026-10-04 23:59:48+03:00,القصف المدفعي المعادي,قصف مدفعي,دوحه كفررمان,851,كفر رمان,none,1,SAME_VILLAGE_OTHER_ACTION,غير مصنف / بحاجة إلى مراجعة; قصف وغارات,,,,
39266,nabatiehchannel; sameralhajali,2026-10-04,2026-10-04 00:00:00+03:00,2026-10-04 23:59:48+03:00,القصف المدفعي المعادي,قصف مدفعي,برعشيت,207,برعشيت,none,1,SAME_VILLAGE_OTHER_ACTION,قصف وغارات,,,,
39266,nabatiehchannel; sameralhajali,2026-10-04,2026-10-04 00:00:00+03:00,2026-10-04 23:59:48+03:00,القصف المدفعي المعادي,قصف مدفعي,حداثا,601,حداثا,none,1,DUPLICATE_OF_NEWS,,,0f204ab6-7e62-42cf-bd23-b7a644732e80,,982
39266,nabatiehchannel; sameralhajali,2026-10-04,2026-10-04 00:00:00+03:00,2026-10-04 23:59:48+03:00,القصف المدفعي المعادي,قصف مدفعي,حولا,701,حولا,none,1,SAME_VILLAGE_OTHER_ACTION,قصف وغارات,,,,
39266,nabatiehchannel; sameralhajali,2026-10-04,2026-10-04 00:00:00+03:00,2026-10-04 23:59:48+03:00,القصف المدفعي المعادي,قصف مدفعي,وادي السلوقي,1464,تولين,none,1,SAME_VILLAGE_OTHER_ACTION,قصف وغارات,,,,
39266,nabatiehchannel; sameralhajali,2026-10-04,2026-10-04 00:00:00+03:00,2026-10-04 23:59:48+03:00,القصف المدفعي المعادي,قصف مدفعي,سهل الخيام,901,الخيام,none,1,SAME_VILLAGE_OTHER_ACTION,قصف وغارات,,,,
39266,nabatiehchannel; sameralhajali,2026-10-04,2026-10-04 00:00:00+03:00,2026-10-04 23:59:48+03:00,القصف المدفعي المعادي,قصف مدفعي,كفرتبنيت,857,كفر تبنيت,none,1,SAME_VILLAGE_OTHER_ACTION,قصف وغارات,,,,
39266,nabatiehchannel; sameralhajali,2026-10-04,2026-10-04 00:00:00+03:00,2026-10-04 23:59:48+03:00,التفجيرات التي نفذها العدو في البلدات الجنوبيه,تلغيم وتفجير,اطراف برعشيت,207,برعشيت,none,1,SAME_VILLAGE_OTHER_ACTION,قصف وغارات,,,,
39266,nabatiehchannel; sameralhajali,2026-10-04,2026-10-04 00:00:00+03:00,2026-10-04 23:59:48+03:00,التفجيرات التي نفذها العدو في البلدات الجنوبيه,تلغيم وتفجير,المنصوري,976,المنصوري,none,1,SAME_VILLAGE_OTHER_ACTION,قذائف الدبابات; قصف وغارات,,,,
39316,Janoubana,2026-10-04,2026-10-04 00:00:00+03:00,2026-10-05 00:00:00+03:00,الغارات من الطيران الحربي المعادي,قصف وغارات,بين زوطر الشرقيه-كفرتبنيت,1519,زوطر الشرقية,between,1,DUPLICATE_OF_NEWS,,,80a70d2a-6201-49ed-88b7-14f8d6abc94e;72fc148d-dee4-47bf-b9de-a3f065446e5e,,674
39316,Janoubana,2026-10-04,2026-10-04 00:00:00+03:00,2026-10-05 00:00:00+03:00,الغارات من الطيران الحربي المعادي,قصف وغارات,وادي الحجير,1219,قبريخا,none,1,DUPLICATE_OF_NEWS,,,2f6d0378-463d-4901-95b7-a2462aa9de97,,677
39316,Janoubana,2026-10-04,2026-10-04 00:00:00+03:00,2026-10-05 00:00:00+03:00,الغارات من الطيران الحربي المعادي,قصف وغارات,اطراف القنطره,1228,قنطرة,none,1,DUPLICATE_OF_NEWS,,,c7a0b0e3-f0b6-4ac8-8880-d55cdf4b8b37,,702
39316,Janoubana,2026-10-04,2026-10-04 00:00:00+03:00,2026-10-05 00:00:00+03:00,الغارات من الطيران الحربي المعادي,قصف وغارات,المنصوري,976,المنصوري,none,1,DUPLICATE_OF_NEWS,,,844800be-2d2d-4792-9152-659edd998f77,,680
39316,Janoubana,2026-10-04,2026-10-04 00:00:00+03:00,2026-10-05 00:00:00+03:00,الغارات من الطيران الحربي المعادي,قصف وغارات,حداثا,601,حداثا,none,1,SAME_VILLAGE_OTHER_ACTION,قصف مدفعي,,,,
39316,Janoubana,2026-10-04,2026-10-04 00:00:00+03:00,2026-10-05 00:00:00+03:00,القصف المدفعي المعادي,قصف مدفعي,المنصوري,976,المنصوري,none,1,DUPLICATE_OF_NEWS,,,5eeb0dee-49bd-4e3d-9b47-7e42539ce22c,,541
39316,Janoubana,2026-10-04,2026-10-04 00:00:00+03:00,2026-10-05 00:00:00+03:00,القصف المدفعي المعادي,قصف مدفعي,اطراف ميفدون,1003,ميفدون,none,1,DUPLICATE_OF_NEWS,,,525aed6b-e05c-4332-a766-1dbf1bd733f6,,65
39316,Janoubana,2026-10-04,2026-10-04 00:00:00+03:00,2026-10-05 00:00:00+03:00,القصف المدفعي المعادي,قصف مدفعي,حرش كونين,919,كونين,none,1,SAME_VILLAGE_OTHER_ACTION,غير مصنف / بحاجة إلى مراجعة,,,,
39316,Janoubana,2026-10-04,2026-10-04 00:00:00+03:00,2026-10-05 00:00:00+03:00,القصف المدفعي المعادي,قصف مدفعي,وادي الحجير,1219,قبريخا,none,1,SAME_VILLAGE_OTHER_ACTION,قصف وغارات,,,,
39316,Janoubana,2026-10-04,2026-10-04 00:00:00+03:00,2026-10-05 00:00:00+03:00,القصف المدفعي المعادي,قصف مدفعي,النبطيه الفوقا,1153,نبطية الفوقا,none,1,NOT_IN_INCIDENTS,NEWS_NEVER_ARRIVED,,,,
39316,Janoubana,2026-10-04,2026-10-04 00:00:00+03:00,2026-10-05 00:00:00+03:00,القصف المدفعي المعادي,قصف مدفعي,دوحه كفررمان,851,كفر رمان,none,1,SAME_VILLAGE_OTHER_ACTION,غير مصنف / بحاجة إلى مراجعة; قصف وغارات,,,,
39316,Janoubana,2026-10-04,2026-10-04 00:00:00+03:00,2026-10-05 00:00:00+03:00,القصف المدفعي المعادي,قصف مدفعي,برعشيت,207,برعشيت,none,1,SAME_VILLAGE_OTHER_ACTION,قصف وغارات,,,,
39316,Janoubana,2026-10-04,2026-10-04 00:00:00+03:00,2026-10-05 00:00:00+03:00,القصف المدفعي المعادي,قصف مدفعي,حداثا,601,حداثا,none,1,DUPLICATE_OF_NEWS,,,0f204ab6-7e62-42cf-bd23-b7a644732e80,,1050
39316,Janoubana,2026-10-04,2026-10-04 00:00:00+03:00,2026-10-05 00:00:00+03:00,القصف المدفعي المعادي,قصف مدفعي,حولا,701,حولا,none,1,SAME_VILLAGE_OTHER_ACTION,قصف وغارات,,,,
39316,Janoubana,2026-10-04,2026-10-04 00:00:00+03:00,2026-10-05 00:00:00+03:00,القصف المدفعي المعادي,قصف مدفعي,وادي السلوقي,1464,تولين,none,1,SAME_VILLAGE_OTHER_ACTION,قصف وغارات,,,,
39316,Janoubana,2026-10-04,2026-10-04 00:00:00+03:00,2026-10-05 00:00:00+03:00,القصف المدفعي المعادي,قصف مدفعي,سهل الخيام,901,الخيام,none,1,SAME_VILLAGE_OTHER_ACTION,قصف وغارات,,,,
39316,Janoubana,2026-10-04,2026-10-04 00:00:00+03:00,2026-10-05 00:00:00+03:00,القصف المدفعي المعادي,قصف مدفعي,كفرتبنيت,857,كفر تبنيت,none,1,SAME_VILLAGE_OTHER_ACTION,قصف وغارات,,,,
39316,Janoubana,2026-10-04,2026-10-04 00:00:00+03:00,2026-10-05 00:00:00+03:00,التفجيرات التي نفذها العدو,تلغيم وتفجير,اطراف برعشيت,207,برعشيت,none,1,SAME_VILLAGE_OTHER_ACTION,قصف وغارات,,,,
39316,Janoubana,2026-10-04,2026-10-04 00:00:00+03:00,2026-10-05 00:00:00+03:00,التفجيرات التي نفذها العدو,تلغيم وتفجير,المنصوري,976,المنصوري,none,1,SAME_VILLAGE_OTHER_ACTION,قذائف الدبابات; قصف وغارات,,,,
40279,nabatiehchannel,2026-10-05,2026-10-05 00:00:00+03:00,2026-10-05 23:13:00+03:00,الغارات من الطيران الحربي,قصف وغارات,وادي الحجير,1219,قبريخا,none,1,NOT_IN_INCIDENTS,NEWS_WRONG_VILLAGE,كفر تبنيت,,40127,
40279,nabatiehchannel,2026-10-05,2026-10-05 00:00:00+03:00,2026-10-05 23:13:00+03:00,الغارات من الطيران الحربي,قصف وغارات,كفرتبنيت,857,كفر تبنيت,none,1,DUPLICATE_OF_NEWS,,,1099ee39-84ab-4e55-a40d-be59784403b2,,664
40279,nabatiehchannel,2026-10-05,2026-10-05 00:00:00+03:00,2026-10-05 23:13:00+03:00,الغارات من الطيران الحربي,قصف وغارات,وادي السلوقي (2),1464,تولين,none,2,SAME_VILLAGE_OTHER_ACTION,قصف مدفعي,,,,
40279,nabatiehchannel,2026-10-05,2026-10-05 00:00:00+03:00,2026-10-05 23:13:00+03:00,الغارات من الطيران الحربي,قصف وغارات,بين محيبيب و برعشيت,1093,محيبيب,between,1,DUPLICATE_OF_NEWS,,,f8ac7738-b3a7-4438-8f76-620a3d29371f,,40
40279,nabatiehchannel,2026-10-05,2026-10-05 00:00:00+03:00,2026-10-05 23:13:00+03:00,القصف المدفعي,قصف مدفعي,ميفدون | اطراف ميفدون,1003,ميفدون,none,1,DUPLICATE_OF_NEWS,,,525aed6b-e05c-4332-a766-1dbf1bd733f6,,1415
40279,nabatiehchannel,2026-10-05,2026-10-05 00:00:00+03:00,2026-10-05 23:13:00+03:00,القصف المدفعي,قصف مدفعي,المنصوري,976,المنصوري,none,1,DUPLICATE_OF_NEWS,,,26339673-b73e-47c2-9e68-01b6206b6fdd,,376
40279,nabatiehchannel,2026-10-05,2026-10-05 00:00:00+03:00,2026-10-05 23:13:00+03:00,القصف المدفعي,قصف مدفعي,بين حداثا و حاريص | حداثا,601,حداثا,between,1,DUPLICATE_OF_NEWS,,,e679f609-266c-49d6-8d7f-ca9a9323a8f8,,298
40279,nabatiehchannel,2026-10-05,2026-10-05 00:00:00+03:00,2026-10-05 23:13:00+03:00,القصف المدفعي,قصف مدفعي,اطراف شقرا,409,شقرا,none,1,NOT_IN_INCIDENTS,NEWS_FAILED,held_for_review,,40272,
40279,nabatiehchannel,2026-10-05,2026-10-05 00:00:00+03:00,2026-10-05 23:13:00+03:00,القصف المدفعي,قصف مدفعي,النبطيه الفوقا,1153,نبطية الفوقا,none,1,DUPLICATE_OF_NEWS,,,ce4daa60-b340-45ce-8232-23061b3230fd,,1068
40279,nabatiehchannel,2026-10-05,2026-10-05 00:00:00+03:00,2026-10-05 23:13:00+03:00,القصف المدفعي,قصف مدفعي,بيت ياحون,273,بيت ياحون,none,1,DUPLICATE_OF_NEWS,,,b875ad7a-cab8-4c6d-952a-a14a3c41cfce,,354
40279,nabatiehchannel,2026-10-05,2026-10-05 00:00:00+03:00,2026-10-05 23:13:00+03:00,القصف المدفعي,قصف مدفعي,وادي زبقين,1523,زبقين,none,1,DUPLICATE_OF_NEWS,,,0fb6a1f2-1143-4af4-a644-d8e52abf2036,,291
40279,nabatiehchannel,2026-10-05,2026-10-05 00:00:00+03:00,2026-10-05 23:13:00+03:00,القصف المدفعي,قصف مدفعي,اطراف برعشيت,207,برعشيت,none,1,DUPLICATE_OF_NEWS,,,391cc0c3-412d-4498-8c8d-5e968f9972e9,,114
40279,nabatiehchannel,2026-10-05,2026-10-05 00:00:00+03:00,2026-10-05 23:13:00+03:00,عمليات التفجير,تلغيم وتفجير,ارنون,176,أرنون,none,1,SAME_VILLAGE_OTHER_ACTION,قصف وغارات,,,,
40279,nabatiehchannel,2026-10-05,2026-10-05 00:00:00+03:00,2026-10-05 23:13:00+03:00,عمليات التفجير,تلغيم وتفجير,الخيام,901,الخيام,none,1,SAME_VILLAGE_OTHER_ACTION,قصف وغارات,,,,
40279,nabatiehchannel,2026-10-05,2026-10-05 00:00:00+03:00,2026-10-05 23:13:00+03:00,قنابل مضيئه و فسفوريه,قنابل مضيئة وحارقة,مجدل زون,969,مجدل زون,none,1,DUPLICATE_OF_NEWS,,,aef52e9d-7e16-4b29-8dff-f0488f254f5e,,1472
40279,nabatiehchannel,2026-10-05,2026-10-05 00:00:00+03:00,2026-10-05 23:13:00+03:00,قنابل مضيئه و فسفوريه,قذائف فوسفورية,مجدل زون,969,مجدل زون,none,1,SAME_VILLAGE_OTHER_ACTION,قنابل مضيئة وحارقة,,,,
40279,nabatiehchannel,2026-10-05,2026-10-05 00:00:00+03:00,2026-10-05 23:13:00+03:00,قنابل مضيئه و فسفوريه,قنابل مضيئة وحارقة,المنصوري,976,المنصوري,none,1,SAME_VILLAGE_OTHER_ACTION,قصف مدفعي,,,,
40279,nabatiehchannel,2026-10-05,2026-10-05 00:00:00+03:00,2026-10-05 23:13:00+03:00,قنابل مضيئه و فسفوريه,قذائف فوسفورية,المنصوري,976,المنصوري,none,1,DUPLICATE_OF_NEWS,,,26339673-b73e-47c2-9e68-01b6206b6fdd,,376
40281,alichoeib1970,2026-10-05,2026-10-05 00:00:00+03:00,2026-10-05 23:57:35+03:00,الغارات التي نفذها الطيران الحربي المعادي,قصف وغارات,وادي الحجير,1219,قبريخا,none,1,NOT_IN_INCIDENTS,NEWS_WRONG_VILLAGE,كفر تبنيت,,40127,
40281,alichoeib1970,2026-10-05,2026-10-05 00:00:00+03:00,2026-10-05 23:57:35+03:00,الغارات التي نفذها الطيران الحربي المعادي,قصف وغارات,كفرتبنيت,857,كفر تبنيت,none,1,DUPLICATE_OF_NEWS,,,1099ee39-84ab-4e55-a40d-be59784403b2,,685
40281,alichoeib1970,2026-10-05,2026-10-05 00:00:00+03:00,2026-10-05 23:57:35+03:00,الغارات التي نفذها الطيران الحربي المعادي,قصف وغارات,وادي السلوقي,1464,تولين,none,1,SAME_VILLAGE_OTHER_ACTION,قصف مدفعي,,,,
40281,alichoeib1970,2026-10-05,2026-10-05 00:00:00+03:00,2026-10-05 23:57:35+03:00,الغارات التي نفذها الطيران الحربي المعادي,قصف وغارات,اطراف عيترون,77,عيترون,none,1,DUPLICATE_OF_NEWS,,,6ff4685b-5544-4fc8-986d-db868a0f7fe1,,58
40281,alichoeib1970,2026-10-05,2026-10-05 00:00:00+03:00,2026-10-05 23:57:35+03:00,القصف المدفعي المعادي,قصف مدفعي,وادي السلوقي,1464,تولين,none,1,DUPLICATE_OF_NEWS,,,626b243d-2c83-4971-b3f7-a871036371ae,,139
40281,alichoeib1970,2026-10-05,2026-10-05 00:00:00+03:00,2026-10-05 23:57:35+03:00,القصف المدفعي المعادي,قصف مدفعي,المنصوري,976,المنصوري,none,1,DUPLICATE_OF_NEWS,,,26339673-b73e-47c2-9e68-01b6206b6fdd,,397
40281,alichoeib1970,2026-10-05,2026-10-05 00:00:00+03:00,2026-10-05 23:57:35+03:00,القصف المدفعي المعادي,قصف مدفعي,حداثا – حاريص,601,حداثا,between,1,DUPLICATE_OF_NEWS,,,e679f609-266c-49d6-8d7f-ca9a9323a8f8,,319
40281,alichoeib1970,2026-10-05,2026-10-05 00:00:00+03:00,2026-10-05 23:57:35+03:00,القصف المدفعي المعادي,قصف مدفعي,النبطيه الفوقا,1153,نبطية الفوقا,none,1,DUPLICATE_OF_NEWS,,,ce4daa60-b340-45ce-8232-23061b3230fd,,1089
40281,alichoeib1970,2026-10-05,2026-10-05 00:00:00+03:00,2026-10-05 23:57:35+03:00,القصف المدفعي المعادي,قذائف فوسفورية,مجدلزون مدفعي+فوسفوري,969,مجدل زون,none,1,SAME_VILLAGE_OTHER_ACTION,قنابل مضيئة وحارقة,,,,
40281,alichoeib1970,2026-10-05,2026-10-05 00:00:00+03:00,2026-10-05 23:57:35+03:00,القصف المدفعي المعادي,قصف مدفعي,مجدلزون مدفعي+فوسفوري,969,مجدل زون,none,1,SAME_VILLAGE_OTHER_ACTION,قنابل مضيئة وحارقة,,,,
40281,alichoeib1970,2026-10-05,2026-10-05 00:00:00+03:00,2026-10-05 23:57:35+03:00,القصف المدفعي المعادي,قصف مدفعي,اطراف برعشيت,207,برعشيت,none,1,DUPLICATE_OF_NEWS,,,391cc0c3-412d-4498-8c8d-5e968f9972e9,,135
40281,alichoeib1970,2026-10-05,2026-10-05 00:00:00+03:00,2026-10-05 23:57:35+03:00,القصف المدفعي المعادي,قصف مدفعي,بيت ياحون,273,بيت ياحون,none,1,DUPLICATE_OF_NEWS,,,b875ad7a-cab8-4c6d-952a-a14a3c41cfce,,375
40281,alichoeib1970,2026-10-05,2026-10-05 00:00:00+03:00,2026-10-05 23:57:35+03:00,القصف المدفعي المعادي,قصف مدفعي,وادي زبقين,1523,زبقين,none,1,DUPLICATE_OF_NEWS,,,0fb6a1f2-1143-4af4-a644-d8e52abf2036,,312
40281,alichoeib1970,2026-10-05,2026-10-05 00:00:00+03:00,2026-10-05 23:57:35+03:00,القصف المدفعي المعادي,قصف مدفعي,زوطر الشرقيه,1519,زوطر الشرقية,none,1,DUPLICATE_OF_NEWS,,,8ec6e34a-10e3-4508-ae51-24f4e3ca4e10,,222
40281,alichoeib1970,2026-10-05,2026-10-05 00:00:00+03:00,2026-10-05 23:57:35+03:00,التفجيرات التي نفذها العدو في البلدات الجنوبيه,تلغيم وتفجير,ارنون,176,أرنون,none,1,SAME_VILLAGE_OTHER_ACTION,قصف وغارات,,,,
40282,sameralhajali,2026-10-05,2026-10-05 00:00:00+03:00,2026-10-05 23:58:21+03:00,الغارات التي نفذها الطيران الحربي المعادي,قصف وغارات,وادي الحجير,1219,قبريخا,none,1,NOT_IN_INCIDENTS,NEWS_WRONG_VILLAGE,كفر تبنيت,,40127,
40282,sameralhajali,2026-10-05,2026-10-05 00:00:00+03:00,2026-10-05 23:58:21+03:00,الغارات التي نفذها الطيران الحربي المعادي,قصف وغارات,كفرتبنيت,857,كفر تبنيت,none,1,DUPLICATE_OF_NEWS,,,1099ee39-84ab-4e55-a40d-be59784403b2,,685
40282,sameralhajali,2026-10-05,2026-10-05 00:00:00+03:00,2026-10-05 23:58:21+03:00,الغارات التي نفذها الطيران الحربي المعادي,قصف وغارات,وادي السلوقي,1464,تولين,none,1,SAME_VILLAGE_OTHER_ACTION,قصف مدفعي,,,,
40282,sameralhajali,2026-10-05,2026-10-05 00:00:00+03:00,2026-10-05 23:58:21+03:00,الغارات التي نفذها الطيران الحربي المعادي,قصف وغارات,اطراف عيترون,77,عيترون,none,1,DUPLICATE_OF_NEWS,,,6ff4685b-5544-4fc8-986d-db868a0f7fe1,,59
40282,sameralhajali,2026-10-05,2026-10-05 00:00:00+03:00,2026-10-05 23:58:21+03:00,القصف المدفعي المعادي,قصف مدفعي,وادي السلوقي,1464,تولين,none,1,DUPLICATE_OF_NEWS,,,626b243d-2c83-4971-b3f7-a871036371ae,,140
40282,sameralhajali,2026-10-05,2026-10-05 00:00:00+03:00,2026-10-05 23:58:21+03:00,القصف المدفعي المعادي,قصف مدفعي,المنصوري,976,المنصوري,none,1,DUPLICATE_OF_NEWS,,,26339673-b73e-47c2-9e68-01b6206b6fdd,,397
40282,sameralhajali,2026-10-05,2026-10-05 00:00:00+03:00,2026-10-05 23:58:21+03:00,القصف المدفعي المعادي,قصف مدفعي,حداثا – حاريص,601,حداثا,between,1,DUPLICATE_OF_NEWS,,,e679f609-266c-49d6-8d7f-ca9a9323a8f8,,320
40282,sameralhajali,2026-10-05,2026-10-05 00:00:00+03:00,2026-10-05 23:58:21+03:00,القصف المدفعي المعادي,قصف مدفعي,النبطيه الفوقا,1153,نبطية الفوقا,none,1,DUPLICATE_OF_NEWS,,,ce4daa60-b340-45ce-8232-23061b3230fd,,1090
40282,sameralhajali,2026-10-05,2026-10-05 00:00:00+03:00,2026-10-05 23:58:21+03:00,القصف المدفعي المعادي,قذائف فوسفورية,مجدلزون مدفعي+فوسفوري,969,مجدل زون,none,1,SAME_VILLAGE_OTHER_ACTION,قنابل مضيئة وحارقة,,,,
40282,sameralhajali,2026-10-05,2026-10-05 00:00:00+03:00,2026-10-05 23:58:21+03:00,القصف المدفعي المعادي,قصف مدفعي,مجدلزون مدفعي+فوسفوري,969,مجدل زون,none,1,SAME_VILLAGE_OTHER_ACTION,قنابل مضيئة وحارقة,,,,
40282,sameralhajali,2026-10-05,2026-10-05 00:00:00+03:00,2026-10-05 23:58:21+03:00,القصف المدفعي المعادي,قصف مدفعي,اطراف برعشيت,207,برعشيت,none,1,DUPLICATE_OF_NEWS,,,391cc0c3-412d-4498-8c8d-5e968f9972e9,,136
40282,sameralhajali,2026-10-05,2026-10-05 00:00:00+03:00,2026-10-05 23:58:21+03:00,القصف المدفعي المعادي,قصف مدفعي,بيت ياحون,273,بيت ياحون,none,1,DUPLICATE_OF_NEWS,,,b875ad7a-cab8-4c6d-952a-a14a3c41cfce,,376
40282,sameralhajali,2026-10-05,2026-10-05 00:00:00+03:00,2026-10-05 23:58:21+03:00,القصف المدفعي المعادي,قصف مدفعي,وادي زبقين,1523,زبقين,none,1,DUPLICATE_OF_NEWS,,,0fb6a1f2-1143-4af4-a644-d8e52abf2036,,312
40282,sameralhajali,2026-10-05,2026-10-05 00:00:00+03:00,2026-10-05 23:58:21+03:00,القصف المدفعي المعادي,قصف مدفعي,زوطر الشرقيه,1519,زوطر الشرقية,none,1,DUPLICATE_OF_NEWS,,,8ec6e34a-10e3-4508-ae51-24f4e3ca4e10,,223
40282,sameralhajali,2026-10-05,2026-10-05 00:00:00+03:00,2026-10-05 23:58:21+03:00,التفجيرات التي نفذها العدو في البلدات الجنوبيه,تلغيم وتفجير,ارنون,176,أرنون,none,1,SAME_VILLAGE_OTHER_ACTION,قصف وغارات,,,,
40285,Janoubana,2026-10-05,2026-10-05 00:00:00+03:00,2026-10-06 00:00:00+03:00,الغارات من الطيران الحربي المعادي,قصف وغارات,وادي الحجير,1219,قبريخا,none,1,NOT_IN_INCIDENTS,NEWS_WRONG_VILLAGE,كفر تبنيت,,40127,
40285,Janoubana,2026-10-05,2026-10-05 00:00:00+03:00,2026-10-06 00:00:00+03:00,الغارات من الطيران الحربي المعادي,قصف وغارات,كفرتبنيت,857,كفر تبنيت,none,1,DUPLICATE_OF_NEWS,,,1099ee39-84ab-4e55-a40d-be59784403b2,,749
40285,Janoubana,2026-10-05,2026-10-05 00:00:00+03:00,2026-10-06 00:00:00+03:00,الغارات من الطيران الحربي المعادي,قصف وغارات,وادي السلوقي,1464,تولين,none,1,SAME_VILLAGE_OTHER_ACTION,قصف مدفعي,,,,
40285,Janoubana,2026-10-05,2026-10-05 00:00:00+03:00,2026-10-06 00:00:00+03:00,الغارات من الطيران الحربي المعادي,قصف وغارات,اطراف عيترون,77,عيترون,none,1,DUPLICATE_OF_NEWS,,,6ff4685b-5544-4fc8-986d-db868a0f7fe1,,122
40285,Janoubana,2026-10-05,2026-10-05 00:00:00+03:00,2026-10-06 00:00:00+03:00,القصف المدفعي المعادي,قصف مدفعي,وادي السلوقي,1464,تولين,none,1,DUPLICATE_OF_NEWS,,,626b243d-2c83-4971-b3f7-a871036371ae,,203
40285,Janoubana,2026-10-05,2026-10-05 00:00:00+03:00,2026-10-06 00:00:00+03:00,القصف المدفعي المعادي,قصف مدفعي,المنصوري,976,المنصوري,none,1,DUPLICATE_OF_NEWS,,,26339673-b73e-47c2-9e68-01b6206b6fdd,,461
40285,Janoubana,2026-10-05,2026-10-05 00:00:00+03:00,2026-10-06 00:00:00+03:00,القصف المدفعي المعادي,قصف مدفعي,حداثا – حاريص,601,حداثا,between,1,DUPLICATE_OF_NEWS,,,e679f609-266c-49d6-8d7f-ca9a9323a8f8,,383
40285,Janoubana,2026-10-05,2026-10-05 00:00:00+03:00,2026-10-06 00:00:00+03:00,القصف المدفعي المعادي,قصف مدفعي,النبطيه الفوقا,1153,نبطية الفوقا,none,1,DUPLICATE_OF_NEWS,,,ce4daa60-b340-45ce-8232-23061b3230fd,,1154
40285,Janoubana,2026-10-05,2026-10-05 00:00:00+03:00,2026-10-06 00:00:00+03:00,القصف المدفعي المعادي,قذائف فوسفورية,مجدلزون مدفعي+فوسفوري,969,مجدل زون,none,1,SAME_VILLAGE_OTHER_ACTION,قنابل مضيئة وحارقة,,,,
40285,Janoubana,2026-10-05,2026-10-05 00:00:00+03:00,2026-10-06 00:00:00+03:00,القصف المدفعي المعادي,قصف مدفعي,مجدلزون مدفعي+فوسفوري,969,مجدل زون,none,1,SAME_VILLAGE_OTHER_ACTION,قنابل مضيئة وحارقة,,,,
40285,Janoubana,2026-10-05,2026-10-05 00:00:00+03:00,2026-10-06 00:00:00+03:00,القصف المدفعي المعادي,قصف مدفعي,اطراف برعشيت,207,برعشيت,none,1,DUPLICATE_OF_NEWS,,,391cc0c3-412d-4498-8c8d-5e968f9972e9,,199
40285,Janoubana,2026-10-05,2026-10-05 00:00:00+03:00,2026-10-06 00:00:00+03:00,القصف المدفعي المعادي,قصف مدفعي,بيت ياحون,273,بيت ياحون,none,1,DUPLICATE_OF_NEWS,,,b875ad7a-cab8-4c6d-952a-a14a3c41cfce,,440
40285,Janoubana,2026-10-05,2026-10-05 00:00:00+03:00,2026-10-06 00:00:00+03:00,القصف المدفعي المعادي,قصف مدفعي,وادي زبقين,1523,زبقين,none,1,DUPLICATE_OF_NEWS,,,0fb6a1f2-1143-4af4-a644-d8e52abf2036,,376
40285,Janoubana,2026-10-05,2026-10-05 00:00:00+03:00,2026-10-06 00:00:00+03:00,القصف المدفعي المعادي,قصف مدفعي,زوطر الشرقيه,1519,زوطر الشرقية,none,1,DUPLICATE_OF_NEWS,,,8ec6e34a-10e3-4508-ae51-24f4e3ca4e10,,286
40285,Janoubana,2026-10-05,2026-10-05 00:00:00+03:00,2026-10-06 00:00:00+03:00,التفجيرات التي نفذها العدو,تلغيم وتفجير,ارنون,176,أرنون,none,1,SAME_VILLAGE_OTHER_ACTION,قصف وغارات,,,,
40459,alichoeib1970,2026-10-06,2026-10-06 00:00:00+03:00,2026-10-07 00:00:00+03:00,الغارات التي نفذها الطيران الحربي المعادي,قصف وغارات,وادي السلوقي,1464,تولين,none,1,NOT_IN_INCIDENTS,NEWS_FAILED,error,,40448;40446,
40459,alichoeib1970,2026-10-06,2026-10-06 00:00:00+03:00,2026-10-07 00:00:00+03:00,القصف المدفعي المعادي,قصف مدفعي,وادي السلوقي,1464,تولين,none,1,NOT_IN_INCIDENTS,NEWS_FAILED,error,,40448;40446,
40459,alichoeib1970,2026-10-06,2026-10-06 00:00:00+03:00,2026-10-07 00:00:00+03:00,القصف المدفعي المعادي,قصف مدفعي,المنصوري,976,المنصوري,none,1,SAME_VILLAGE_OTHER_ACTION,قصف وغارات,,,,
40459,alichoeib1970,2026-10-06,2026-10-06 00:00:00+03:00,2026-10-07 00:00:00+03:00,القصف المدفعي المعادي,قصف مدفعي,كونين,919,كونين,none,1,DUPLICATE_OF_NEWS,,,648e50ef-cfd0-47a4-9e04-64562801206d,,502
40459,alichoeib1970,2026-10-06,2026-10-06 00:00:00+03:00,2026-10-07 00:00:00+03:00,القصف المدفعي المعادي,قصف مدفعي,عيناثا,144,عيناتا بنت جبيل,none,1,DUPLICATE_OF_NEWS,,,baa91543-4aab-4e5b-8ebe-3e620fa1c9f1,,502
40459,alichoeib1970,2026-10-06,2026-10-06 00:00:00+03:00,2026-10-07 00:00:00+03:00,القصف المدفعي المعادي,قصف مدفعي,حولا,701,حولا,none,1,DUPLICATE_OF_NEWS,,,05e6492e-d636-45ae-8c3a-d7e1804c1302,,-6
40459,alichoeib1970,2026-10-06,2026-10-06 00:00:00+03:00,2026-10-07 00:00:00+03:00,القصف المدفعي المعادي,قصف مدفعي,اطراف ميفدون,1003,ميفدون,none,1,NOT_IN_INCIDENTS,NEWS_NEVER_ARRIVED,,,,
40459,alichoeib1970,2026-10-06,2026-10-06 00:00:00+03:00,2026-10-07 00:00:00+03:00,القصف المدفعي المعادي,قصف مدفعي,وادي زبقين,1523,زبقين,none,1,NOT_IN_INCIDENTS,NEWS_NEVER_ARRIVED,,,,
40459,alichoeib1970,2026-10-06,2026-10-06 00:00:00+03:00,2026-10-07 00:00:00+03:00,القصف المدفعي المعادي,قصف مدفعي,النبطيه الفوقا,1153,نبطية الفوقا,none,1,NOT_IN_INCIDENTS,NEWS_NEVER_ARRIVED,,,,
40459,alichoeib1970,2026-10-06,2026-10-06 00:00:00+03:00,2026-10-07 00:00:00+03:00,القصف المدفعي المعادي,قصف مدفعي,ميس الجبل,1079,ميس الجبل,none,1,NOT_IN_INCIDENTS,NEWS_NEVER_ARRIVED,,,,
40459,alichoeib1970,2026-10-06,2026-10-06 00:00:00+03:00,2026-10-07 00:00:00+03:00,القصف المدفعي المعادي,قصف مدفعي,بيت ياحون,273,بيت ياحون,none,1,NOT_IN_INCIDENTS,NEWS_NEVER_ARRIVED,,,,
40459,alichoeib1970,2026-10-06,2026-10-06 00:00:00+03:00,2026-10-07 00:00:00+03:00,القصف المدفعي المعادي,قصف مدفعي,الخيام,901,الخيام,none,1,NOT_IN_INCIDENTS,NEWS_NEVER_ARRIVED,,,,
40459,alichoeib1970,2026-10-06,2026-10-06 00:00:00+03:00,2026-10-07 00:00:00+03:00,التفجيرات التي نفذها العدو في البلدات الجنوبيه,تلغيم وتفجير,القنطره,1228,قنطرة,none,1,DUPLICATE_OF_NEWS,,,c549513c-2f79-4062-8b88-daceb385dee3,,332
40459,alichoeib1970,2026-10-06,2026-10-06 00:00:00+03:00,2026-10-07 00:00:00+03:00,القنابل الصوتيه,قنابل صوتية,حاريص,650,حاريص,none,1,NOT_IN_INCIDENTS,NEWS_NEVER_ARRIVED,,,,
40459,alichoeib1970,2026-10-06,2026-10-06 00:00:00+03:00,2026-10-07 00:00:00+03:00,القنابل المضيئه,قنابل مضيئة وحارقة,شبعا,418,شبعا,none,1,SAME_VILLAGE_OTHER_ACTION,غير مصنف / بحاجة إلى مراجعة,,,,
40463,nabatiehchannel,2026-10-06,2026-10-06 00:00:00+03:00,2026-10-07 00:00:00+03:00,الغارات التي نفذها الطيران الحربي المعادي,قصف وغارات,وادي السلوقي,1464,تولين,none,1,NOT_IN_INCIDENTS,NEWS_FAILED,error,,40448;40446,
40463,nabatiehchannel,2026-10-06,2026-10-06 00:00:00+03:00,2026-10-07 00:00:00+03:00,القصف المدفعي المعادي,قصف مدفعي,وادي السلوقي,1464,تولين,none,1,NOT_IN_INCIDENTS,NEWS_FAILED,error,,40448;40446,
40463,nabatiehchannel,2026-10-06,2026-10-06 00:00:00+03:00,2026-10-07 00:00:00+03:00,القصف المدفعي المعادي,قصف مدفعي,المنصوري,976,المنصوري,none,1,SAME_VILLAGE_OTHER_ACTION,قصف وغارات,,,,
40463,nabatiehchannel,2026-10-06,2026-10-06 00:00:00+03:00,2026-10-07 00:00:00+03:00,القصف المدفعي المعادي,قصف مدفعي,كونين,919,كونين,none,1,DUPLICATE_OF_NEWS,,,648e50ef-cfd0-47a4-9e04-64562801206d,,506
40463,nabatiehchannel,2026-10-06,2026-10-06 00:00:00+03:00,2026-10-07 00:00:00+03:00,القصف المدفعي المعادي,قصف مدفعي,عيناثا,144,عيناتا بنت جبيل,none,1,DUPLICATE_OF_NEWS,,,baa91543-4aab-4e5b-8ebe-3e620fa1c9f1,,506
40463,nabatiehchannel,2026-10-06,2026-10-06 00:00:00+03:00,2026-10-07 00:00:00+03:00,القصف المدفعي المعادي,قصف مدفعي,حولا,701,حولا,none,1,DUPLICATE_OF_NEWS,,,05e6492e-d636-45ae-8c3a-d7e1804c1302,,-2
40463,nabatiehchannel,2026-10-06,2026-10-06 00:00:00+03:00,2026-10-07 00:00:00+03:00,القصف المدفعي المعادي,قصف مدفعي,اطراف ميفدون,1003,ميفدون,none,1,NOT_IN_INCIDENTS,NEWS_NEVER_ARRIVED,,,,
40463,nabatiehchannel,2026-10-06,2026-10-06 00:00:00+03:00,2026-10-07 00:00:00+03:00,القصف المدفعي المعادي,قصف مدفعي,وادي زبقين,1523,زبقين,none,1,NOT_IN_INCIDENTS,NEWS_NEVER_ARRIVED,,,,
40463,nabatiehchannel,2026-10-06,2026-10-06 00:00:00+03:00,2026-10-07 00:00:00+03:00,القصف المدفعي المعادي,قصف مدفعي,النبطيه الفوقا,1153,نبطية الفوقا,none,1,NOT_IN_INCIDENTS,NEWS_NEVER_ARRIVED,,,,
40463,nabatiehchannel,2026-10-06,2026-10-06 00:00:00+03:00,2026-10-07 00:00:00+03:00,القصف المدفعي المعادي,قصف مدفعي,ميس الجبل,1079,ميس الجبل,none,1,NOT_IN_INCIDENTS,NEWS_NEVER_ARRIVED,,,,
40463,nabatiehchannel,2026-10-06,2026-10-06 00:00:00+03:00,2026-10-07 00:00:00+03:00,القصف المدفعي المعادي,قصف مدفعي,بيت ياحون,273,بيت ياحون,none,1,NOT_IN_INCIDENTS,NEWS_NEVER_ARRIVED,,,,
40463,nabatiehchannel,2026-10-06,2026-10-06 00:00:00+03:00,2026-10-07 00:00:00+03:00,القصف المدفعي المعادي,قصف مدفعي,الخيام,901,الخيام,none,1,NOT_IN_INCIDENTS,NEWS_NEVER_ARRIVED,,,,
40463,nabatiehchannel,2026-10-06,2026-10-06 00:00:00+03:00,2026-10-07 00:00:00+03:00,التفجيرات التي نفذها العدو في البلدات الجنوبيه,تلغيم وتفجير,القنطره,1228,قنطرة,none,1,DUPLICATE_OF_NEWS,,,c549513c-2f79-4062-8b88-daceb385dee3,,335
40463,nabatiehchannel,2026-10-06,2026-10-06 00:00:00+03:00,2026-10-07 00:00:00+03:00,القنابل الصوتيه,قنابل صوتية,حاريص,650,حاريص,none,1,NOT_IN_INCIDENTS,NEWS_NEVER_ARRIVED,,,,
40463,nabatiehchannel,2026-10-06,2026-10-06 00:00:00+03:00,2026-10-07 00:00:00+03:00,القنابل المضيئه,قنابل مضيئة وحارقة,شبعا,418,شبعا,none,1,SAME_VILLAGE_OTHER_ACTION,غير مصنف / بحاجة إلى مراجعة,,,,
40467,mehwaralmokawma,2026-10-06,2026-10-06 00:00:00+03:00,2026-10-07 00:00:00+03:00,الغارات التي نفذها الطيران الحربي المعادي,قصف وغارات,وادي السلوقي,1464,تولين,none,1,NOT_IN_INCIDENTS,NEWS_FAILED,error,,40448;40446,
40467,mehwaralmokawma,2026-10-06,2026-10-06 00:00:00+03:00,2026-10-07 00:00:00+03:00,القصف المدفعي المعادي,قصف مدفعي,وادي السلوقي,1464,تولين,none,1,NOT_IN_INCIDENTS,NEWS_FAILED,error,,40448;40446,
40467,mehwaralmokawma,2026-10-06,2026-10-06 00:00:00+03:00,2026-10-07 00:00:00+03:00,القصف المدفعي المعادي,قصف مدفعي,المنصوري,976,المنصوري,none,1,SAME_VILLAGE_OTHER_ACTION,قصف وغارات,,,,
40467,mehwaralmokawma,2026-10-06,2026-10-06 00:00:00+03:00,2026-10-07 00:00:00+03:00,القصف المدفعي المعادي,قصف مدفعي,كونين,919,كونين,none,1,DUPLICATE_OF_NEWS,,,648e50ef-cfd0-47a4-9e04-64562801206d,,519
40467,mehwaralmokawma,2026-10-06,2026-10-06 00:00:00+03:00,2026-10-07 00:00:00+03:00,القصف المدفعي المعادي,قصف مدفعي,عيناثا,144,عيناتا بنت جبيل,none,1,DUPLICATE_OF_NEWS,,,baa91543-4aab-4e5b-8ebe-3e620fa1c9f1,,519
40467,mehwaralmokawma,2026-10-06,2026-10-06 00:00:00+03:00,2026-10-07 00:00:00+03:00,القصف المدفعي المعادي,قصف مدفعي,حولا,701,حولا,none,1,DUPLICATE_OF_NEWS,,,05e6492e-d636-45ae-8c3a-d7e1804c1302,,11
40467,mehwaralmokawma,2026-10-06,2026-10-06 00:00:00+03:00,2026-10-07 00:00:00+03:00,القصف المدفعي المعادي,قصف مدفعي,اطراف ميفدون,1003,ميفدون,none,1,NOT_IN_INCIDENTS,NEWS_NEVER_ARRIVED,,,,
40467,mehwaralmokawma,2026-10-06,2026-10-06 00:00:00+03:00,2026-10-07 00:00:00+03:00,القصف المدفعي المعادي,قصف مدفعي,وادي زبقين,1523,زبقين,none,1,NOT_IN_INCIDENTS,NEWS_NEVER_ARRIVED,,,,
40467,mehwaralmokawma,2026-10-06,2026-10-06 00:00:00+03:00,2026-10-07 00:00:00+03:00,القصف المدفعي المعادي,قصف مدفعي,النبطيه الفوقا,1153,نبطية الفوقا,none,1,NOT_IN_INCIDENTS,NEWS_NEVER_ARRIVED,,,,
40467,mehwaralmokawma,2026-10-06,2026-10-06 00:00:00+03:00,2026-10-07 00:00:00+03:00,القصف المدفعي المعادي,قصف مدفعي,ميس الجبل,1079,ميس الجبل,none,1,NOT_IN_INCIDENTS,NEWS_NEVER_ARRIVED,,,,
40467,mehwaralmokawma,2026-10-06,2026-10-06 00:00:00+03:00,2026-10-07 00:00:00+03:00,القصف المدفعي المعادي,قصف مدفعي,بيت ياحون,273,بيت ياحون,none,1,NOT_IN_INCIDENTS,NEWS_NEVER_ARRIVED,,,,
40467,mehwaralmokawma,2026-10-06,2026-10-06 00:00:00+03:00,2026-10-07 00:00:00+03:00,القصف المدفعي المعادي,قصف مدفعي,الخيام,901,الخيام,none,1,NOT_IN_INCIDENTS,NEWS_NEVER_ARRIVED,,,,
40467,mehwaralmokawma,2026-10-06,2026-10-06 00:00:00+03:00,2026-10-07 00:00:00+03:00,التفجيرات التي نفذها العدو في البلدات الجنوبيه,تلغيم وتفجير,القنطره,1228,قنطرة,none,1,DUPLICATE_OF_NEWS,,,c549513c-2f79-4062-8b88-daceb385dee3,,348
40467,mehwaralmokawma,2026-10-06,2026-10-06 00:00:00+03:00,2026-10-07 00:00:00+03:00,القنابل الصوتيه,قنابل صوتية,حاريص,650,حاريص,none,1,NOT_IN_INCIDENTS,NEWS_NEVER_ARRIVED,,,,
40467,mehwaralmokawma,2026-10-06,2026-10-06 00:00:00+03:00,2026-10-07 00:00:00+03:00,القنابل المضيئه,قنابل مضيئة وحارقة,شبعا,418,شبعا,none,1,SAME_VILLAGE_OTHER_ACTION,غير مصنف / بحاجة إلى مراجعة,,,,
41092,alichoeib1970,2026-10-07,2026-10-07 00:00:00+03:00,2026-10-07 23:57:19+03:00,الغارات التي نفذها الطيران الحربي المعادي,قصف وغارات,وادي السلوقي,1464,تولين,none,1,SAME_VILLAGE_OTHER_ACTION,قصف مدفعي,,,,
41092,alichoeib1970,2026-10-07,2026-10-07 00:00:00+03:00,2026-10-07 23:57:19+03:00,الغارات التي نفذها الطيران الحربي المعادي,قصف وغارات,المنصوري,976,المنصوري,none,1,DUPLICATE_OF_NEWS,,,2032ce9e-ef85-4a60-a2c1-45ab361e285b,,128
41092,alichoeib1970,2026-10-07,2026-10-07 00:00:00+03:00,2026-10-07 23:57:19+03:00,الغارات التي نفذها الطيران الحربي المعادي,قصف وغارات,النبطيه الفوقا,1153,نبطية الفوقا,none,1,SAME_VILLAGE_OTHER_ACTION,قصف مدفعي,,,,
41092,alichoeib1970,2026-10-07,2026-10-07 00:00:00+03:00,2026-10-07 23:57:19+03:00,القصف المدفعي المعادي,قصف مدفعي,حداثا,601,حداثا,none,1,SAME_VILLAGE_OTHER_ACTION,قصف وغارات,,,,
41092,alichoeib1970,2026-10-07,2026-10-07 00:00:00+03:00,2026-10-07 23:57:19+03:00,القصف المدفعي المعادي,قصف مدفعي,برعشيت,207,برعشيت,none,1,DUPLICATE_OF_NEWS,,,aec77acb-8f74-45d2-8c80-1313b83a85d4,,614
41092,alichoeib1970,2026-10-07,2026-10-07 00:00:00+03:00,2026-10-07 23:57:19+03:00,القصف المدفعي المعادي,قصف مدفعي,بيت ياحون,273,بيت ياحون,none,1,NOT_IN_INCIDENTS,NEWS_REJECTED,unspecified,,40493,
41092,alichoeib1970,2026-10-07,2026-10-07 00:00:00+03:00,2026-10-07 23:57:19+03:00,القصف المدفعي المعادي,قصف مدفعي,المنصوري,976,المنصوري,none,1,DUPLICATE_OF_NEWS,,,c920e8b4-c01f-49ac-90b7-579b3f34e7e1,,312
41092,alichoeib1970,2026-10-07,2026-10-07 00:00:00+03:00,2026-10-07 23:57:19+03:00,القصف المدفعي المعادي,قصف مدفعي,كفرتبنيت,857,كفر تبنيت,none,1,DUPLICATE_OF_NEWS,,,82ab9fa7-27e1-4138-8d65-4d18b247c359;3b67db6b-3980-4992-882e-4ddcf565ff6a,,248
41092,alichoeib1970,2026-10-07,2026-10-07 00:00:00+03:00,2026-10-07 23:57:19+03:00,القصف المدفعي المعادي,قصف مدفعي,حرش كونين,919,كونين,none,1,SAME_VILLAGE_OTHER_ACTION,قصف وغارات,,,,
41092,alichoeib1970,2026-10-07,2026-10-07 00:00:00+03:00,2026-10-07 23:57:19+03:00,القصف المدفعي المعادي,قصف مدفعي,الخيام,901,الخيام,none,1,DUPLICATE_OF_NEWS,,,94711e42-c0fb-4b1a-a422-f381e08958f1,,402
41092,alichoeib1970,2026-10-07,2026-10-07 00:00:00+03:00,2026-10-07 23:57:19+03:00,القصف المدفعي المعادي,قصف مدفعي,وادي السلوقي,1464,تولين,none,1,DUPLICATE_OF_NEWS,,,76814287-2a54-46cc-946d-bc04e94a9f07,,311
41092,alichoeib1970,2026-10-07,2026-10-07 00:00:00+03:00,2026-10-07 23:57:19+03:00,القصف المدفعي المعادي,قصف مدفعي,كفرشوبا,813,كفر شوبا,none,1,DUPLICATE_OF_NEWS,,,9a16e63c-d96f-4559-a936-ed6d005706d1;e36d1b90-4082-44d5-b08d-2ff96d21eb6f,,248
41092,alichoeib1970,2026-10-07,2026-10-07 00:00:00+03:00,2026-10-07 23:57:19+03:00,القصف المدفعي المعادي,قصف مدفعي,المجيديه,970,مجيدية حاصبيا,none,1,DUPLICATE_OF_NEWS,,,a4203f44-29fe-471d-ba07-8fe6a1432734,,311
41092,alichoeib1970,2026-10-07,2026-10-07 00:00:00+03:00,2026-10-07 23:57:19+03:00,القصف المدفعي المعادي,قصف مدفعي,النبطيه الفوقا,1153,نبطية الفوقا,none,1,DUPLICATE_OF_NEWS,,,26c17e44-8e10-4b69-8e19-3b08d56bb724,,760
41092,alichoeib1970,2026-10-07,2026-10-07 00:00:00+03:00,2026-10-07 23:57:19+03:00,القصف المدفعي المعادي,قصف مدفعي,حاريص,650,حاريص,none,1,SAME_VILLAGE_OTHER_ACTION,عملية تمشيط,,,,
41092,alichoeib1970,2026-10-07,2026-10-07 00:00:00+03:00,2026-10-07 23:57:19+03:00,القصف المدفعي المعادي,قصف مدفعي,الدبشه,851,كفر رمان,none,1,DUPLICATE_OF_NEWS,,,710aa8a6-d9db-4752-ab76-f5b4adf4eb44,,96
41092,alichoeib1970,2026-10-07,2026-10-07 00:00:00+03:00,2026-10-07 23:57:19+03:00,القصف المدفعي المعادي,قصف مدفعي,وادي زبقين,1523,زبقين,none,1,SAME_VILLAGE_OTHER_ACTION,قصف وغارات,,,,
41092,alichoeib1970,2026-10-07,2026-10-07 00:00:00+03:00,2026-10-07 23:57:19+03:00,التفجيرات التي نفذها العدو في البلدات الجنوبيه,تلغيم وتفجير,المنصوري,976,المنصوري,none,1,SAME_VILLAGE_OTHER_ACTION,قصف مدفعي; قصف وغارات,,,,
41091,nabatiehchannel; sameralhajali,2026-10-07,2026-10-07 00:00:00+03:00,2026-10-07 23:57:40+03:00,الغارات التي نفذها الطيران الحربي المعادي,قصف وغارات,وادي السلوقي,1464,تولين,none,1,SAME_VILLAGE_OTHER_ACTION,قصف مدفعي,,,,
41091,nabatiehchannel; sameralhajali,2026-10-07,2026-10-07 00:00:00+03:00,2026-10-07 23:57:40+03:00,الغارات التي نفذها الطيران الحربي المعادي,قصف وغارات,المنصوري,976,المنصوري,none,1,DUPLICATE_OF_NEWS,,,2032ce9e-ef85-4a60-a2c1-45ab361e285b,,128
41091,nabatiehchannel; sameralhajali,2026-10-07,2026-10-07 00:00:00+03:00,2026-10-07 23:57:40+03:00,الغارات التي نفذها الطيران الحربي المعادي,قصف وغارات,النبطيه الفوقا,1153,نبطية الفوقا,none,1,SAME_VILLAGE_OTHER_ACTION,قصف مدفعي,,,,
41091,nabatiehchannel; sameralhajali,2026-10-07,2026-10-07 00:00:00+03:00,2026-10-07 23:57:40+03:00,القصف المدفعي المعادي,قصف مدفعي,حداثا,601,حداثا,none,1,SAME_VILLAGE_OTHER_ACTION,قصف وغارات,,,,
41091,nabatiehchannel; sameralhajali,2026-10-07,2026-10-07 00:00:00+03:00,2026-10-07 23:57:40+03:00,القصف المدفعي المعادي,قصف مدفعي,برعشيت,207,برعشيت,none,1,DUPLICATE_OF_NEWS,,,aec77acb-8f74-45d2-8c80-1313b83a85d4,,614
41091,nabatiehchannel; sameralhajali,2026-10-07,2026-10-07 00:00:00+03:00,2026-10-07 23:57:40+03:00,القصف المدفعي المعادي,قصف مدفعي,بيت ياحون,273,بيت ياحون,none,1,NOT_IN_INCIDENTS,NEWS_REJECTED,unspecified,,40493,
41091,nabatiehchannel; sameralhajali,2026-10-07,2026-10-07 00:00:00+03:00,2026-10-07 23:57:40+03:00,القصف المدفعي المعادي,قصف مدفعي,المنصوري,976,المنصوري,none,1,DUPLICATE_OF_NEWS,,,c920e8b4-c01f-49ac-90b7-579b3f34e7e1,,313
41091,nabatiehchannel; sameralhajali,2026-10-07,2026-10-07 00:00:00+03:00,2026-10-07 23:57:40+03:00,القصف المدفعي المعادي,قصف مدفعي,كفرتبنيت,857,كفر تبنيت,none,1,DUPLICATE_OF_NEWS,,,82ab9fa7-27e1-4138-8d65-4d18b247c359;3b67db6b-3980-4992-882e-4ddcf565ff6a,,249
41091,nabatiehchannel; sameralhajali,2026-10-07,2026-10-07 00:00:00+03:00,2026-10-07 23:57:40+03:00,القصف المدفعي المعادي,قصف مدفعي,حرش كونين,919,كونين,none,1,SAME_VILLAGE_OTHER_ACTION,قصف وغارات,,,,
41091,nabatiehchannel; sameralhajali,2026-10-07,2026-10-07 00:00:00+03:00,2026-10-07 23:57:40+03:00,القصف المدفعي المعادي,قصف مدفعي,الخيام,901,الخيام,none,1,DUPLICATE_OF_NEWS,,,94711e42-c0fb-4b1a-a422-f381e08958f1,,402
41091,nabatiehchannel; sameralhajali,2026-10-07,2026-10-07 00:00:00+03:00,2026-10-07 23:57:40+03:00,القصف المدفعي المعادي,قصف مدفعي,وادي السلوقي,1464,تولين,none,1,DUPLICATE_OF_NEWS,,,76814287-2a54-46cc-946d-bc04e94a9f07,,311
41091,nabatiehchannel; sameralhajali,2026-10-07,2026-10-07 00:00:00+03:00,2026-10-07 23:57:40+03:00,القصف المدفعي المعادي,قصف مدفعي,كفرشوبا,813,كفر شوبا,none,1,DUPLICATE_OF_NEWS,,,9a16e63c-d96f-4559-a936-ed6d005706d1;e36d1b90-4082-44d5-b08d-2ff96d21eb6f,,249
41091,nabatiehchannel; sameralhajali,2026-10-07,2026-10-07 00:00:00+03:00,2026-10-07 23:57:40+03:00,القصف المدفعي المعادي,قصف مدفعي,المجيديه,970,مجيدية حاصبيا,none,1,DUPLICATE_OF_NEWS,,,a4203f44-29fe-471d-ba07-8fe6a1432734,,311
41091,nabatiehchannel; sameralhajali,2026-10-07,2026-10-07 00:00:00+03:00,2026-10-07 23:57:40+03:00,القصف المدفعي المعادي,قصف مدفعي,النبطيه الفوقا,1153,نبطية الفوقا,none,1,DUPLICATE_OF_NEWS,,,26c17e44-8e10-4b69-8e19-3b08d56bb724,,760
41091,nabatiehchannel; sameralhajali,2026-10-07,2026-10-07 00:00:00+03:00,2026-10-07 23:57:40+03:00,القصف المدفعي المعادي,قصف مدفعي,حاريص,650,حاريص,none,1,SAME_VILLAGE_OTHER_ACTION,عملية تمشيط,,,,
41091,nabatiehchannel; sameralhajali,2026-10-07,2026-10-07 00:00:00+03:00,2026-10-07 23:57:40+03:00,القصف المدفعي المعادي,قصف مدفعي,الدبشه,851,كفر رمان,none,1,DUPLICATE_OF_NEWS,,,710aa8a6-d9db-4752-ab76-f5b4adf4eb44,,96
41091,nabatiehchannel; sameralhajali,2026-10-07,2026-10-07 00:00:00+03:00,2026-10-07 23:57:40+03:00,القصف المدفعي المعادي,قصف مدفعي,وادي زبقين,1523,زبقين,none,1,SAME_VILLAGE_OTHER_ACTION,قصف وغارات,,,,
41091,nabatiehchannel; sameralhajali,2026-10-07,2026-10-07 00:00:00+03:00,2026-10-07 23:57:40+03:00,التفجيرات التي نفذها العدو في البلدات الجنوبيه,تلغيم وتفجير,المنصوري,976,المنصوري,none,1,SAME_VILLAGE_OTHER_ACTION,قصف مدفعي; قصف وغارات,,,,
